id,priority,level,file,index,word,wordType,article,articleStatus,plural,pluralStatus,flags,reviewerPrompt,meaningVi,meaningDe,exampleSentence1,reviewerVerdict,reviewerNotes
"content/c1/vocabulary/03-bioethik-gentechnik.json#words[15]","P1","C1","content/c1/vocabulary/03-bioethik-gentechnik.json","15","Genom-Editierung","NOMEN","FEMININ","","","not_applicable_or_needs_review","plural_morphology_pending","Confirm plural form or mark the noun as normally singular-only/uncountable.","chỉnh sửa bộ gen","die gezielte Veränderung von DNA-Abschnitten in einem Organismus","Die Genom-Editierung mittels CRISPR/Cas9-Technologie eröffnet revolutionäre Möglichkeiten zur Heilung genetisch bedingter Krankheiten.","",""
"content/c1/vocabulary/04-urbanisierung-raumplanung.json#words[37]","P1","C1","content/c1/vocabulary/04-urbanisierung-raumplanung.json","37","Nutzungsdruck","NOMEN","MASKULIN","","","not_applicable_or_needs_review","plural_morphology_pending","Confirm plural form or mark the noun as normally singular-only/uncountable.","áp lực sử dụng","Hohe Nachfrage nach der Nutzung von begrenztem Raum","Aufgrund des Bevölkerungswachstums und der wirtschaftlichen Entwicklung steigt der Nutzungsdruck auf die begrenzten Flächen im urbanen Raum.","",""
"content/c1/vocabulary/21-voelkerrecht-souveraenitaet.json#words[5]","P1","C1","content/c1/vocabulary/21-voelkerrecht-souveraenitaet.json","5","Nicht-Einmischung","NOMEN","FEMININ","","","not_applicable_or_needs_review","plural_morphology_pending","Confirm plural form or mark the noun as normally singular-only/uncountable.","Không can thiệp","Der völkerrechtliche Grundsatz, dass Staaten die inneren Angelegenheiten anderer Staaten respektieren und nicht beeinflussen dürfen.","Das Prinzip der Nicht-Einmischung in die inneren Angelegenheiten souveräner Staaten ist ein Eckpfeiler der UN-Charta.","",""
"content/c1/vocabulary/24-justizwesen-strafvollzug.json#words[8]","P1","C1","content/c1/vocabulary/24-justizwesen-strafvollzug.json","8","Präventivhaft","NOMEN","FEMININ","","","not_applicable_or_needs_review","plural_morphology_pending","Confirm plural form or mark the noun as normally singular-only/uncountable.","Tạm giam phòng ngừa","die Inhaftierung einer Person, um eine Straftat zu verhindern","Die Verhängung von Präventivhaft ist ein kontroverses Thema, da sie die Freiheit einer Person ohne vorherige Verurteilung einschränkt.","",""
"content/c1/vocabulary/31-kuenstliche-intelligenz-ml.json#words[15]","P1","C1","content/c1/vocabulary/31-kuenstliche-intelligenz-ml.json","15","maschinelles Lernen","NOMEN","NEUTRUM","","","not_applicable_or_needs_review","example_lexeme_presence_needs_review;plural_morphology_pending","Confirm plural form or mark the noun as normally singular-only/uncountable. Check that examples clearly demonstrate the target lexeme or an acceptable inflected form.","học máy","Ein Teilbereich der Informatik, bei dem Systeme Muster in Daten erkennen und daraus eigenständig lernen.","Das maschinelle Lernen hat die Art und Weise, wie wir Daten analysieren und interpretieren, revolutioniert.","",""
"content/c1/vocabulary/35-urbanisierung-smart-city.json#words[14]","P1","C1","content/c1/vocabulary/35-urbanisierung-smart-city.json","14","Datenmanagement","NOMEN","NEUTRUM","","","not_applicable_or_needs_review","plural_morphology_pending","Confirm plural form or mark the noun as normally singular-only/uncountable.","Quản lý dữ liệu","Die organisierte Verwaltung und Nutzung von digitalen Informationen.","Ein effektives Datenmanagement ist entscheidend, um die riesigen Datenmengen, die in einer Smart City generiert werden, sinnvoll zu nutzen und zu schützen.","",""
"content/c1/vocabulary/52-sicherheitspolitik-nato.json#words[14]","P1","C1","content/c1/vocabulary/52-sicherheitspolitik-nato.json","14","Proliferation","NOMEN","FEMININ","","","not_applicable_or_needs_review","plural_morphology_pending","Confirm plural form or mark the noun as normally singular-only/uncountable.","sự phổ biến, sự tăng nhanh (ví dụ: vũ khí)","Die schnelle Ausbreitung oder Vermehrung, besonders von Kernwaffen","Die Nichtverbreitung und die Eindämmung der Proliferation von Atomwaffen sind zentrale Anliegen der internationalen Sicherheitspolitik.","",""
"content/c1/vocabulary/54-flucht-asylrecht.json#words[12]","P1","C1","content/c1/vocabulary/54-flucht-asylrecht.json","12","Fluchtursachen","NOMEN","FEMININ","","","not_applicable_or_needs_review","plural_morphology_pending","Confirm plural form or mark the noun as normally singular-only/uncountable.","Nguyên nhân chạy trốn/di cư","Die Gründe, warum Menschen ihre Heimat verlassen müssen.","Die langfristige Lösung der Flüchtlingskrise erfordert eine konsequente Bekämpfung der Fluchtursachen in den Herkunftsländern.","",""
"content/c1/vocabulary/58-cybersicherheit-cyberkrieg.json#words[6]","P1","C1","content/c1/vocabulary/58-cybersicherheit-cyberkrieg.json","6","Datenhoheit","NOMEN","FEMININ","","","not_applicable_or_needs_review","plural_morphology_pending","Confirm plural form or mark the noun as normally singular-only/uncountable.","Chủ quyền dữ liệu","Die volle Kontrolle und Entscheidungsgewalt über die eigenen Daten.","Die Debatte über die Datenhoheit wird immer wichtiger, insbesondere im Kontext grenzüberschreitender Datenflüsse und Cloud-Dienste.","",""
"content/c1/vocabulary/61-forensik-kriminalistik.json#words[14]","P1","C1","content/c1/vocabulary/61-forensik-kriminalistik.json","14","Kriminalitätsprävention","NOMEN","FEMININ","","","not_applicable_or_needs_review","plural_morphology_pending","Confirm plural form or mark the noun as normally singular-only/uncountable.","phòng ngừa tội phạm","Maßnahmen, die dazu dienen, Straftaten im Vorfeld zu verhindern.","Investitionen in die Kriminalitätsprävention sind langfristig effektiver als reine Strafverfolgung.","",""
"content/c1/vocabulary/72-verhaltensforschung.json#words[13]","P1","C1","content/c1/vocabulary/72-verhaltensforschung.json","13","Forschungsethik","NOMEN","FEMININ","","","not_applicable_or_needs_review","plural_morphology_pending","Confirm plural form or mark the noun as normally singular-only/uncountable.","đạo đức nghiên cứu","Die Gesamtheit der moralischen Regeln, die bei wissenschaftlichen Untersuchungen gelten.","Die Einhaltung der Forschungsethik ist in der Verhaltensforschung von größter Bedeutung, besonders bei Tierversuchen.","",""
"content/c1/vocabulary/74-qualitaetsmanagement.json#words[11]","P1","C1","content/c1/vocabulary/74-qualitaetsmanagement.json","11","Rückverfolgbarkeit","NOMEN","FEMININ","","","not_applicable_or_needs_review","plural_morphology_pending","Confirm plural form or mark the noun as normally singular-only/uncountable.","Khả năng truy xuất nguồn gốc","Die Fähigkeit, den gesamten Entstehungsweg eines Produkts anhand von Dokumenten lückenlos nachzuweisen.","Die vollständige Rückverfolgbarkeit der Produkte ist im Lebensmittelbereich gesetzlich vorgeschrieben.","",""
"content/c1/vocabulary/75-steuerberatung.json#words[9]","P1","C1","content/c1/vocabulary/75-steuerberatung.json","9","Due Diligence","NOMEN","FEMININ","","","not_applicable_or_needs_review","plural_morphology_pending","Confirm plural form or mark the noun as normally singular-only/uncountable.","Thẩm định chuyên sâu (trước khi mua bán, đầu tư)","Eine sorgfältige Prüfung eines Unternehmens vor einem Kauf oder einer Investition.","Vor einer Unternehmensübernahme ist eine umfassende Due Diligence unerlässlich.","",""
"content/c2/vocabulary/06-anthropologie-ethnografie.json#words[23]","P1","C2","content/c2/vocabulary/06-anthropologie-ethnografie.json","23","Doxa","NOMEN","FEMININ","","","not_applicable_or_needs_review","plural_morphology_pending","Confirm plural form or mark the noun as normally singular-only/uncountable.","doxa, niềm tin phổ biến, ý kiến chung (theo Bourdieu)","Die unhinterfragten, als selbstverständlich angenommenen Meinungen einer Gesellschaft.","Nach Bourdieu sind die Doxa die unhinterfragten und als selbstverständlich hingenommenen Annahmen, die das Fundament eines sozialen Feldes bilden und seine Grenzen definieren.","",""
"content/c2/vocabulary/102-kalter-krieg-bipolaritaet.json#words[17]","P1","C2","content/c2/vocabulary/102-kalter-krieg-bipolaritaet.json","17","Kräftegleichgewicht","NOMEN","NEUTRUM","","","not_applicable_or_needs_review","plural_morphology_pending","Confirm plural form or mark the noun as normally singular-only/uncountable.","Cân bằng lực lượng","Ein Zustand, in dem die Machtverhältnisse zwischen Staaten so verteilt sind, dass niemand überlegen ist.","Das fragile Kräftegleichgewicht zwischen den Blöcken verhinderte einen direkten Konflikt.","",""
"content/c2/vocabulary/106-bauhaus-modernismus.json#words[16]","P1","C2","content/c2/vocabulary/106-bauhaus-modernismus.json","16","Stahlskelettbauweise","NOMEN","FEMININ","","","not_applicable_or_needs_review","plural_morphology_pending","Confirm plural form or mark the noun as normally singular-only/uncountable.","Phương pháp xây dựng khung thép","eine Bautechnik mit einer tragenden Stahlstruktur","Die Stahlskelettbauweise revolutionierte die Architektur des 20. Jahrhunderts und ermöglichte den Bau von immer höheren und transparenteren Gebäuden.","",""
"content/c2/vocabulary/113-epigenetik.json#words[24]","P1","C2","content/c2/vocabulary/113-epigenetik.json","24","silencen","VERB","","","","","loanword_policy","Decide whether to keep the loanword or replace it with a German equivalent.","Làm im lặng; ngăn chặn hoặc ức chế biểu hiện của một gen (thường là tiếng Anh 'to silence' được sử dụng trong ngữ cảnh khoa học tiếng Đức).","die Expression eines Gens unterdrücken oder ausschalten.","Kleine interferierende RNAs können spezifische Gene silencen.","",""
"content/c2/vocabulary/125-bildungsbegriff-humboldt.json#words[18]","P1","C2","content/c2/vocabulary/125-bildungsbegriff-humboldt.json","18","Geisteswissenschaften","NOMEN","FEMININ","","","not_applicable_or_needs_review","plural_morphology_pending","Confirm plural form or mark the noun as normally singular-only/uncountable.","Khoa học nhân văn, nhân văn học","Wissenschaftliche Disziplinen, die sich mit dem menschlichen Geist, der Kultur und der Geschichte befassen.","Die Geisteswissenschaften sind essentiell für ein tiefes Verständnis menschlicher Kultur und Geschichte.","",""
"content/c2/vocabulary/134-ethnomethodologie.json#words[3]","P1","C2","content/c2/vocabulary/134-ethnomethodologie.json","3","Mitgliedschaft","NOMEN","FEMININ","","","not_applicable_or_needs_review","plural_morphology_pending","Confirm plural form or mark the noun as normally singular-only/uncountable.","Tư cách thành viên","der Zustand oder der Status, der jemandem die Zugehörigkeit zu einer Gruppe oder Organisation verleiht","Die Mitgliedschaft in einer sozialen Gruppe impliziert das Beherrschen spezifischer Praktiken und Wissensbestände.","",""
"content/c2/vocabulary/134-ethnomethodologie.json#words[4]","P1","C2","content/c2/vocabulary/134-ethnomethodologie.json","4","Bewährungsarbeit","NOMEN","FEMININ","","","not_applicable_or_needs_review","plural_morphology_pending","Confirm plural form or mark the noun as normally singular-only/uncountable.","Công việc giải trình, thực hành giải trình (xã hội)","die soziale Leistung, durch die eine Person ihre Handlungen für andere nachvollziehbar und rechtfertigbar macht","Die Bewährungsarbeit bezeichnet die ständige Anstrengung von Individuen, ihre Handlungen verständlich und rechenschaftspflichtig zu machen.","",""
"content/c2/vocabulary/143-lacan-lacanian.json#words[17]","P1","C2","content/c2/vocabulary/143-lacan-lacanian.json","17","Jouissance","NOMEN","FEMININ","","","not_applicable_or_needs_review","plural_morphology_pending","Confirm plural form or mark the noun as normally singular-only/uncountable.","Khoái cảm (Jouissance - khái niệm Lacan)","Ein intensives, oft schmerzhaftes Vergnügen, das über den einfachen Genuss hinausgeht.","Jouissance bezeichnet bei Lacan ein intensives, oft exzessives Genießen, das jenseits des Lustprinzips liegt und sowohl lustvoll als auch schmerzhaft sein kann.","",""
"content/c2/vocabulary/144-trauma-forschung.json#words[19]","P1","C2","content/c2/vocabulary/144-trauma-forschung.json","19","Trauma-Informierte Vorgehen","NOMEN","NEUTRUM","","","not_applicable_or_needs_review","plural_morphology_pending","Confirm plural form or mark the noun as normally singular-only/uncountable.","Cách tiếp cận có hiểu biết về sang chấn","Eine professionelle Herangehensweise, die die Auswirkungen von Traumata systematisch berücksichtigt und in die Praxis integriert.","Das Trauma-Informierte Vorgehen in sozialen Einrichtungen ist essenziell, um die Sicherheit und das Wohlbefinden von Klienten zu gewährleisten.","",""
"content/c2/vocabulary/24-kritische-theorie.json#words[10]","P1","C2","content/c2/vocabulary/24-kritische-theorie.json","10","Pathologie des Sozialen","NOMEN","FEMININ","","","not_applicable_or_needs_review","plural_morphology_pending","Confirm plural form or mark the noun as normally singular-only/uncountable.","Bệnh lý xã hội (khái niệm chỉ các cấu trúc hoặc hiện tượng xã hội gây hại, kìm hãm sự phát triển con người, tương tự như bệnh lý trong y học)","Die Analyse und Beschreibung gesellschaftlicher Zustände, die als krankhaft oder dysfunktional angesehen werden, da sie die menschliche Entfaltung behindern.","Axel Honneths Rekonstruktion der Kritischen Theorie konzentriert sich auf die Analyse der Pathologien des Sozialen, die aus Missachtung und Anerkennungsverlust resultieren.","",""
"content/c2/vocabulary/41-verhaltensökonomie.json#words[13]","P1","C2","content/c2/vocabulary/41-verhaltensökonomie.json","13","libertärer Paternalismus","NOMEN","MASKULIN","","","not_applicable_or_needs_review","example_lexeme_presence_needs_review;plural_morphology_pending","Confirm plural form or mark the noun as normally singular-only/uncountable. Check that examples clearly demonstrate the target lexeme or an acceptable inflected form.","Chủ nghĩa gia trưởng tự do","ein politisches oder gesellschaftliches Konzept, das die Wahlfreiheit des Einzelnen bewahrt, ihn aber durch die Gestaltung der Umgebung zu vorteilhaften Entscheidungen leitet.","Der libertäre Paternalismus ist ein Konzept, das staatliche oder institutionelle Eingriffe rechtfertigt, um Menschen zu besseren Entscheidungen zu bewegen, während gleichzeitig die Wahlfreiheit erhalten bleibt.","",""
"content/c2/vocabulary/42-oekologische-oekonomie.json#words[6]","P1","C2","content/c2/vocabulary/42-oekologische-oekonomie.json","6","Zirkularität","NOMEN","FEMININ","","","not_applicable_or_needs_review","plural_morphology_pending","Confirm plural form or mark the noun as normally singular-only/uncountable.","Tính tuần hoàn (nguyên tắc của kinh tế tuần hoàn, không có chất thải và tài nguyên được tái sử dụng liên tục)","Das Prinzip der geschlossenen Materialkreisläufe in einem System.","Die Förderung der Zirkularität in Produktionsprozessen ist entscheidend, um den Druck auf natürliche Ressourcen zu mindern und die Umweltauswirkungen zu reduzieren.","",""
"content/c2/vocabulary/42-oekologische-oekonomie.json#words[9]","P1","C2","content/c2/vocabulary/42-oekologische-oekonomie.json","9","Transdisziplinarität","NOMEN","FEMININ","","","not_applicable_or_needs_review","example_lexeme_presence_needs_review;plural_morphology_pending","Confirm plural form or mark the noun as normally singular-only/uncountable. Check that examples clearly demonstrate the target lexeme or an acceptable inflected form.","Tính liên ngành/xuyên ngành (phương pháp nghiên cứu và giải quyết vấn đề vượt qua ranh giới các ngành khoa học và bao gồm cả tri thức phi học thuật)","Ein Ansatz, der wissenschaftliche Fachgrenzen überschreitet und auch nicht-akademisches Wissen einbezieht.","Die komplexen Herausforderungen der ökologischen Ökonomie erfordern eine transdisziplinäre Herangehensweise, die verschiedene Wissensformen integriert.","",""
"content/c2/vocabulary/46-gestaltpsychologie.json#words[16]","P1","C2","content/c2/vocabulary/46-gestaltpsychologie.json","16","intersubjektive Verständigung","NOMEN","FEMININ","","","not_applicable_or_needs_review","plural_morphology_pending","Confirm plural form or mark the noun as normally singular-only/uncountable.","sự hiểu biết liên chủ thể","Ein Prozess des gegenseitigen Verstehens, bei dem verschiedene Personen eine gemeinsame Bedeutungsebene für Informationen finden.","Die intersubjektive Verständigung über gemeinsame Wahrnehmungen und Bedeutungen ist eine Grundlage für soziale Kohäsion und kulturelle Entwicklung.","",""
"content/c2/vocabulary/54-religionsphilosophie.json#words[7]","P1","C2","content/c2/vocabulary/54-religionsphilosophie.json","7","Apodiktische","NOMEN","NEUTRUM","","","not_applicable_or_needs_review","plural_morphology_pending","Confirm plural form or mark the noun as normally singular-only/uncountable.","Tính tất yếu, tính hiển nhiên (trong triết học, sự thật không thể nghi ngờ, chắc chắn)","eine Aussage oder Erkenntnis, die als zwingend wahr und unumstößlich gilt","Kants Kritik der reinen Vernunft hinterfragt die Möglichkeit, apodiktische Urteile über metaphysische Gegenstände zu fällen.","",""
"content/c2/vocabulary/58-musikaesthetik.json#words[9]","P1","C2","content/c2/vocabulary/58-musikaesthetik.json","9","Werktreue","NOMEN","FEMININ","","","not_applicable_or_needs_review","plural_morphology_pending","Confirm plural form or mark the noun as normally singular-only/uncountable.","sự trung thành với tác phẩm (nguyên tắc hoặc hành động duy trì sự trung thực với ý định của nhà soạn nhạc, bản gốc hoặc các yếu tố cốt lõi của một tác phẩm âm nhạc trong quá trình biểu diễn hoặc diễn giải)","Das Bestreben, ein Musikstück so originalgetreu wie möglich gemäß den Anweisungen des Komponisten auszuführen.","Der Begriff der Werktreue ist in der Aufführungspraxis umstritten, da er oft eine idealisierte Vorstellung von der unveränderlichen Essenz eines Werkes impliziert.","",""
"content/c2/vocabulary/61-phenomenologie.json#words[6]","P1","C2","content/c2/vocabulary/61-phenomenologie.json","6","Transzendentalität","NOMEN","FEMININ","","","not_applicable_or_needs_review","plural_morphology_pending","Confirm plural form or mark the noun as normally singular-only/uncountable.","Tính siêu nghiệm","die Eigenschaft, die über das Empirische hinausgeht und die Struktur aller Erfahrung bestimmt","Husserl versucht, die Transzendentalität des Bewusstseins als Bedingung der Möglichkeit von Erkenntnis aufzuzeigen.","",""
"content/c2/vocabulary/70-europaeisches-recht.json#words[19]","P1","C2","content/c2/vocabulary/70-europaeisches-recht.json","19","Konvergenzkriterien","NOMEN","FEMININ","","","not_applicable_or_needs_review","plural_morphology_pending","Confirm plural form or mark the noun as normally singular-only/uncountable.","Các tiêu chí hội tụ (Maastricht, để gia nhập khu vực đồng euro)","Wirtschaftliche Voraussetzungen, die ein Staat erfüllen muss, um die gemeinsame Währung einzuführen.","Länder, die dem Euroraum beitreten möchten, müssen die Konvergenzkriterien erfüllen.","",""
"content/c2/vocabulary/74-wissenschaftliche-revolution.json#words[8]","P1","C2","content/c2/vocabulary/74-wissenschaftliche-revolution.json","8","theoriegeladener Charakter","NOMEN","MASKULIN","","","not_applicable_or_needs_review","example_lexeme_presence_needs_review;plural_morphology_pending","Confirm plural form or mark the noun as normally singular-only/uncountable. Check that examples clearly demonstrate the target lexeme or an acceptable inflected form.","Tính chất chứa lý thuyết; ý tưởng rằng mọi quan sát hoặc dữ liệu đều bị ảnh hưởng bởi lý thuyết hoặc mô hình mà người quan sát đang sử dụng.","die Eigenschaft von Beobachtungen oder Daten, dass sie nicht neutral sind, sondern durch die zugrunde liegende Theorie des Beobachters beeinflusst werden","Der theoriegeladene Charakter der Beobachtung ist ein zentrales Argument in Kuhns Kritik am Positivismus.","",""
"content/c2/vocabulary/79-literarische-gattungen.json#words[15]","P1","C2","content/c2/vocabulary/79-literarische-gattungen.json","15","Metatextualität","NOMEN","FEMININ","","","not_applicable_or_needs_review","plural_morphology_pending","Confirm plural form or mark the noun as normally singular-only/uncountable.","Tính siêu văn bản; mối quan hệ mà một văn bản thiết lập với chính nó hoặc với các văn bản khác bằng cách bình luận, phê bình hoặc tham chiếu đến chúng.","die Eigenschaft eines Textes, sich selbst oder andere Texte durch Kommentar, Kritik oder Bezugnahme zu erwähnen","Ein Roman, der über das Schreiben von Romanen reflektiert, weist eine hohe Metatextualität auf und spielt oft mit Gattungserwartungen.","",""
"content/c2/vocabulary/79-literarische-gattungen.json#words[4]","P1","C2","content/c2/vocabulary/79-literarische-gattungen.json","4","Literarizität","NOMEN","FEMININ","","","not_applicable_or_needs_review","plural_morphology_pending","Confirm plural form or mark the noun as normally singular-only/uncountable.","Tính văn học; những đặc điểm làm cho một văn bản trở thành văn học, phân biệt nó với các hình thức ngôn ngữ khác.","die Eigenschaften, die ein Text als literarisch auszeichnen und ihn von anderen Sprachformen abheben","Die Frage nach der Literarizität eines Textes ist ein zentrales Problem der Literaturwissenschaft und wird kontrovers diskutiert.","",""
"content/c2/vocabulary/84-netzwerkgesellschaft-castells.json#words[12]","P1","C2","content/c2/vocabulary/84-netzwerkgesellschaft-castells.json","12","Informationalismus","NOMEN","MASKULIN","","","not_applicable_or_needs_review","plural_morphology_pending","Confirm plural form or mark the noun as normally singular-only/uncountable.","Chủ nghĩa thông tin","Eine Gesellschaftsform, in der die Information und deren Verarbeitung die Grundlage für Wirtschaft und Gesellschaft bilden.","Der Informationalismus ist die technologische und ökonomische Basis der Netzwerkgesellschaft, die auf der Fähigkeit zur Erzeugung, Verarbeitung und Verbreitung von Informationen beruht.","",""
"content/c2/vocabulary/85-spieltheorie-nash.json#words[15]","P1","C2","content/c2/vocabulary/85-spieltheorie-nash.json","15","Subgame-Perfektheit","NOMEN","FEMININ","","","not_applicable_or_needs_review","plural_morphology_pending","Confirm plural form or mark the noun as normally singular-only/uncountable.","Tính hoàn hảo của trò chơi con (một sự tinh chỉnh của cân bằng Nash, yêu cầu các chiến lược tạo thành một cân bằng Nash trong mọi trò chơi con của trò chơi gốc).","Eine strengere Form des Nash-Gleichgewichts, die verlangt, dass die Strategien auch in jedem Teilspiel optimal sind.","Die Subgame-Perfektheit eliminiert unglaubwürdige Drohungen und Versprechen in sequenziellen Spielen.","",""
"content/c2/vocabulary/86-entwicklungsoekonomie.json#words[5]","P1","C2","content/c2/vocabulary/86-entwicklungsoekonomie.json","5","Good Governance","NOMEN","FEMININ","","","not_applicable_or_needs_review","plural_morphology_pending","Confirm plural form or mark the noun as normally singular-only/uncountable.","Quản trị tốt, quản trị hiệu quả","Eine Form der Regierungsführung, die durch Transparenz, Rechtsstaatlichkeit, Effizienz und Rechenschaftspflicht gekennzeichnet ist.","Good Governance ist eine Voraussetzung für nachhaltige Entwicklung und erfordert Transparenz, Rechenschaftspflicht und Rechtsstaatlichkeit.","",""
"content/c2/vocabulary/90-neuropsychologie.json#words[11]","P1","C2","content/c2/vocabulary/90-neuropsychologie.json","11","Corpus callosum","NOMEN","NEUTRUM","","","not_applicable_or_needs_review","plural_morphology_pending","Confirm plural form or mark the noun as normally singular-only/uncountable.","Thể chai (một bó sợi thần kinh lớn, hình chữ C nằm dưới vỏ não, nối hai bán cầu não)","Ein großes Nervenfaserbündel, das die beiden Gehirnhälften miteinander verbindet.","Patienten mit einer Durchtrennung des Corpus callosum zeigen oft das Phänomen der Split-Brain-Symptomatik.","",""
"content/c2/vocabulary/96-ueberwachungsstaat.json#words[4]","P1","C2","content/c2/vocabulary/96-ueberwachungsstaat.json","4","Freiheitsentzug","NOMEN","MASKULIN","","","not_applicable_or_needs_review","plural_morphology_pending","Confirm plural form or mark the noun as normally singular-only/uncountable.","Tước đoạt tự do","Die Handlung, jemandem seine persönliche Freiheit zu nehmen, zum Beispiel durch Inhaftierung.","Obwohl der physische Freiheitsentzug oft offensichtlich ist, kann digitale Überwachung auch eine subtile Form der Einschränkung individueller Freiheiten darstellen.","",""
"content/c2/vocabulary/96-ueberwachungsstaat.json#words[7]","P1","C2","content/c2/vocabulary/96-ueberwachungsstaat.json","7","Verdatung","NOMEN","FEMININ","","","not_applicable_or_needs_review","plural_morphology_pending","Confirm plural form or mark the noun as normally singular-only/uncountable.","Dữ liệu hóa (quá trình biến đổi thông tin thành dữ liệu)","Die systematische Erfassung und Überführung von realen Lebensvorgängen oder Informationen in ein digitales, maschinenlesbares Format.","Die zunehmende Verdatung aller Lebensbereiche ermöglicht eine umfassende Profilierung von Individuen durch staatliche und private Akteure.","",""
"content/a1/vocabulary/01-person.json#words[42]","P2","A1","content/a1/vocabulary/01-person.json","42","Familienstand","NOMEN","MASKULIN","","-","","no_plural_marker_needs_policy","Verify whether ""-"" is pedagogically correct for this noun.","tình trạng hôn nhân","Angabe zu Ehe oder Beziehung","Wie ist Ihr Familienstand?","",""
"content/a1/vocabulary/01-person.json#words[7]","P2","A1","content/a1/vocabulary/01-person.json","7","Alter","NOMEN","NEUTRUM","","-","","example_lexeme_presence_needs_review;no_plural_marker_needs_policy","Verify whether ""-"" is pedagogically correct for this noun. Check that examples clearly demonstrate the target lexeme or an acceptable inflected form.","tuổi","die Anzahl der Jahre, die ein Mensch lebt","Wie alt bist du?","",""
"content/a1/vocabulary/03-koerper-gesundheit.json#words[19]","P2","A1","content/a1/vocabulary/03-koerper-gesundheit.json","19","Fieber","NOMEN","NEUTRUM","","-","","no_plural_marker_needs_policy","Verify whether ""-"" is pedagogically correct for this noun.","sốt","Eine zu hohe Temperatur des Körpers","Ich habe Fieber.","",""
"content/a1/vocabulary/03-koerper-gesundheit.json#words[30]","P2","A1","content/a1/vocabulary/03-koerper-gesundheit.json","30","Husten","NOMEN","MASKULIN","","-","","no_plural_marker_needs_policy","Verify whether ""-"" is pedagogically correct for this noun.","ho","Ein Geräusch aus dem Hals, wenn man krank ist","Ich habe Husten.","",""
"content/a1/vocabulary/03-koerper-gesundheit.json#words[31]","P2","A1","content/a1/vocabulary/03-koerper-gesundheit.json","31","Schnupfen","NOMEN","MASKULIN","","-","","no_plural_marker_needs_policy","Verify whether ""-"" is pedagogically correct for this noun.","sổ mũi","Wenn die Nase nicht frei ist","Ich habe Schnupfen.","",""
"content/a1/vocabulary/04-wohnen.json#words[35]","P2","A1","content/a1/vocabulary/04-wohnen.json","35","Strom","NOMEN","MASKULIN","","-","","no_plural_marker_needs_policy","Verify whether ""-"" is pedagogically correct for this noun.","điện","Energie für die Lampe oder den Computer.","Der Strom ist teuer.","",""
"content/a1/vocabulary/05-umwelt.json#words[10]","P2","A1","content/a1/vocabulary/05-umwelt.json","10","Wetter","NOMEN","NEUTRUM","","-","","no_plural_marker_needs_policy","Verify whether ""-"" is pedagogically correct for this noun.","thời tiết","Der Zustand der Luft im Freien, zum Beispiel Sonne oder Regen.","Wie ist das Wetter?","",""
"content/a1/vocabulary/05-umwelt.json#words[12]","P2","A1","content/a1/vocabulary/05-umwelt.json","12","Regen","NOMEN","MASKULIN","","-","","no_plural_marker_needs_policy","Verify whether ""-"" is pedagogically correct for this noun.","mưa","Wasser aus den Wolken.","Es gibt Regen.","",""
"content/a1/vocabulary/05-umwelt.json#words[13]","P2","A1","content/a1/vocabulary/05-umwelt.json","13","Schnee","NOMEN","MASKULIN","","-","","no_plural_marker_needs_policy","Verify whether ""-"" is pedagogically correct for this noun.","tuyết","Weißes, gefrorenes Wasser, das vom Himmel fällt.","Es schneit. Es gibt Schnee.","",""
"content/a1/vocabulary/05-umwelt.json#words[18]","P2","A1","content/a1/vocabulary/05-umwelt.json","18","Natur","NOMEN","FEMININ","","-","","no_plural_marker_needs_policy","Verify whether ""-"" is pedagogically correct for this noun.","thiên nhiên","Alles in der Welt, was nicht von Menschen gemacht ist.","Die Natur ist schön.","",""
"content/a1/vocabulary/05-umwelt.json#words[24]","P2","A1","content/a1/vocabulary/05-umwelt.json","24","Luft","NOMEN","FEMININ","","-","","no_plural_marker_needs_policy","Verify whether ""-"" is pedagogically correct for this noun.","không khí","Das, was wir atmen.","Die Luft ist frisch.","",""
"content/a1/vocabulary/05-umwelt.json#words[27]","P2","A1","content/a1/vocabulary/05-umwelt.json","27","Himmel","NOMEN","MASKULIN","","-","","no_plural_marker_needs_policy","Verify whether ""-"" is pedagogically correct for this noun.","bầu trời","Der Raum über der Erde.","Der Himmel ist blau.","",""
"content/a1/vocabulary/05-umwelt.json#words[28]","P2","A1","content/a1/vocabulary/05-umwelt.json","28","Erde","NOMEN","FEMININ","","-","","no_plural_marker_needs_policy","Verify whether ""-"" is pedagogically correct for this noun.","trái đất, đất","Unser Planet oder der Boden unter unseren Füßen.","Die Erde ist rund.","",""
"content/a1/vocabulary/06-essen-trinken.json#words[0]","P2","A1","content/a1/vocabulary/06-essen-trinken.json","0","Essen","NOMEN","NEUTRUM","","-","","no_plural_marker_needs_policy","Verify whether ""-"" is pedagogically correct for this noun.","đồ ăn, bữa ăn","Nahrung für den Menschen.","Das Essen ist gut.","",""
"content/a1/vocabulary/06-essen-trinken.json#words[1]","P2","A1","content/a1/vocabulary/06-essen-trinken.json","1","Frühstück","NOMEN","NEUTRUM","","-","","no_plural_marker_needs_policy","Verify whether ""-"" is pedagogically correct for this noun.","bữa sáng","Das Essen am Morgen.","Das Frühstück ist um 8 Uhr.","",""
"content/a1/vocabulary/06-essen-trinken.json#words[12]","P2","A1","content/a1/vocabulary/06-essen-trinken.json","12","Reis","NOMEN","MASKULIN","","-","","no_plural_marker_needs_policy","Verify whether ""-"" is pedagogically correct for this noun.","cơm, gạo","Kleine weiße Körner.","Ich esse Reis.","",""
"content/a1/vocabulary/06-essen-trinken.json#words[15]","P2","A1","content/a1/vocabulary/06-essen-trinken.json","15","Gemüse","NOMEN","NEUTRUM","","-","","no_plural_marker_needs_policy","Verify whether ""-"" is pedagogically correct for this noun.","rau","Pflanzen, die man isst.","Ich esse gern Gemüse.","",""
"content/a1/vocabulary/06-essen-trinken.json#words[16]","P2","A1","content/a1/vocabulary/06-essen-trinken.json","16","Obst","NOMEN","NEUTRUM","","-","","no_plural_marker_needs_policy","Verify whether ""-"" is pedagogically correct for this noun.","trái cây","Früchte von Bäumen oder Sträuchern.","Ich esse Obst.","",""
"content/a1/vocabulary/06-essen-trinken.json#words[2]","P2","A1","content/a1/vocabulary/06-essen-trinken.json","2","Mittagessen","NOMEN","NEUTRUM","","-","","no_plural_marker_needs_policy","Verify whether ""-"" is pedagogically correct for this noun.","bữa trưa","Das Essen am Mittag.","Das Mittagessen ist fertig.","",""
"content/a1/vocabulary/06-essen-trinken.json#words[23]","P2","A1","content/a1/vocabulary/06-essen-trinken.json","23","Zucker","NOMEN","MASKULIN","","-","","no_plural_marker_needs_policy","Verify whether ""-"" is pedagogically correct for this noun.","đường","Ein süßes, weißes Pulver.","Nehmen Sie Zucker?","",""
"content/a1/vocabulary/06-essen-trinken.json#words[24]","P2","A1","content/a1/vocabulary/06-essen-trinken.json","24","Salz","NOMEN","NEUTRUM","","-","","no_plural_marker_needs_policy","Verify whether ""-"" is pedagogically correct for this noun.","muối","Ein weißes Pulver für den Geschmack.","Die Suppe braucht Salz.","",""
"content/a1/vocabulary/06-essen-trinken.json#words[25]","P2","A1","content/a1/vocabulary/06-essen-trinken.json","25","Wasser","NOMEN","NEUTRUM","","-","","no_plural_marker_needs_policy","Verify whether ""-"" is pedagogically correct for this noun.","nước","Eine farblose Flüssigkeit, die man trinkt.","Ich trinke Wasser.","",""
"content/a1/vocabulary/06-essen-trinken.json#words[26]","P2","A1","content/a1/vocabulary/06-essen-trinken.json","26","Kaffee","NOMEN","MASKULIN","","-","","no_plural_marker_needs_policy","Verify whether ""-"" is pedagogically correct for this noun.","cà phê","Ein dunkles Getränk aus Kaffeebohnen.","Ich trinke Kaffee.","",""
"content/a1/vocabulary/06-essen-trinken.json#words[28]","P2","A1","content/a1/vocabulary/06-essen-trinken.json","28","Milch","NOMEN","FEMININ","","-","","no_plural_marker_needs_policy","Verify whether ""-"" is pedagogically correct for this noun.","sữa","Weißes Getränk von der Kuh.","Ich trinke Milch.","",""
"content/a1/vocabulary/06-essen-trinken.json#words[3]","P2","A1","content/a1/vocabulary/06-essen-trinken.json","3","Abendessen","NOMEN","NEUTRUM","","-","","no_plural_marker_needs_policy","Verify whether ""-"" is pedagogically correct for this noun.","bữa tối","Das Essen am Abend.","Was gibt es zum Abendessen?","",""
"content/a1/vocabulary/06-essen-trinken.json#words[47]","P2","A1","content/a1/vocabulary/06-essen-trinken.json","47","Hunger","NOMEN","MASKULIN","","-","","no_plural_marker_needs_policy","Verify whether ""-"" is pedagogically correct for this noun.","đói","Das Gefühl, wenn man Nahrung braucht.","Ich habe Hunger.","",""
"content/a1/vocabulary/06-essen-trinken.json#words[48]","P2","A1","content/a1/vocabulary/06-essen-trinken.json","48","Durst","NOMEN","MASKULIN","","-","","no_plural_marker_needs_policy","Verify whether ""-"" is pedagogically correct for this noun.","khát","Das Gefühl, wenn man Flüssigkeit braucht.","Ich habe Durst.","",""
"content/a1/vocabulary/06-essen-trinken.json#words[49]","P2","A1","content/a1/vocabulary/06-essen-trinken.json","49","Sahne","NOMEN","FEMININ","","-","","no_plural_marker_needs_policy","Verify whether ""-"" is pedagogically correct for this noun.","kem (sữa)","weiß und dick aus Milch","Kaffee mit Sahne, bitte.","",""
"content/a1/vocabulary/06-essen-trinken.json#words[6]","P2","A1","content/a1/vocabulary/06-essen-trinken.json","6","Butter","NOMEN","FEMININ","","-","","no_plural_marker_needs_policy","Verify whether ""-"" is pedagogically correct for this noun.","bơ","Gelbes Fett für das Brot.","Ich nehme Butter.","",""
"content/a1/vocabulary/06-essen-trinken.json#words[9]","P2","A1","content/a1/vocabulary/06-essen-trinken.json","9","Fleisch","NOMEN","NEUTRUM","","-","","no_plural_marker_needs_policy","Verify whether ""-"" is pedagogically correct for this noun.","thịt","Essen von Tieren.","Ich esse kein Fleisch.","",""
"content/a1/vocabulary/07-einkaufen.json#words[11]","P2","A1","content/a1/vocabulary/07-einkaufen.json","11","Kleidung","NOMEN","FEMININ","","-","","no_plural_marker_needs_policy","Verify whether ""-"" is pedagogically correct for this noun.","quần áo","Was man am Körper trägt.","Ich kaufe Kleidung.","",""
"content/a1/vocabulary/07-einkaufen.json#words[6]","P2","A1","content/a1/vocabulary/07-einkaufen.json","6","Geld","NOMEN","NEUTRUM","","-","","no_plural_marker_needs_policy","Verify whether ""-"" is pedagogically correct for this noun.","tiền","Man braucht es zum Kaufen.","Ich habe kein Geld.","",""
"content/a1/vocabulary/08-dienstleistungen.json#words[0]","P2","A1","content/a1/vocabulary/08-dienstleistungen.json","0","Post","NOMEN","FEMININ","","-","","no_plural_marker_needs_policy","Verify whether ""-"" is pedagogically correct for this noun.","bưu điện","Ein Ort für Briefe und Pakete","Ich gehe zur Post.","",""
"content/a1/vocabulary/08-dienstleistungen.json#words[2]","P2","A1","content/a1/vocabulary/08-dienstleistungen.json","2","Polizei","NOMEN","FEMININ","","-","","no_plural_marker_needs_policy","Verify whether ""-"" is pedagogically correct for this noun.","cảnh sát","Eine Organisation, die für Sicherheit und Ordnung sorgt.","Ich rufe die Polizei.","",""
"content/a1/vocabulary/08-dienstleistungen.json#words[3]","P2","A1","content/a1/vocabulary/08-dienstleistungen.json","3","Feuerwehr","NOMEN","FEMININ","","-","","no_plural_marker_needs_policy","Verify whether ""-"" is pedagogically correct for this noun.","cứu hỏa","Eine Organisation, die Feuer löscht und Menschen rettet.","Rufen Sie die Feuerwehr!","",""
"content/a1/vocabulary/11-freizeit.json#words[0]","P2","A1","content/a1/vocabulary/11-freizeit.json","0","Sport","NOMEN","MASKULIN","","-","","no_plural_marker_needs_policy","Verify whether ""-"" is pedagogically correct for this noun.","thể thao","Körperliche Aktivität, oft als Spiel oder Training.","Ich mache Sport.","",""
"content/a1/vocabulary/11-freizeit.json#words[1]","P2","A1","content/a1/vocabulary/11-freizeit.json","1","Fußball","NOMEN","MASKULIN","","-","","no_plural_marker_needs_policy","Verify whether ""-"" is pedagogically correct for this noun.","bóng đá","Ein Spiel, bei dem man den Ball hauptsächlich mit dem Fuß bewegt.","Ich spiele Fußball.","",""
"content/a1/vocabulary/11-freizeit.json#words[31]","P2","A1","content/a1/vocabulary/11-freizeit.json","31","Spaß","NOMEN","MASKULIN","","-","","no_plural_marker_needs_policy","Verify whether ""-"" is pedagogically correct for this noun.","sự vui, niềm vui","Ein Gefühl von Freude.","Das macht Spaß!","",""
"content/a1/vocabulary/11-freizeit.json#words[6]","P2","A1","content/a1/vocabulary/11-freizeit.json","6","Musik","NOMEN","FEMININ","","-","","no_plural_marker_needs_policy","Verify whether ""-"" is pedagogically correct for this noun.","âm nhạc","Schöne Töne, die oft mit Instrumenten gemacht werden.","Ich höre Musik.","",""
"content/a1/vocabulary/12-kommunikation.json#words[2]","P2","A1","content/a1/vocabulary/12-kommunikation.json","2","Internet","NOMEN","NEUTRUM","","-","","no_plural_marker_needs_policy","Verify whether ""-"" is pedagogically correct for this noun.","internet","Ein Netz für Computer und Handys.","Ich brauche Internet.","",""
"content/a1/vocabulary/12-kommunikation.json#words[5]","P2","A1","content/a1/vocabulary/12-kommunikation.json","5","Fernsehen","NOMEN","NEUTRUM","","-","","no_plural_marker_needs_policy","Verify whether ""-"" is pedagogically correct for this noun.","truyền hình, tivi","Das Programm mit Bildern und Ton auf einem Bildschirm.","Ich sehe gern Fernsehen.","",""
"content/a1/vocabulary/13-reisen-verkehr.json#words[9]","P2","A1","content/a1/vocabulary/13-reisen-verkehr.json","9","Gepäck","NOMEN","NEUTRUM","","-","","no_plural_marker_needs_policy","Verify whether ""-"" is pedagogically correct for this noun.","hành lý","Koffer und Taschen für die Reise.","Mein Gepäck ist schwer.","",""
"content/a1/vocabulary/17-laender-nationalitaeten.json#words[0]","P2","A1","content/a1/vocabulary/17-laender-nationalitaeten.json","0","Deutschland","NOMEN","NEUTRUM","","-","","no_plural_marker_needs_policy","Verify whether ""-"" is pedagogically correct for this noun.","nước Đức","Ein Land in Europa","Ich wohne in Deutschland.","",""
"content/a1/vocabulary/17-laender-nationalitaeten.json#words[10]","P2","A1","content/a1/vocabulary/17-laender-nationalitaeten.json","10","Russland","NOMEN","NEUTRUM","","-","","no_plural_marker_needs_policy","Verify whether ""-"" is pedagogically correct for this noun.","nước Nga","Ein Land in Europa und Asien","Russland ist sehr groß.","",""
"content/a1/vocabulary/17-laender-nationalitaeten.json#words[11]","P2","A1","content/a1/vocabulary/17-laender-nationalitaeten.json","11","China","NOMEN","NEUTRUM","","-","","no_plural_marker_needs_policy","Verify whether ""-"" is pedagogically correct for this noun.","Trung Quốc","Ein Land in Asien","Peking ist die Hauptstadt von China.","",""
"content/a1/vocabulary/17-laender-nationalitaeten.json#words[12]","P2","A1","content/a1/vocabulary/17-laender-nationalitaeten.json","12","Japan","NOMEN","NEUTRUM","","-","","no_plural_marker_needs_policy","Verify whether ""-"" is pedagogically correct for this noun.","Nhật Bản","Ein Land in Asien","Tokio ist in Japan.","",""
"content/a1/vocabulary/17-laender-nationalitaeten.json#words[13]","P2","A1","content/a1/vocabulary/17-laender-nationalitaeten.json","13","Vietnam","NOMEN","NEUTRUM","","-","","no_plural_marker_needs_policy","Verify whether ""-"" is pedagogically correct for this noun.","Việt Nam","Ein Land in Asien","Ich komme aus Vietnam.","",""
"content/a1/vocabulary/17-laender-nationalitaeten.json#words[15]","P2","A1","content/a1/vocabulary/17-laender-nationalitaeten.json","15","Brasilien","NOMEN","NEUTRUM","","-","","no_plural_marker_needs_policy","Verify whether ""-"" is pedagogically correct for this noun.","Brazil","Ein Land in Südamerika","Brasilien ist groß und schön.","",""
"content/a1/vocabulary/17-laender-nationalitaeten.json#words[16]","P2","A1","content/a1/vocabulary/17-laender-nationalitaeten.json","16","Griechenland","NOMEN","NEUTRUM","","-","","no_plural_marker_needs_policy","Verify whether ""-"" is pedagogically correct for this noun.","Hy Lạp","Ein Land in Europa","Griechenland hat viele Inseln.","",""
"content/a1/vocabulary/17-laender-nationalitaeten.json#words[18]","P2","A1","content/a1/vocabulary/17-laender-nationalitaeten.json","18","Europa","NOMEN","NEUTRUM","","-","","no_plural_marker_needs_policy","Verify whether ""-"" is pedagogically correct for this noun.","châu Âu","Ein Kontinent","Deutschland ist in Europa.","",""
"content/a1/vocabulary/17-laender-nationalitaeten.json#words[19]","P2","A1","content/a1/vocabulary/17-laender-nationalitaeten.json","19","Asien","NOMEN","NEUTRUM","","-","","no_plural_marker_needs_policy","Verify whether ""-"" is pedagogically correct for this noun.","châu Á","Ein Kontinent","Vietnam ist in Asien.","",""
"content/a1/vocabulary/17-laender-nationalitaeten.json#words[2]","P2","A1","content/a1/vocabulary/17-laender-nationalitaeten.json","2","Österreich","NOMEN","NEUTRUM","","-","","no_plural_marker_needs_policy","Verify whether ""-"" is pedagogically correct for this noun.","nước Áo","Ein Land in Europa","Wien ist die Hauptstadt von Österreich.","",""
"content/a1/vocabulary/17-laender-nationalitaeten.json#words[26]","P2","A1","content/a1/vocabulary/17-laender-nationalitaeten.json","26","Indien","NOMEN","NEUTRUM","","-","","no_plural_marker_needs_policy","Verify whether ""-"" is pedagogically correct for this noun.","Ấn Độ","Ein Land in Asien","Indien ist groß.","",""
"content/a1/vocabulary/17-laender-nationalitaeten.json#words[27]","P2","A1","content/a1/vocabulary/17-laender-nationalitaeten.json","27","Ägypten","NOMEN","NEUTRUM","","-","","no_plural_marker_needs_policy","Verify whether ""-"" is pedagogically correct for this noun.","Ai Cập","Ein Land in Afrika","Ägypten hat die Pyramiden.","",""
"content/a1/vocabulary/17-laender-nationalitaeten.json#words[3]","P2","A1","content/a1/vocabulary/17-laender-nationalitaeten.json","3","Schweiz","NOMEN","FEMININ","","-","","no_plural_marker_needs_policy","Verify whether ""-"" is pedagogically correct for this noun.","Thụy Sĩ","Ein Land in Europa","Die Schweiz ist sehr schön.","",""
"content/a1/vocabulary/17-laender-nationalitaeten.json#words[30]","P2","A1","content/a1/vocabulary/17-laender-nationalitaeten.json","30","Afrika","NOMEN","NEUTRUM","","-","","no_plural_marker_needs_policy","Verify whether ""-"" is pedagogically correct for this noun.","châu Phi","Ein Kontinent auf der Erde.","Ägypten ist in Afrika.","",""
"content/a1/vocabulary/17-laender-nationalitaeten.json#words[31]","P2","A1","content/a1/vocabulary/17-laender-nationalitaeten.json","31","Amerika","NOMEN","NEUTRUM","","-","","no_plural_marker_needs_policy","Verify whether ""-"" is pedagogically correct for this noun.","châu Mỹ","Ein Kontinent auf der Erde.","Er kommt aus Amerika.","",""
"content/a1/vocabulary/17-laender-nationalitaeten.json#words[4]","P2","A1","content/a1/vocabulary/17-laender-nationalitaeten.json","4","Frankreich","NOMEN","NEUTRUM","","-","","no_plural_marker_needs_policy","Verify whether ""-"" is pedagogically correct for this noun.","nước Pháp","Ein Land in Europa","Paris ist in Frankreich.","",""
"content/a1/vocabulary/17-laender-nationalitaeten.json#words[5]","P2","A1","content/a1/vocabulary/17-laender-nationalitaeten.json","5","Italien","NOMEN","NEUTRUM","","-","","no_plural_marker_needs_policy","Verify whether ""-"" is pedagogically correct for this noun.","nước Ý","Ein Land in Europa","Italien ist bekannt für Pizza.","",""
"content/a1/vocabulary/17-laender-nationalitaeten.json#words[6]","P2","A1","content/a1/vocabulary/17-laender-nationalitaeten.json","6","Spanien","NOMEN","NEUTRUM","","-","","no_plural_marker_needs_policy","Verify whether ""-"" is pedagogically correct for this noun.","nước Tây Ban Nha","Ein Land in Europa","Madrid ist in Spanien.","",""
"content/a1/vocabulary/17-laender-nationalitaeten.json#words[7]","P2","A1","content/a1/vocabulary/17-laender-nationalitaeten.json","7","England","NOMEN","NEUTRUM","","-","","no_plural_marker_needs_policy","Verify whether ""-"" is pedagogically correct for this noun.","nước Anh","Ein Land in Europa","London ist in England.","",""
"content/a1/vocabulary/17-laender-nationalitaeten.json#words[8]","P2","A1","content/a1/vocabulary/17-laender-nationalitaeten.json","8","Türkei","NOMEN","FEMININ","","-","","no_plural_marker_needs_policy","Verify whether ""-"" is pedagogically correct for this noun.","Thổ Nhĩ Kỳ","Ein Land in Europa und Asien","Sie kommt aus der Türkei.","",""
"content/a1/vocabulary/17-laender-nationalitaeten.json#words[9]","P2","A1","content/a1/vocabulary/17-laender-nationalitaeten.json","9","Polen","NOMEN","NEUTRUM","","-","","no_plural_marker_needs_policy","Verify whether ""-"" is pedagogically correct for this noun.","Ba Lan","Ein Land in Europa","Warschau ist die Hauptstadt von Polen.","",""
"content/a1/vocabulary/19-tiere.json#words[8]","P2","A1","content/a1/vocabulary/19-tiere.json","8","Wasser","NOMEN","NEUTRUM","","","not_applicable_or_needs_review","plural_morphology_pending","Confirm plural form or mark the noun as normally singular-only/uncountable.","nước","Eine Flüssigkeit zum Trinken.","Tiere trinken Wasser.","",""
"content/a1/vocabulary/19-tiere.json#words[9]","P2","A1","content/a1/vocabulary/19-tiere.json","9","Futter","NOMEN","NEUTRUM","","","not_applicable_or_needs_review","plural_morphology_pending","Confirm plural form or mark the noun as normally singular-only/uncountable.","thức ăn (cho động vật)","Essen für Tiere.","Das Futter ist für die Vögel.","",""
"content/a1/vocabulary/21-hobbys-sport.json#words[10]","P2","A1","content/a1/vocabulary/21-hobbys-sport.json","10","Musik","NOMEN","FEMININ","","","not_applicable_or_needs_review","plural_morphology_pending","Confirm plural form or mark the noun as normally singular-only/uncountable.","âm nhạc","Geordnete Töne, die man als schön empfindet.","Ich höre gern Musik.","",""
"content/a2/vocabulary/01-person-identitaet.json#words[26]","P2","A2","content/a2/vocabulary/01-person-identitaet.json","26","Verhalten","NOMEN","NEUTRUM","","-","","no_plural_marker_needs_policy","Verify whether ""-"" is pedagogically correct for this noun.","hành vi, cách ứng xử","Wie eine Person in einer Situation handelt","Sein Verhalten war schlecht.","",""
"content/a2/vocabulary/01-person-identitaet.json#words[28]","P2","A2","content/a2/vocabulary/01-person-identitaet.json","28","Humor","NOMEN","MASKULIN","","-","","no_plural_marker_needs_policy","Verify whether ""-"" is pedagogically correct for this noun.","hài hước","Die Fähigkeit, über Dinge zu lachen","Er hat Humor.","",""
"content/a2/vocabulary/01-person-identitaet.json#words[3]","P2","A2","content/a2/vocabulary/01-person-identitaet.json","3","Aussehen","NOMEN","NEUTRUM","","-","","no_plural_marker_needs_policy","Verify whether ""-"" is pedagogically correct for this noun.","ngoại hình","Die äußere Form einer Person, zum Beispiel Gesicht und Körper.","Das Aussehen ist nicht alles.","",""
"content/a2/vocabulary/02-familie-soziales.json#words[31]","P2","A2","content/a2/vocabulary/02-familie-soziales.json","31","Vertrauen","NOMEN","NEUTRUM","","-","","no_plural_marker_needs_policy","Verify whether ""-"" is pedagogically correct for this noun.","sự tin tưởng","Wenn man glaubt, dass eine Person ehrlich ist","Vertrauen ist wichtig.","",""
"content/a2/vocabulary/02-familie-soziales.json#words[32]","P2","A2","content/a2/vocabulary/02-familie-soziales.json","32","Zusammenleben","NOMEN","NEUTRUM","","-","","no_plural_marker_needs_policy","Verify whether ""-"" is pedagogically correct for this noun.","cuộc sống chung","In einem Haus gemeinsam wohnen","Das Zusammenleben ist nicht einfach.","",""
"content/a2/vocabulary/03-gesundheit-koerperpflege.json#words[32]","P2","A2","content/a2/vocabulary/03-gesundheit-koerperpflege.json","32","Fieber","NOMEN","NEUTRUM","","-","","no_plural_marker_needs_policy","Verify whether ""-"" is pedagogically correct for this noun.","sốt","Wenn die Körpertemperatur zu hoch ist.","Das Kind hat Fieber.","",""
"content/a2/vocabulary/03-gesundheit-koerperpflege.json#words[33]","P2","A2","content/a2/vocabulary/03-gesundheit-koerperpflege.json","33","Husten","NOMEN","MASKULIN","","-","","no_plural_marker_needs_policy","Verify whether ""-"" is pedagogically correct for this noun.","ho","Wenn man Luft schnell aus der Lunge drückt.","Er hat starken Husten.","",""
"content/a2/vocabulary/03-gesundheit-koerperpflege.json#words[34]","P2","A2","content/a2/vocabulary/03-gesundheit-koerperpflege.json","34","Schnupfen","NOMEN","MASKULIN","","-","","no_plural_marker_needs_policy","Verify whether ""-"" is pedagogically correct for this noun.","sổ mũi","Wenn die Nase läuft.","Ich habe Schnupfen.","",""
"content/a2/vocabulary/04-wohnen-haushalt.json#words[10]","P2","A2","content/a2/vocabulary/04-wohnen-haushalt.json","10","Strom","NOMEN","MASKULIN","","-","","no_plural_marker_needs_policy","Verify whether ""-"" is pedagogically correct for this noun.","điện","Energie für das Licht und elektrische Geräte","Der Strom ist teuer.","",""
"content/a2/vocabulary/04-wohnen-haushalt.json#words[18]","P2","A2","content/a2/vocabulary/04-wohnen-haushalt.json","18","Müll","NOMEN","MASKULIN","","-","","no_plural_marker_needs_policy","Verify whether ""-"" is pedagogically correct for this noun.","rác","Dinge, die man nicht mehr braucht und wegwirft","Bring den Müll raus!","",""
"content/a2/vocabulary/05-umwelt-natur.json#words[0]","P2","A2","content/a2/vocabulary/05-umwelt-natur.json","0","Umwelt","NOMEN","FEMININ","","-","","no_plural_marker_needs_policy","Verify whether ""-"" is pedagogically correct for this noun.","môi trường","die Umgebung, in der wir leben","Wir müssen die Umwelt schützen.","",""
"content/a2/vocabulary/05-umwelt-natur.json#words[1]","P2","A2","content/a2/vocabulary/05-umwelt-natur.json","1","Umweltschutz","NOMEN","MASKULIN","","-","","no_plural_marker_needs_policy","Verify whether ""-"" is pedagogically correct for this noun.","bảo vệ môi trường","Aktionen, um die Natur zu bewahren und nicht zu zerstören","Umweltschutz ist wichtig.","",""
"content/a2/vocabulary/05-umwelt-natur.json#words[7]","P2","A2","content/a2/vocabulary/05-umwelt-natur.json","7","Nebel","NOMEN","MASKULIN","","-","","no_plural_marker_needs_policy","Verify whether ""-"" is pedagogically correct for this noun.","sương mù","dichter Wasserdampf in der Luft","Es gibt Nebel.","",""
"content/a2/vocabulary/05-umwelt-natur.json#words[9]","P2","A2","content/a2/vocabulary/05-umwelt-natur.json","9","Eis","NOMEN","NEUTRUM","","-","","no_plural_marker_needs_policy","Verify whether ""-"" is pedagogically correct for this noun.","băng, kem","festes Wasser","Der See hat Eis.","",""
"content/a2/vocabulary/07-kleidung-mode.json#words[0]","P2","A2","content/a2/vocabulary/07-kleidung-mode.json","0","Kleidung","NOMEN","FEMININ","","-","","no_plural_marker_needs_policy","Verify whether ""-"" is pedagogically correct for this noun.","quần áo","Sachen, die man am Körper trägt","Welche Kleidung trägst du?","",""
"content/a2/vocabulary/07-kleidung-mode.json#words[21]","P2","A2","content/a2/vocabulary/07-kleidung-mode.json","21","Schmuck","NOMEN","MASKULIN","","-","","no_plural_marker_needs_policy","Verify whether ""-"" is pedagogically correct for this noun.","trang sức","Dinge wie Ringe oder Ketten","Sie trägt Schmuck.","",""
"content/a2/vocabulary/07-kleidung-mode.json#words[3]","P2","A2","content/a2/vocabulary/07-kleidung-mode.json","3","Baumwolle","NOMEN","FEMININ","","-","","no_plural_marker_needs_policy","Verify whether ""-"" is pedagogically correct for this noun.","vải cotton","Ein natürlicher Stoff für T-Shirts","Das T-Shirt ist aus Baumwolle.","",""
"content/a2/vocabulary/07-kleidung-mode.json#words[4]","P2","A2","content/a2/vocabulary/07-kleidung-mode.json","4","Leder","NOMEN","NEUTRUM","","-","","no_plural_marker_needs_policy","Verify whether ""-"" is pedagogically correct for this noun.","da thuộc","Material von Tieren, zum Beispiel für Schuhe","Die Tasche ist aus Leder.","",""
"content/a2/vocabulary/07-kleidung-mode.json#words[5]","P2","A2","content/a2/vocabulary/07-kleidung-mode.json","5","Wolle","NOMEN","FEMININ","","-","","no_plural_marker_needs_policy","Verify whether ""-"" is pedagogically correct for this noun.","lên","Material von Schafen für warme Pullover","Der Pullover ist aus Wolle.","",""
"content/a2/vocabulary/09-bildung-berufsleben.json#words[17]","P2","A2","content/a2/vocabulary/09-bildung-berufsleben.json","17","Nachhilfe","NOMEN","FEMININ","","-","","no_plural_marker_needs_policy","Verify whether ""-"" is pedagogically correct for this noun.","dạy kèm","Extra Hilfe beim Lernen für die Schule.","Ich brauche Nachhilfe.","",""
"content/a2/vocabulary/10-arbeit-wirtschaft.json#words[12]","P2","A2","content/a2/vocabulary/10-arbeit-wirtschaft.json","12","Vollzeit","NOMEN","FEMININ","","-","","no_plural_marker_needs_policy","Verify whether ""-"" is pedagogically correct for this noun.","toàn thời gian","Wenn man die ganze Zeit arbeitet, zum Beispiel 40 Stunden pro Woche","Ich arbeite Vollzeit.","",""
"content/a2/vocabulary/10-arbeit-wirtschaft.json#words[13]","P2","A2","content/a2/vocabulary/10-arbeit-wirtschaft.json","13","Teilzeit","NOMEN","FEMININ","","-","","no_plural_marker_needs_policy","Verify whether ""-"" is pedagogically correct for this noun.","bán thời gian","Wenn man nur ein paar Stunden pro Woche arbeitet","Sie arbeitet Teilzeit.","",""
"content/a2/vocabulary/11-freizeit-kultur.json#words[21]","P2","A2","content/a2/vocabulary/11-freizeit-kultur.json","21","Freizeit","NOMEN","FEMININ","","","not_applicable_or_needs_review","plural_morphology_pending","Confirm plural form or mark the noun as normally singular-only/uncountable.","thời gian rảnh rỗi","Zeit, in der man nicht arbeitet oder lernt.","In meiner Freizeit lese ich gern Bücher.","",""
"content/a2/vocabulary/13-reisen-tourismus.json#words[12]","P2","A2","content/a2/vocabulary/13-reisen-tourismus.json","12","Gepäck","NOMEN","NEUTRUM","","-","","no_plural_marker_needs_policy","Verify whether ""-"" is pedagogically correct for this noun.","hành lý","Alle Taschen und Koffer, die man mitnimmt","Das Gepäck ist schwer.","",""
"content/a2/vocabulary/14-zeit-feiertage.json#words[0]","P2","A2","content/a2/vocabulary/14-zeit-feiertage.json","0","Weihnachten","NOMEN","NEUTRUM","","-","","no_plural_marker_needs_policy","Verify whether ""-"" is pedagogically correct for this noun.","Giáng sinh","ein Fest im Dezember","Frohe Weihnachten!","",""
"content/a2/vocabulary/14-zeit-feiertage.json#words[1]","P2","A2","content/a2/vocabulary/14-zeit-feiertage.json","1","Ostern","NOMEN","NEUTRUM","","-","","no_plural_marker_needs_policy","Verify whether ""-"" is pedagogically correct for this noun.","lễ Phục sinh","ein Fest im Frühling","Frohe Ostern!","",""
"content/a2/vocabulary/14-zeit-feiertage.json#words[2]","P2","A2","content/a2/vocabulary/14-zeit-feiertage.json","2","Silvester","NOMEN","NEUTRUM","","-","","no_plural_marker_needs_policy","Verify whether ""-"" is pedagogically correct for this noun.","đêm giao thừa","der letzte Tag im Jahr","An Silvester feiern wir.","",""
"content/a2/vocabulary/14-zeit-feiertage.json#words[5]","P2","A2","content/a2/vocabulary/14-zeit-feiertage.json","5","Frühling","NOMEN","MASKULIN","","-","","no_plural_marker_needs_policy","Verify whether ""-"" is pedagogically correct for this noun.","mùa xuân","Die Jahreszeit zwischen dem Winter und dem Sommer.","Im Frühling blühen die Blumen.","",""
"content/a2/vocabulary/14-zeit-feiertage.json#words[6]","P2","A2","content/a2/vocabulary/14-zeit-feiertage.json","6","Herbst","NOMEN","MASKULIN","","-","","no_plural_marker_needs_policy","Verify whether ""-"" is pedagogically correct for this noun.","mùa thu","Die Jahreszeit zwischen dem Sommer und dem Winter.","Im Herbst fallen die Blätter.","",""
"content/a2/vocabulary/14-zeit-feiertage.json#words[7]","P2","A2","content/a2/vocabulary/14-zeit-feiertage.json","7","Zukunft","NOMEN","FEMININ","","-","","no_plural_marker_needs_policy","Verify whether ""-"" is pedagogically correct for this noun.","tương lai","was kommen wird","Was planst du für die Zukunft?","",""
"content/a2/vocabulary/14-zeit-feiertage.json#words[8]","P2","A2","content/a2/vocabulary/14-zeit-feiertage.json","8","Vergangenheit","NOMEN","FEMININ","","-","","no_plural_marker_needs_policy","Verify whether ""-"" is pedagogically correct for this noun.","quá khứ","was bereits passiert ist","Das liegt in der Vergangenheit.","",""
"content/a2/vocabulary/14-zeit-feiertage.json#words[9]","P2","A2","content/a2/vocabulary/14-zeit-feiertage.json","9","Gegenwart","NOMEN","FEMININ","","-","","no_plural_marker_needs_policy","Verify whether ""-"" is pedagogically correct for this noun.","hiện tại","was jetzt geschieht","Lebe in der Gegenwart.","",""
"content/a2/vocabulary/15-gefuehle-meinungen.json#words[34]","P2","A2","content/a2/vocabulary/15-gefuehle-meinungen.json","34","Respekt","NOMEN","MASKULIN","","","not_applicable_or_needs_review","plural_morphology_pending","Confirm plural form or mark the noun as normally singular-only/uncountable.","sự tôn trọng","Eine höfliche Einstellung zu einer Person, weil man sie schätzt oder bewundert.","Man sollte Respekt vor älteren Menschen haben.","",""
"content/a2/vocabulary/15-gefuehle-meinungen.json#words[4]","P2","A2","content/a2/vocabulary/15-gefuehle-meinungen.json","4","Ärger","NOMEN","MASKULIN","","-","","no_plural_marker_needs_policy","Verify whether ""-"" is pedagogically correct for this noun.","sự tức giận","Ein negatives Gefühl, wenn man mit einer Situation nicht einverstanden ist.","Er hat viel Ärger.","",""
"content/a2/vocabulary/17-gesellschaft-regeln.json#words[10]","P2","A2","content/a2/vocabulary/17-gesellschaft-regeln.json","10","Gleichberechtigung","NOMEN","FEMININ","","-","","no_plural_marker_needs_policy","Verify whether ""-"" is pedagogically correct for this noun.","bình đẳng","Der Zustand, in dem alle Menschen die gleichen Rechte haben.","Gleichberechtigung ist wichtig.","",""
"content/a2/vocabulary/17-gesellschaft-regeln.json#words[12]","P2","A2","content/a2/vocabulary/17-gesellschaft-regeln.json","12","Integration","NOMEN","FEMININ","","-","","no_plural_marker_needs_policy","Verify whether ""-"" is pedagogically correct for this noun.","hội nhập","Der Prozess, bei dem neue Menschen Teil einer Gesellschaft werden.","Integration braucht Zeit.","",""
"content/a2/vocabulary/18-geld-finanzen.json#words[0]","P2","A2","content/a2/vocabulary/18-geld-finanzen.json","0","Bargeld","NOMEN","NEUTRUM","","-","","no_plural_marker_needs_policy","Verify whether ""-"" is pedagogically correct for this noun.","tiền mặt","Geld in Münzen oder Scheinen","Haben Sie Bargeld?","",""
"content/a2/vocabulary/19-verkehr-mobilitaet.json#words[0]","P2","A2","content/a2/vocabulary/19-verkehr-mobilitaet.json","0","Verkehr","NOMEN","MASKULIN","","-","","no_plural_marker_needs_policy","Verify whether ""-"" is pedagogically correct for this noun.","giao thông","Die Bewegung von Fahrzeugen und Personen auf Straßen oder Schienen.","Der Verkehr ist dicht.","",""
"content/a2/vocabulary/20-wetter-klima.json#words[2]","P2","A2","content/a2/vocabulary/20-wetter-klima.json","2","Sonnenschein","NOMEN","MASKULIN","","-","","no_plural_marker_needs_policy","Verify whether ""-"" is pedagogically correct for this noun.","nắng","das Licht der Sonne, das am Tag da ist","Heute gibt es Sonnenschein.","",""
"content/a2/vocabulary/20-wetter-klima.json#words[27]","P2","A2","content/a2/vocabulary/20-wetter-klima.json","27","Schnee","NOMEN","MASKULIN","","","not_applicable_or_needs_review","plural_morphology_pending","Confirm plural form or mark the noun as normally singular-only/uncountable.","tuyết","weiße Flocken","Der Schnee liegt auf den Bergen.","",""
"content/a2/vocabulary/20-wetter-klima.json#words[4]","P2","A2","content/a2/vocabulary/20-wetter-klima.json","4","Hagel","NOMEN","MASKULIN","","-","","no_plural_marker_needs_policy","Verify whether ""-"" is pedagogically correct for this noun.","mưa đá","kleine Steine aus Eis, die vom Himmel fallen","Es gibt Hagel.","",""
"content/a2/vocabulary/20-wetter-klima.json#words[5]","P2","A2","content/a2/vocabulary/20-wetter-klima.json","5","Donner","NOMEN","MASKULIN","","-","","no_plural_marker_needs_policy","Verify whether ""-"" is pedagogically correct for this noun.","sấm","ein lauter Laut im Himmel, der bei Gewitter kommt","Ich höre Donner.","",""
"content/a2/vocabulary/22-haustiere.json#words[14]","P2","A2","content/a2/vocabulary/22-haustiere.json","14","Pflege","NOMEN","FEMININ","","","not_applicable_or_needs_review","plural_morphology_pending","Confirm plural form or mark the noun as normally singular-only/uncountable.","việc chăm sóc, sự chăm sóc","Die Hilfe für ein Tier, damit es gesund bleibt","Die Pflege eines Haustieres braucht Zeit und Geduld.","",""
"content/a2/vocabulary/23-feste-geburtstag.json#words[10]","P2","A2","content/a2/vocabulary/23-feste-geburtstag.json","10","Verwandten","NOMEN","FEMININ","","","not_applicable_or_needs_review","plural_morphology_pending","Confirm plural form or mark the noun as normally singular-only/uncountable.","họ hàng, người thân (số nhiều)","Personen aus der eigenen Familie, wie Onkel, Tanten oder Cousins","Viele meiner Verwandten kommen zu Weihnachten.","",""
"content/a2/vocabulary/25-schulfaecher.json#words[13]","P2","A2","content/a2/vocabulary/25-schulfaecher.json","13","Unterricht","NOMEN","MASKULIN","","","not_applicable_or_needs_review","plural_morphology_pending","Confirm plural form or mark the noun as normally singular-only/uncountable.","tiết học, buổi học","Das Lehren und Lernen in einer Schule oder einem Kurs.","Der Unterricht beginnt pünktlich um 9 Uhr.","",""
"content/a2/vocabulary/26-nachbarn-gemeinde.json#words[13]","P2","A2","content/a2/vocabulary/26-nachbarn-gemeinde.json","13","Post","NOMEN","FEMININ","","","not_applicable_or_needs_review","plural_morphology_pending","Confirm plural form or mark the noun as normally singular-only/uncountable.","bưu điện, thư từ","Das Büro für Briefe und Pakete.","Ich muss zur Post gehen, um ein Paket abzuschicken.","",""
"content/b1/vocabulary/01-persoenlichkeit-charakter.json#words[10]","P2","B1","content/b1/vocabulary/01-persoenlichkeit-charakter.json","10","Mut","NOMEN","MASKULIN","","","not_applicable_or_needs_review","plural_morphology_pending","Confirm plural form or mark the noun as normally singular-only/uncountable.","lòng dũng cảm","Die Fähigkeit, etwas zu tun, obwohl man Angst hat","Es erfordert Mut, seine Meinung zu sagen.","",""
"content/b1/vocabulary/01-persoenlichkeit-charakter.json#words[12]","P2","B1","content/b1/vocabulary/01-persoenlichkeit-charakter.json","12","Selbstvertrauen","NOMEN","NEUTRUM","","","not_applicable_or_needs_review","plural_morphology_pending","Confirm plural form or mark the noun as normally singular-only/uncountable.","sự tự tin","Der Glaube an die eigenen Fähigkeiten","Mit mehr Selbstvertrauen fällt vieles leichter.","",""
"content/b1/vocabulary/01-persoenlichkeit-charakter.json#words[5]","P2","B1","content/b1/vocabulary/01-persoenlichkeit-charakter.json","5","Geduld","NOMEN","FEMININ","","","not_applicable_or_needs_review","plural_morphology_pending","Confirm plural form or mark the noun as normally singular-only/uncountable.","sự kiên nhẫn","Die Fähigkeit, ruhig zu warten","Man braucht viel Geduld, um eine neue Sprache zu lernen.","",""
"content/b1/vocabulary/01-persoenlichkeit-charakter.json#words[6]","P2","B1","content/b1/vocabulary/01-persoenlichkeit-charakter.json","6","Humor","NOMEN","MASKULIN","","","not_applicable_or_needs_review","plural_morphology_pending","Confirm plural form or mark the noun as normally singular-only/uncountable.","khiếu hài hước","Die Fähigkeit, lustige Dinge zu sehen und zu lachen","Er hat einen tollen Humor.","",""
"content/b1/vocabulary/01-persoenlichkeit-charakter.json#words[7]","P2","B1","content/b1/vocabulary/01-persoenlichkeit-charakter.json","7","Offenheit","NOMEN","FEMININ","","","not_applicable_or_needs_review","plural_morphology_pending","Confirm plural form or mark the noun as normally singular-only/uncountable.","sự cởi mở, thẳng thắn","Die Bereitschaft, neue Dinge oder Menschen kennenzulernen","Ich schätze ihre Offenheit sehr.","",""
"content/b1/vocabulary/01-persoenlichkeit-charakter.json#words[8]","P2","B1","content/b1/vocabulary/01-persoenlichkeit-charakter.json","8","Zuverlässigkeit","NOMEN","FEMININ","","","not_applicable_or_needs_review","plural_morphology_pending","Confirm plural form or mark the noun as normally singular-only/uncountable.","sự đáng tin cậy","Die Eigenschaft, dass man sich auf jemanden verlassen kann","Seine Zuverlässigkeit ist beeindruckend.","",""
"content/b1/vocabulary/01-persoenlichkeit-charakter.json#words[9]","P2","B1","content/b1/vocabulary/01-persoenlichkeit-charakter.json","9","Ehrlichkeit","NOMEN","FEMININ","","","not_applicable_or_needs_review","plural_morphology_pending","Confirm plural form or mark the noun as normally singular-only/uncountable.","sự trung thực","Die Eigenschaft, die Wahrheit zu sagen und nicht zu lügen","Ehrlichkeit ist die Basis jeder guten Beziehung.","",""
"content/b1/vocabulary/02-beziehungen-zusammenleben.json#words[10]","P2","B1","content/b1/vocabulary/02-beziehungen-zusammenleben.json","10","Toleranz","NOMEN","FEMININ","","","not_applicable_or_needs_review","plural_morphology_pending","Confirm plural form or mark the noun as normally singular-only/uncountable.","sự khoan dung","die Bereitschaft, andere Menschen und ihre Meinungen zu akzeptieren","Toleranz ist entscheidend für ein friedliches Zusammenleben.","",""
"content/b1/vocabulary/02-beziehungen-zusammenleben.json#words[11]","P2","B1","content/b1/vocabulary/02-beziehungen-zusammenleben.json","11","Rücksicht","NOMEN","FEMININ","","","not_applicable_or_needs_review","plural_morphology_pending","Confirm plural form or mark the noun as normally singular-only/uncountable.","sự cân nhắc, chu đáo","das Verhalten, bei dem man an die Bedürfnisse und Gefühle anderer denkt","Nimm bitte Rücksicht auf die anderen Bewohner.","",""
"content/b1/vocabulary/02-beziehungen-zusammenleben.json#words[15]","P2","B1","content/b1/vocabulary/02-beziehungen-zusammenleben.json","15","Verständnis","NOMEN","NEUTRUM","","","not_applicable_or_needs_review","plural_morphology_pending","Confirm plural form or mark the noun as normally singular-only/uncountable.","sự thấu hiểu","die Fähigkeit, die Gründe oder Gefühle einer anderen Person nachzuvollziehen","Ich habe großes Verständnis für deine Situation.","",""
"content/b1/vocabulary/02-beziehungen-zusammenleben.json#words[9]","P2","B1","content/b1/vocabulary/02-beziehungen-zusammenleben.json","9","Eifersucht","NOMEN","FEMININ","","","not_applicable_or_needs_review","plural_morphology_pending","Confirm plural form or mark the noun as normally singular-only/uncountable.","sự ghen tuông","das Gefühl von Angst oder Ärger, wenn man glaubt, dass eine geliebte Person jemand anderen bevorzugt","Eifersucht kann eine Beziehung zerstören.","",""
"content/b1/vocabulary/03-gesundheit-ernaehrung.json#words[1]","P2","B1","content/b1/vocabulary/03-gesundheit-ernaehrung.json","1","Gesundheit","NOMEN","FEMININ","","","not_applicable_or_needs_review","plural_morphology_pending","Confirm plural form or mark the noun as normally singular-only/uncountable.","sức khỏe","Der Zustand, wenn man nicht krank ist.","Seine Gesundheit hat sich nach der Kur verbessert.","",""
"content/b1/vocabulary/03-gesundheit-ernaehrung.json#words[10]","P2","B1","content/b1/vocabulary/03-gesundheit-ernaehrung.json","10","Verdauung","NOMEN","FEMININ","","","not_applicable_or_needs_review","plural_morphology_pending","Confirm plural form or mark the noun as normally singular-only/uncountable.","tiêu hóa","Der Prozess, bei dem der Körper das Essen verarbeitet.","Ballaststoffe sind gut für die Verdauung.","",""
"content/b1/vocabulary/03-gesundheit-ernaehrung.json#words[11]","P2","B1","content/b1/vocabulary/03-gesundheit-ernaehrung.json","11","Wohlbefinden","NOMEN","NEUTRUM","","","not_applicable_or_needs_review","plural_morphology_pending","Confirm plural form or mark the noun as normally singular-only/uncountable.","sức khỏe, sự thoải mái","Das Gefühl, dass man sich körperlich und psychisch gut fühlt.","Sport trägt zum allgemeinen Wohlbefinden bei.","",""
"content/b1/vocabulary/03-gesundheit-ernaehrung.json#words[12]","P2","B1","content/b1/vocabulary/03-gesundheit-ernaehrung.json","12","Stress","NOMEN","MASKULIN","","","not_applicable_or_needs_review","plural_morphology_pending","Confirm plural form or mark the noun as normally singular-only/uncountable.","căng thẳng","Ein Gefühl von Druck, wenn man zu viel zu tun hat.","Zu viel Stress kann krank machen.","",""
"content/b1/vocabulary/03-gesundheit-ernaehrung.json#words[13]","P2","B1","content/b1/vocabulary/03-gesundheit-ernaehrung.json","13","Entspannung","NOMEN","FEMININ","","","not_applicable_or_needs_review","plural_morphology_pending","Confirm plural form or mark the noun as normally singular-only/uncountable.","thư giãn","Die Zeit, in der man sich ausruht und ruhig ist.","Yoga ist eine gute Methode zur Entspannung.","",""
"content/b1/vocabulary/03-gesundheit-ernaehrung.json#words[16]","P2","B1","content/b1/vocabulary/03-gesundheit-ernaehrung.json","16","Appetit","NOMEN","MASKULIN","","","not_applicable_or_needs_review","plural_morphology_pending","Confirm plural form or mark the noun as normally singular-only/uncountable.","sự thèm ăn","Das Verlangen, etwas zu essen.","Durch die Krankheit hat er seinen Appetit verloren.","",""
"content/b1/vocabulary/03-gesundheit-ernaehrung.json#words[6]","P2","B1","content/b1/vocabulary/03-gesundheit-ernaehrung.json","6","Vorsorge","NOMEN","FEMININ","","","not_applicable_or_needs_review","plural_morphology_pending","Confirm plural form or mark the noun as normally singular-only/uncountable.","phòng ngừa, dự phòng","Maßnahmen, um eine Krankheit zu verhindern.","Vorsorgeuntersuchungen sind wichtig, um Krankheiten frühzeitig zu erkennen.","",""
"content/b1/vocabulary/06-ernaehrung-kochen.json#words[10]","P2","B1","content/b1/vocabulary/06-ernaehrung-kochen.json","10","Frühstück","NOMEN","NEUTRUM","","","not_applicable_or_needs_review","plural_morphology_pending","Confirm plural form or mark the noun as normally singular-only/uncountable.","bữa sáng","Die erste Mahlzeit am Morgen.","Das Frühstück ist die wichtigste Mahlzeit des Tages.","",""
"content/b1/vocabulary/06-ernaehrung-kochen.json#words[11]","P2","B1","content/b1/vocabulary/06-ernaehrung-kochen.json","11","Mittagessen","NOMEN","NEUTRUM","","","not_applicable_or_needs_review","plural_morphology_pending","Confirm plural form or mark the noun as normally singular-only/uncountable.","bữa trưa","Die Mahlzeit, die man normalerweise in der Mitte des Tages isst.","Wir treffen uns um 12 Uhr zum Mittagessen.","",""
"content/b1/vocabulary/06-ernaehrung-kochen.json#words[12]","P2","B1","content/b1/vocabulary/06-ernaehrung-kochen.json","12","Abendessen","NOMEN","NEUTRUM","","","not_applicable_or_needs_review","plural_morphology_pending","Confirm plural form or mark the noun as normally singular-only/uncountable.","bữa tối","Die letzte Mahlzeit des Tages, die man am Abend isst.","Nach dem Abendessen schauen wir einen Film.","",""
"content/b1/vocabulary/06-ernaehrung-kochen.json#words[7]","P2","B1","content/b1/vocabulary/06-ernaehrung-kochen.json","7","Hunger","NOMEN","MASKULIN","","","not_applicable_or_needs_review","plural_morphology_pending","Confirm plural form or mark the noun as normally singular-only/uncountable.","cơn đói","Das Gefühl, wenn man etwas essen möchte.","Ich habe großen Hunger, lass uns etwas essen.","",""
"content/b1/vocabulary/06-ernaehrung-kochen.json#words[8]","P2","B1","content/b1/vocabulary/06-ernaehrung-kochen.json","8","Durst","NOMEN","MASKULIN","","","not_applicable_or_needs_review","plural_morphology_pending","Confirm plural form or mark the noun as normally singular-only/uncountable.","cơn khát","Das Gefühl, wenn man etwas trinken möchte.","Nach dem Sport habe ich immer großen Durst.","",""
"content/b1/vocabulary/10-beruf-karriere.json#words[8]","P2","B1","content/b1/vocabulary/10-beruf-karriere.json","8","Zusammenarbeit","NOMEN","FEMININ","","","not_applicable_or_needs_review","plural_morphology_pending","Confirm plural form or mark the noun as normally singular-only/uncountable.","sự hợp tác","das Arbeiten gemeinsam mit anderen","Die Zusammenarbeit im Team war sehr produktiv.","",""
"content/b1/vocabulary/12-nachrichten-politik.json#words[12]","P2","B1","content/b1/vocabulary/12-nachrichten-politik.json","12","Presse","NOMEN","FEMININ","","","not_applicable_or_needs_review","plural_morphology_pending","Confirm plural form or mark the noun as normally singular-only/uncountable.","báo chí","Die Gesamtheit der Medien, die Nachrichten an die Öffentlichkeit verbreiten.","Die Presse berichtet täglich über aktuelle Ereignisse.","",""
"content/b1/vocabulary/13-reisen-abenteuer.json#words[10]","P2","B1","content/b1/vocabulary/13-reisen-abenteuer.json","10","Verpflegung","NOMEN","FEMININ","","","not_applicable_or_needs_review","plural_morphology_pending","Confirm plural form or mark the noun as normally singular-only/uncountable.","việc cung cấp bữa ăn","Die Bereitstellung von Essen und Getränken.","Die Verpflegung auf der Kreuzfahrt war ausgezeichnet.","",""
"content/b1/vocabulary/13-reisen-abenteuer.json#words[15]","P2","B1","content/b1/vocabulary/13-reisen-abenteuer.json","15","Gepäck","NOMEN","NEUTRUM","","","not_applicable_or_needs_review","plural_morphology_pending","Confirm plural form or mark the noun as normally singular-only/uncountable.","hành lý","Die Taschen und Koffer, die man mitnimmt.","Bitte geben Sie Ihr Gepäck am Schalter auf.","",""
"content/b1/vocabulary/15-psychologie-wohlbefinden.json#words[1]","P2","B1","content/b1/vocabulary/15-psychologie-wohlbefinden.json","1","Stress","NOMEN","MASKULIN","","","not_applicable_or_needs_review","plural_morphology_pending","Confirm plural form or mark the noun as normally singular-only/uncountable.","căng thẳng","Ein Gefühl von Druck, wenn man zu viel Arbeit oder Sorgen hat","Ich habe in letzter Zeit viel Stress bei der Arbeit.","",""
"content/b1/vocabulary/15-psychologie-wohlbefinden.json#words[10]","P2","B1","content/b1/vocabulary/15-psychologie-wohlbefinden.json","10","Achtsamkeit","NOMEN","FEMININ","","","not_applicable_or_needs_review","plural_morphology_pending","Confirm plural form or mark the noun as normally singular-only/uncountable.","sự chú tâm, chánh niệm","Die bewusste Aufmerksamkeit für den gegenwärtigen Moment.","Achtsamkeit kann helfen, Stress zu reduzieren.","",""
"content/b1/vocabulary/15-psychologie-wohlbefinden.json#words[3]","P2","B1","content/b1/vocabulary/15-psychologie-wohlbefinden.json","3","Zufriedenheit","NOMEN","FEMININ","","","not_applicable_or_needs_review","plural_morphology_pending","Confirm plural form or mark the noun as normally singular-only/uncountable.","sự hài lòng","Das Gefühl, dass alles so ist, wie man es möchte","Wahre Zufriedenheit kommt von innen.","",""
"content/b1/vocabulary/15-psychologie-wohlbefinden.json#words[4]","P2","B1","content/b1/vocabulary/15-psychologie-wohlbefinden.json","4","Glück","NOMEN","NEUTRUM","","","not_applicable_or_needs_review","plural_morphology_pending","Confirm plural form or mark the noun as normally singular-only/uncountable.","hạnh phúc, may mắn","Ein Zustand großer Freude oder ein glücklicher Zufall.","Ich wünsche dir viel Glück für deine Zukunft.","",""
"content/b1/vocabulary/15-psychologie-wohlbefinden.json#words[8]","P2","B1","content/b1/vocabulary/15-psychologie-wohlbefinden.json","8","Gesundheit","NOMEN","FEMININ","","","not_applicable_or_needs_review","plural_morphology_pending","Confirm plural form or mark the noun as normally singular-only/uncountable.","sức khỏe","Ein Zustand, in dem der Körper und der Geist frei von Krankheiten sind.","Meine Gesundheit ist mir sehr wichtig.","",""
"content/b1/vocabulary/15-psychologie-wohlbefinden.json#words[9]","P2","B1","content/b1/vocabulary/15-psychologie-wohlbefinden.json","9","Entspannung","NOMEN","FEMININ","","","not_applicable_or_needs_review","plural_morphology_pending","Confirm plural form or mark the noun as normally singular-only/uncountable.","sự thư giãn","Der Zustand, wenn man keinen Stress mehr hat und ruht","Nach einem anstrengenden Tag suche ich Entspannung.","",""
"content/b1/vocabulary/16-digitales-leben-internet.json#words[11]","P2","B1","content/b1/vocabulary/16-digitales-leben-internet.json","11","Privatsphäre","NOMEN","FEMININ","","","not_applicable_or_needs_review","plural_morphology_pending","Confirm plural form or mark the noun as normally singular-only/uncountable.","quyền riêng tư","das Recht, persönliche Informationen vor anderen zu verbergen","Meine Privatsphäre ist mir sehr wichtig.","",""
"content/b1/vocabulary/16-digitales-leben-internet.json#words[12]","P2","B1","content/b1/vocabulary/16-digitales-leben-internet.json","12","Datenschutz","NOMEN","MASKULIN","","","not_applicable_or_needs_review","plural_morphology_pending","Confirm plural form or mark the noun as normally singular-only/uncountable.","bảo vệ dữ liệu","die Sicherung von persönlichen Daten vor unbefugtem Zugriff","Der Datenschutz ist ein großes Thema.","",""
"content/b1/vocabulary/17-recht-gerechtigkeit.json#words[2]","P2","B1","content/b1/vocabulary/17-recht-gerechtigkeit.json","2","Gerechtigkeit","NOMEN","FEMININ","","","not_applicable_or_needs_review","plural_morphology_pending","Confirm plural form or mark the noun as normally singular-only/uncountable.","công lý, sự công bằng","Wenn alle Menschen fair und gleich behandelt werden.","Er kämpft für mehr Gerechtigkeit in der Welt.","",""
"content/b1/vocabulary/17-recht-gerechtigkeit.json#words[5]","P2","B1","content/b1/vocabulary/17-recht-gerechtigkeit.json","5","Schuld","NOMEN","FEMININ","","","not_applicable_or_needs_review","plural_morphology_pending","Confirm plural form or mark the noun as normally singular-only/uncountable.","tội lỗi, lỗi lầm","Die Verantwortung für eine Tat, die falsch oder illegal war.","Die Schuld des Angeklagten wurde bewiesen.","",""
"content/b1/vocabulary/18-wirtschaft-handel.json#words[15]","P2","B1","content/b1/vocabulary/18-wirtschaft-handel.json","15","Handel","NOMEN","MASKULIN","","","not_applicable_or_needs_review","plural_morphology_pending","Confirm plural form or mark the noun as normally singular-only/uncountable.","thương mại","Das Kaufen und Verkaufen von Waren.","Der internationale Handel ist wichtig für viele Länder.","",""
"content/b1/vocabulary/20-klima-nachhaltigkeit.json#words[1]","P2","B1","content/b1/vocabulary/20-klima-nachhaltigkeit.json","1","Umweltschutz","NOMEN","MASKULIN","","","not_applicable_or_needs_review","plural_morphology_pending","Confirm plural form or mark the noun as normally singular-only/uncountable.","bảo vệ môi trường","Maßnahmen, um die Natur und die Lebensgrundlagen der Menschen zu bewahren.","Umweltschutz ist eine wichtige Aufgabe für uns alle.","",""
"content/b1/vocabulary/20-klima-nachhaltigkeit.json#words[10]","P2","B1","content/b1/vocabulary/20-klima-nachhaltigkeit.json","10","Zukunft","NOMEN","FEMININ","","","not_applicable_or_needs_review","plural_morphology_pending","Confirm plural form or mark the noun as normally singular-only/uncountable.","tương lai","Die Zeit, die nach der Gegenwart kommt","Wir müssen heute handeln, um unsere Zukunft zu sichern.","",""
"content/b1/vocabulary/20-klima-nachhaltigkeit.json#words[2]","P2","B1","content/b1/vocabulary/20-klima-nachhaltigkeit.json","2","Verbrauch","NOMEN","MASKULIN","","","not_applicable_or_needs_review","plural_morphology_pending","Confirm plural form or mark the noun as normally singular-only/uncountable.","sự tiêu thụ","Die Menge an Energie oder Material, die man benutzt","Der hohe Energieverbrauch schadet der Umwelt.","",""
"content/b1/vocabulary/20-klima-nachhaltigkeit.json#words[3]","P2","B1","content/b1/vocabulary/20-klima-nachhaltigkeit.json","3","Klimaschutz","NOMEN","MASKULIN","","","not_applicable_or_needs_review","plural_morphology_pending","Confirm plural form or mark the noun as normally singular-only/uncountable.","bảo vệ khí hậu","Maßnahmen, um die Erwärmung der Erde zu verhindern oder zu verlangsamen.","Klimaschutz ist eine globale Aufgabe.","",""
"content/b1/vocabulary/21-medien-fernsehen.json#words[13]","P2","B1","content/b1/vocabulary/21-medien-fernsehen.json","13","Unterhaltung","NOMEN","FEMININ","","","not_applicable_or_needs_review","plural_morphology_pending","Confirm plural form or mark the noun as normally singular-only/uncountable.","giải trí, sự trò chuyện","Aktivitäten, die Spaß machen und gegen Langeweile helfen.","Für viele ist Fernsehen die wichtigste Form der Unterhaltung.","",""
"content/b1/vocabulary/21-medien-fernsehen.json#words[16]","P2","B1","content/b1/vocabulary/21-medien-fernsehen.json","16","Empfang","NOMEN","MASKULIN","","","not_applicable_or_needs_review","plural_morphology_pending","Confirm plural form or mark the noun as normally singular-only/uncountable.","sự tiếp nhận, sóng (tín hiệu)","Die Qualität der Signalverbindung beim Handy oder Radio.","In den Bergen ist der Handy-Empfang oft schlecht.","",""
"content/b1/vocabulary/22-musik-instrumente.json#words[8]","P2","B1","content/b1/vocabulary/22-musik-instrumente.json","8","Gesang","NOMEN","MASKULIN","","","not_applicable_or_needs_review","plural_morphology_pending","Confirm plural form or mark the noun as normally singular-only/uncountable.","tiếng hát, sự ca hát","das Singen von Liedern","Ihr klarer Gesang erfüllte den gesamten Raum und berührte alle Herzen.","",""
"content/b1/vocabulary/24-haustiere-tierpflege.json#words[10]","P2","B1","content/b1/vocabulary/24-haustiere-tierpflege.json","10","Fellpflege","NOMEN","FEMININ","","","not_applicable_or_needs_review","plural_morphology_pending","Confirm plural form or mark the noun as normally singular-only/uncountable.","chăm sóc lông","Das Bürsten oder Putzen der Tierhaare.","Die Fellpflege ist besonders wichtig bei langhaarigen Hunden.","",""
"content/b1/vocabulary/24-haustiere-tierpflege.json#words[11]","P2","B1","content/b1/vocabulary/24-haustiere-tierpflege.json","11","Tierquälerei","NOMEN","FEMININ","","","not_applicable_or_needs_review","plural_morphology_pending","Confirm plural form or mark the noun as normally singular-only/uncountable.","sự ngược đãi động vật","Wenn man einem Tier absichtlich wehtut.","Tierquälerei ist strafbar und sollte immer gemeldet werden.","",""
"content/b1/vocabulary/24-haustiere-tierpflege.json#words[12]","P2","B1","content/b1/vocabulary/24-haustiere-tierpflege.json","12","Tierschutz","NOMEN","MASKULIN","","","not_applicable_or_needs_review","plural_morphology_pending","Confirm plural form or mark the noun as normally singular-only/uncountable.","bảo vệ động vật","Die Arbeit, die Tiere vor Leid bewahrt und ihre Rechte schützt.","Der Tierschutz setzt sich für bessere Lebensbedingungen von Nutztieren ein.","",""
"content/b1/vocabulary/24-haustiere-tierpflege.json#words[13]","P2","B1","content/b1/vocabulary/24-haustiere-tierpflege.json","13","Erziehung","NOMEN","FEMININ","","","not_applicable_or_needs_review","plural_morphology_pending","Confirm plural form or mark the noun as normally singular-only/uncountable.","việc giáo dục, huấn luyện","Das Beibringen von Regeln an ein Tier.","Eine konsequente Erziehung ist entscheidend für einen gut erzogenen Hund.","",""
"content/b1/vocabulary/24-haustiere-tierpflege.json#words[5]","P2","B1","content/b1/vocabulary/24-haustiere-tierpflege.json","5","Streu","NOMEN","FEMININ","","","not_applicable_or_needs_review","plural_morphology_pending","Confirm plural form or mark the noun as normally singular-only/uncountable.","chất độn chuồng, cát vệ sinh (cho mèo)","Material, das als Unterlage in einem Käfig oder Katzenklo dient.","Die Katzenstreu muss einmal pro Woche gewechselt werden.","",""
"content/b1/vocabulary/24-haustiere-tierpflege.json#words[7]","P2","B1","content/b1/vocabulary/24-haustiere-tierpflege.json","7","Pflege","NOMEN","FEMININ","","","not_applicable_or_needs_review","plural_morphology_pending","Confirm plural form or mark the noun as normally singular-only/uncountable.","sự chăm sóc, bảo dưỡng","Die gute Betreuung eines Tieres.","Die Pflege eines Langhaarkaters erfordert viel Zeit.","",""
"content/b1/vocabulary/25-bank-versicherung.json#words[4]","P2","B1","content/b1/vocabulary/25-bank-versicherung.json","4","Bargeld","NOMEN","NEUTRUM","","","not_applicable_or_needs_review","plural_morphology_pending","Confirm plural form or mark the noun as normally singular-only/uncountable.","tiền mặt","Muenzen und Scheine","Ich zahle lieber mit Bargeld als mit Karte.","",""
"content/b1/vocabulary/27-mietvertrag-rechte.json#words[5]","P2","B1","content/b1/vocabulary/27-mietvertrag-rechte.json","5","Wohnungssuche","NOMEN","FEMININ","","","not_applicable_or_needs_review","plural_morphology_pending","Confirm plural form or mark the noun as normally singular-only/uncountable.","việc tìm kiếm căn hộ","Der Prozess, bei dem man versucht, ein passendes neues Zuhause zu finden.","Die Wohnungssuche in großen Städten kann sehr schwierig sein.","",""
"content/b1/vocabulary/28-internet-sicherheit.json#words[10]","P2","B1","content/b1/vocabulary/28-internet-sicherheit.json","10","Spam","NOMEN","MASKULIN","","","not_applicable_or_needs_review","plural_morphology_pending","Confirm plural form or mark the noun as normally singular-only/uncountable.","thư rác, tin rác","Unerwünschte E-Mails, die man in großen Mengen bekommt","Mein E-Mail-Postfach ist leider voller Spam-Nachrichten.","",""
"content/b1/vocabulary/28-internet-sicherheit.json#words[4]","P2","B1","content/b1/vocabulary/28-internet-sicherheit.json","4","Betrug","NOMEN","MASKULIN","","","not_applicable_or_needs_review","plural_morphology_pending","Confirm plural form or mark the noun as normally singular-only/uncountable.","lừa đảo, gian lận","Eine Handlung, bei der man jemanden täuscht, um einen Vorteil zu erlangen.","Seien Sie vorsichtig bei E-Mails, die nach einem Betrug aussehen.","",""
"content/b1/vocabulary/29-ehrenamt-soziales.json#words[12]","P2","B1","content/b1/vocabulary/29-ehrenamt-soziales.json","12","Betreuung","NOMEN","FEMININ","","","not_applicable_or_needs_review","plural_morphology_pending","Confirm plural form or mark the noun as normally singular-only/uncountable.","sự chăm sóc, sự giám sát","Die Hilfe und Pflege für Personen, die Unterstützung brauchen.","Die Betreuung von Kindern und älteren Menschen erfordert viel Geduld.","",""
"content/b1/vocabulary/29-ehrenamt-soziales.json#words[13]","P2","B1","content/b1/vocabulary/29-ehrenamt-soziales.json","13","Integration","NOMEN","FEMININ","","","not_applicable_or_needs_review","plural_morphology_pending","Confirm plural form or mark the noun as normally singular-only/uncountable.","sự hội nhập","Der Prozess, bei dem neue Menschen Teil einer Gesellschaft werden.","Sprachkurse sind wichtig für die Integration von Migranten in die Gesellschaft.","",""
"content/b1/vocabulary/29-ehrenamt-soziales.json#words[14]","P2","B1","content/b1/vocabulary/29-ehrenamt-soziales.json","14","Solidarität","NOMEN","FEMININ","","","not_applicable_or_needs_review","plural_morphology_pending","Confirm plural form or mark the noun as normally singular-only/uncountable.","sự đoàn kết","Das Gefühl, dass man zusammenhält und sich gegenseitig hilft.","In Krisenzeiten ist Solidarität besonders wichtig.","",""
"content/b1/vocabulary/29-ehrenamt-soziales.json#words[4]","P2","B1","content/b1/vocabulary/29-ehrenamt-soziales.json","4","Unterstützung","NOMEN","FEMININ","","","not_applicable_or_needs_review","plural_morphology_pending","Confirm plural form or mark the noun as normally singular-only/uncountable.","sự hỗ trợ, sự ủng hộ","Hilfe für jemanden, der sie braucht.","Wir benötigen Ihre Unterstützung, um dieses soziale Projekt zu verwirklichen.","",""
"content/b1/vocabulary/29-ehrenamt-soziales.json#words[5]","P2","B1","content/b1/vocabulary/29-ehrenamt-soziales.json","5","Engagement","NOMEN","NEUTRUM","","","not_applicable_or_needs_review","plural_morphology_pending","Confirm plural form or mark the noun as normally singular-only/uncountable.","sự cam kết, sự đóng góp, sự tham gia","Wenn man sich aktiv für eine Sache oder andere Menschen einsetzt.","Ihr Engagement für den Umweltschutz ist vorbildlich.","",""
"content/b1/vocabulary/29-ehrenamt-soziales.json#words[9]","P2","B1","content/b1/vocabulary/29-ehrenamt-soziales.json","9","Nothilfe","NOMEN","FEMININ","","","not_applicable_or_needs_review","plural_morphology_pending","Confirm plural form or mark the noun as normally singular-only/uncountable.","sự cứu trợ khẩn cấp","Sofortige Unterstützung in einer extrem schwierigen oder gefährlichen Lage.","Nach der Flutkatastrophe wurde sofort Nothilfe für die Betroffenen organisiert.","",""
"content/b1/vocabulary/30-umgangsformen-etikette.json#words[0]","P2","B1","content/b1/vocabulary/30-umgangsformen-etikette.json","0","Anstand","NOMEN","MASKULIN","","","not_applicable_or_needs_review","plural_morphology_pending","Confirm plural form or mark the noun as normally singular-only/uncountable.","sự đứng đắn, phép lịch sự","Gutes Verhalten und gute Manieren in der Gesellschaft.","Es gehört zum guten Anstand, sich nach dem Essen zu bedanken.","",""
"content/b1/vocabulary/30-umgangsformen-etikette.json#words[10]","P2","B1","content/b1/vocabulary/30-umgangsformen-etikette.json","10","Pünktlichkeit","NOMEN","FEMININ","","","not_applicable_or_needs_review","plural_morphology_pending","Confirm plural form or mark the noun as normally singular-only/uncountable.","sự đúng giờ","Die Eigenschaft, genau zur richtigen Zeit zu kommen.","Pünktlichkeit ist in Deutschland sehr wichtig, besonders bei Terminen.","",""
"content/b1/vocabulary/30-umgangsformen-etikette.json#words[11]","P2","B1","content/b1/vocabulary/30-umgangsformen-etikette.json","11","Respekt","NOMEN","MASKULIN","","","not_applicable_or_needs_review","plural_morphology_pending","Confirm plural form or mark the noun as normally singular-only/uncountable.","sự tôn trọng","Eine positive Einstellung zu jemandem, weil man ihn schätzt.","Man sollte immer Respekt vor älteren Menschen haben.","",""
"content/b1/vocabulary/30-umgangsformen-etikette.json#words[12]","P2","B1","content/b1/vocabulary/30-umgangsformen-etikette.json","12","Rücksicht","NOMEN","FEMININ","","","not_applicable_or_needs_review","plural_morphology_pending","Confirm plural form or mark the noun as normally singular-only/uncountable.","sự cân nhắc, sự quan tâm","Wenn man an die Bedürfnisse und Gefühle anderer denkt.","Er nimmt immer Rücksicht auf die Gefühle anderer.","",""
"content/b1/vocabulary/30-umgangsformen-etikette.json#words[13]","P2","B1","content/b1/vocabulary/30-umgangsformen-etikette.json","13","Smalltalk","NOMEN","MASKULIN","","","not_applicable_or_needs_review","plural_morphology_pending","Confirm plural form or mark the noun as normally singular-only/uncountable.","trò chuyện xã giao","Ein kurzes, lockeres Gespräch über einfache Themen.","Beim Empfang führte sie etwas Smalltalk mit den Gästen.","",""
"content/b1/vocabulary/30-umgangsformen-etikette.json#words[2]","P2","B1","content/b1/vocabulary/30-umgangsformen-etikette.json","2","Benehmen","NOMEN","NEUTRUM","","","not_applicable_or_needs_review","plural_morphology_pending","Confirm plural form or mark the noun as normally singular-only/uncountable.","cách cư xử","Die Art, wie sich eine Person gegenüber anderen verhält.","Sein Benehmen bei der Feier war leider nicht sehr angemessen.","",""
"content/b1/vocabulary/30-umgangsformen-etikette.json#words[5]","P2","B1","content/b1/vocabulary/30-umgangsformen-etikette.json","5","Gastfreundschaft","NOMEN","FEMININ","","","not_applicable_or_needs_review","plural_morphology_pending","Confirm plural form or mark the noun as normally singular-only/uncountable.","lòng hiếu khách","Wenn man Gästen freundlich begegnet und sie gut bewirtet.","Die Gastfreundschaft der Familie war wirklich beeindruckend.","",""
"content/b1/vocabulary/31-landwirtschaft-ernte.json#words[14]","P2","B1","content/b1/vocabulary/31-landwirtschaft-ernte.json","14","Landwirtschaft","NOMEN","FEMININ","","","not_applicable_or_needs_review","plural_morphology_pending","Confirm plural form or mark the noun as normally singular-only/uncountable.","nông nghiệp","Die Arbeit mit Pflanzen und Tieren, um Lebensmittel zu produzieren.","Die Landwirtschaft ist ein wichtiger Wirtschaftszweig.","",""
"content/b1/vocabulary/31-landwirtschaft-ernte.json#words[16]","P2","B1","content/b1/vocabulary/31-landwirtschaft-ernte.json","16","Vieh","NOMEN","NEUTRUM","","","not_applicable_or_needs_review","plural_morphology_pending","Confirm plural form or mark the noun as normally singular-only/uncountable.","gia súc","Tiere, die auf einem Bauernhof leben, wie Kühe, Schweine oder Schafe.","Das Vieh auf dem Bauernhof wird gut versorgt.","",""
"content/b1/vocabulary/31-landwirtschaft-ernte.json#words[3]","P2","B1","content/b1/vocabulary/31-landwirtschaft-ernte.json","3","Getreide","NOMEN","NEUTRUM","","","not_applicable_or_needs_review","plural_morphology_pending","Confirm plural form or mark the noun as normally singular-only/uncountable.","ngũ cốc, lúa mạch","Pflanzen wie Weizen oder Mais, aus denen man Mehl oder Brot macht.","Getreide ist die Grundlage vieler Nahrungsmittel.","",""
"content/b1/vocabulary/31-landwirtschaft-ernte.json#words[4]","P2","B1","content/b1/vocabulary/31-landwirtschaft-ernte.json","4","Gemüse","NOMEN","NEUTRUM","","","not_applicable_or_needs_review","plural_morphology_pending","Confirm plural form or mark the noun as normally singular-only/uncountable.","rau củ","Pflanzen, die man isst, wie zum Beispiel Karotten oder Tomaten.","Frisches Gemüse ist sehr gesund.","",""
"content/b1/vocabulary/32-handwerk-reparatur.json#words[13]","P2","B1","content/b1/vocabulary/32-handwerk-reparatur.json","13","Strom","NOMEN","MASKULIN","","","not_applicable_or_needs_review","plural_morphology_pending","Confirm plural form or mark the noun as normally singular-only/uncountable.","dòng điện, điện","elektrische Energie aus der Leitung","Vergessen Sie nicht, den Strom auszuschalten, bevor Sie an elektrischen Geräten arbeiten.","",""
"content/b1/vocabulary/34-diskussion-argumentation.json#words[13]","P2","B1","content/b1/vocabulary/34-diskussion-argumentation.json","13","Konsens","NOMEN","MASKULIN","","","not_applicable_or_needs_review","plural_morphology_pending","Confirm plural form or mark the noun as normally singular-only/uncountable.","sự đồng thuận, nhất trí","Einigsein aller Beteiligten","Nach langer Diskussion wurde ein Konsens gefunden.","",""
"content/b1/vocabulary/34-diskussion-argumentation.json#words[7]","P2","B1","content/b1/vocabulary/34-diskussion-argumentation.json","7","Zustimmung","NOMEN","FEMININ","","","not_applicable_or_needs_review","plural_morphology_pending","Confirm plural form or mark the noun as normally singular-only/uncountable.","sự đồng ý, sự chấp thuận","das Einverständnis mit einer Idee oder Handlung","Wir brauchen Ihre Zustimmung, um fortzufahren.","",""
"content/b1/vocabulary/36-hotel-unterkunft.json#words[10]","P2","B1","content/b1/vocabulary/36-hotel-unterkunft.json","10","Verfügbarkeit","NOMEN","FEMININ","","","not_applicable_or_needs_review","plural_morphology_pending","Confirm plural form or mark the noun as normally singular-only/uncountable.","sự có sẵn, tính khả dụng","Die Information, ob ein Zimmer oder ein Platz noch frei ist.","Ich muss zuerst die Verfügbarkeit der Zimmer prüfen.","",""
"content/b1/vocabulary/37-flughafen-grenze.json#words[14]","P2","B1","content/b1/vocabulary/37-flughafen-grenze.json","14","Grenzschutz","NOMEN","MASKULIN","","","not_applicable_or_needs_review","plural_morphology_pending","Confirm plural form or mark the noun as normally singular-only/uncountable.","lực lượng bảo vệ biên giới","Die Polizei an der Grenze eines Landes.","Der Grenzschutz kontrolliert alle Personen, die das Land verlassen.","",""
"content/b1/vocabulary/38-notfall-erste-hilfe.json#words[4]","P2","B1","content/b1/vocabulary/38-notfall-erste-hilfe.json","4","Bewusstsein","NOMEN","NEUTRUM","","","not_applicable_or_needs_review","plural_morphology_pending","Confirm plural form or mark the noun as normally singular-only/uncountable.","ý thức","Der Zustand, wenn man wach ist und weiß, was passiert.","Nach dem Sturz verlor der Mann das Bewusstsein.","",""
"content/b1/vocabulary/38-notfall-erste-hilfe.json#words[5]","P2","B1","content/b1/vocabulary/38-notfall-erste-hilfe.json","5","Erste Hilfe","NOMEN","FEMININ","","","not_applicable_or_needs_review","plural_morphology_pending","Confirm plural form or mark the noun as normally singular-only/uncountable.","sơ cứu","Die medizinischen Maßnahmen, die sofort nach einem Unfall durchgeführt werden, bevor professionelle Hilfe eintrifft.","Jeder sollte wissen, wie man Erste Hilfe leistet.","",""
"content/b1/vocabulary/38-notfall-erste-hilfe.json#words[9]","P2","B1","content/b1/vocabulary/38-notfall-erste-hilfe.json","9","Atemnot","NOMEN","FEMININ","","","not_applicable_or_needs_review","plural_morphology_pending","Confirm plural form or mark the noun as normally singular-only/uncountable.","khó thở","Wenn man große Schwierigkeiten beim Atmen hat.","Bei Atemnot sollte man sofort einen Arzt rufen.","",""
"content/b1/vocabulary/39-muell-recycling.json#words[1]","P2","B1","content/b1/vocabulary/39-muell-recycling.json","1","Recycling","NOMEN","NEUTRUM","","","not_applicable_or_needs_review","plural_morphology_pending","Confirm plural form or mark the noun as normally singular-only/uncountable.","tái chế","Das Wiederverwenden von Materialien","Recycling ist ein wichtiger Beitrag zum Umweltschutz.","",""
"content/b1/vocabulary/39-muell-recycling.json#words[5]","P2","B1","content/b1/vocabulary/39-muell-recycling.json","5","Plastik","NOMEN","NEUTRUM","","","not_applicable_or_needs_review","plural_morphology_pending","Confirm plural form or mark the noun as normally singular-only/uncountable.","nhựa","Ein künstliches Material, aus dem viele Flaschen gemacht sind","Plastik ist ein großes Problem für unsere Meere und die Tierwelt.","",""
"content/b1/vocabulary/39-muell-recycling.json#words[9]","P2","B1","content/b1/vocabulary/39-muell-recycling.json","9","Restmüll","NOMEN","MASKULIN","","","not_applicable_or_needs_review","plural_morphology_pending","Confirm plural form or mark the noun as normally singular-only/uncountable.","rác thải còn lại, rác không thể tái chế","Müll, den man nicht trennen oder recyceln kann","Alles, was nicht recycelt werden kann, kommt in den Restmüll.","",""
"content/b1/vocabulary/40-steuern-abgaben.json#words[7]","P2","B1","content/b1/vocabulary/40-steuern-abgaben.json","7","Steuerhinterziehung","NOMEN","FEMININ","","","not_applicable_or_needs_review","plural_morphology_pending","Confirm plural form or mark the noun as normally singular-only/uncountable.","trốn thuế","das Verheimlichen von Einkünften, um Steuern zu sparen","Steuerhinterziehung ist in Deutschland eine Straftat.","",""
"content/b1/vocabulary/40-steuern-abgaben.json#words[8]","P2","B1","content/b1/vocabulary/40-steuern-abgaben.json","8","Steuerlast","NOMEN","FEMININ","","","not_applicable_or_needs_review","plural_morphology_pending","Confirm plural form or mark the noun as normally singular-only/uncountable.","gánh nặng thuế","die Gesamtsumme der Steuern, die eine Person oder Firma zahlen muss","Viele kleine Unternehmen beschweren sich über die hohe Steuerlast.","",""
"content/b1/vocabulary/42-bewertungen-beschwerden.json#words[10]","P2","B1","content/b1/vocabulary/42-bewertungen-beschwerden.json","10","Feedback","NOMEN","NEUTRUM","","","not_applicable_or_needs_review","plural_morphology_pending","Confirm plural form or mark the noun as normally singular-only/uncountable.","Phản hồi","Eine Information darüber, wie jemand eine Leistung oder ein Produkt findet.","Wir freuen uns über Ihr Feedback zu unserem Service.","",""
"content/b1/vocabulary/42-bewertungen-beschwerden.json#words[3]","P2","B1","content/b1/vocabulary/42-bewertungen-beschwerden.json","3","Kundendienst","NOMEN","MASKULIN","","","not_applicable_or_needs_review","plural_morphology_pending","Confirm plural form or mark the noun as normally singular-only/uncountable.","Dịch vụ khách hàng","Die Abteilung in einer Firma, die Kunden hilft.","Der Kundendienst war sehr hilfsbereit und freundlich.","",""
"content/b1/vocabulary/42-bewertungen-beschwerden.json#words[4]","P2","B1","content/b1/vocabulary/42-bewertungen-beschwerden.json","4","Qualität","NOMEN","FEMININ","","","not_applicable_or_needs_review","plural_morphology_pending","Confirm plural form or mark the noun as normally singular-only/uncountable.","Chất lượng","Wie gut oder schlecht ein Produkt gemacht ist.","Die Qualität des Essens war hervorragend.","",""
"content/b1/vocabulary/42-bewertungen-beschwerden.json#words[6]","P2","B1","content/b1/vocabulary/42-bewertungen-beschwerden.json","6","Zufriedenheit","NOMEN","FEMININ","","","not_applicable_or_needs_review","plural_morphology_pending","Confirm plural form or mark the noun as normally singular-only/uncountable.","Sự hài lòng","Das Gefühl, wenn man mit einer Situation oder einem Produkt einverstanden ist.","Die Zufriedenheit unserer Kunden ist unser höchstes Ziel.","",""
"content/b1/vocabulary/42-bewertungen-beschwerden.json#words[7]","P2","B1","content/b1/vocabulary/42-bewertungen-beschwerden.json","7","Unzufriedenheit","NOMEN","FEMININ","","","not_applicable_or_needs_review","plural_morphology_pending","Confirm plural form or mark the noun as normally singular-only/uncountable.","Sự không hài lòng","Das Gefühl, wenn man mit einer Situation oder einem Produkt nicht einverstanden ist.","Die Unzufriedenheit der Mitarbeiter führte zu einem Streik.","",""
"content/b1/vocabulary/42-bewertungen-beschwerden.json#words[9]","P2","B1","content/b1/vocabulary/42-bewertungen-beschwerden.json","9","Ersatz","NOMEN","MASKULIN","","","not_applicable_or_needs_review","plural_morphology_pending","Confirm plural form or mark the noun as normally singular-only/uncountable.","Sự thay thế, đồ thay thế","Eine Sache, die eine andere übernimmt, weil diese kaputt oder weg ist.","Ich habe einen Ersatz für das kaputte Handy bekommen.","",""
"content/b2/vocabulary/01-identitaet-selbstbild.json#words[12]","P2","B2","content/b2/vocabulary/01-identitaet-selbstbild.json","12","Selbstverwirklichung","NOMEN","FEMININ","","","not_applicable_or_needs_review","plural_morphology_pending","Confirm plural form or mark the noun as normally singular-only/uncountable.","tự hiện thực hóa","Das Ziel, seine eigenen Talente und Wünsche voll zu nutzen.","Die Selbstverwirklichung ist ein grundlegendes menschliches Bedürfnis.","",""
"content/b2/vocabulary/02-zwischenmenschliches.json#words[1]","P2","B2","content/b2/vocabulary/02-zwischenmenschliches.json","1","Verständnis","NOMEN","NEUTRUM","","-","","no_plural_marker_needs_policy","Verify whether ""-"" is pedagogically correct for this noun.","sự thấu hiểu, sự thông cảm","Die Fähigkeit, die Gründe oder Gefühle einer anderen Person zu akzeptieren oder zu begreifen.","Für ein harmonisches Zusammenleben ist gegenseitiges Verständnis unerlässlich.","",""
"content/b2/vocabulary/02-zwischenmenschliches.json#words[10]","P2","B2","content/b2/vocabulary/02-zwischenmenschliches.json","10","Zuneigung","NOMEN","FEMININ","","-","","no_plural_marker_needs_policy","Verify whether ""-"" is pedagogically correct for this noun.","tình cảm, sự yêu mến","Ein Gefühl von Liebe oder Sympathie für eine Person.","Ihre Zuneigung zueinander war in jedem ihrer Blicke spürbar.","",""
"content/b2/vocabulary/02-zwischenmenschliches.json#words[11]","P2","B2","content/b2/vocabulary/02-zwischenmenschliches.json","11","Verbundenheit","NOMEN","FEMININ","","-","","no_plural_marker_needs_policy","Verify whether ""-"" is pedagogically correct for this noun.","sự gắn bó, sự kết nối","Ein starkes Gefühl der emotionalen Nähe zu einer Person oder einer Gruppe.","Trotz der räumlichen Distanz spürten sie eine tiefe Verbundenheit.","",""
"content/b2/vocabulary/02-zwischenmenschliches.json#words[12]","P2","B2","content/b2/vocabulary/02-zwischenmenschliches.json","12","Eifersucht","NOMEN","FEMININ","","-","","no_plural_marker_needs_policy","Verify whether ""-"" is pedagogically correct for this noun.","sự ghen tuông","Ein negatives Gefühl, wenn man Angst hat, jemanden zu verlieren.","Eifersucht kann eine Beziehung zerstören, wenn sie nicht kontrolliert wird.","",""
"content/b2/vocabulary/02-zwischenmenschliches.json#words[16]","P2","B2","content/b2/vocabulary/02-zwischenmenschliches.json","16","Zugehörigkeit","NOMEN","FEMININ","","-","","no_plural_marker_needs_policy","Verify whether ""-"" is pedagogically correct for this noun.","sự thuộc về, cảm giác thuộc về","Das Gefühl, Teil einer Gruppe oder Familie zu sein.","Das Gefühl der Zugehörigkeit zu einer Gruppe stärkt das Selbstwertgefühl.","",""
"content/b2/vocabulary/02-zwischenmenschliches.json#words[3]","P2","B2","content/b2/vocabulary/02-zwischenmenschliches.json","3","Empathie","NOMEN","FEMININ","","-","","no_plural_marker_needs_policy","Verify whether ""-"" is pedagogically correct for this noun.","sự đồng cảm","Die Fähigkeit, die Gefühle anderer Menschen zu verstehen.","Empathie ermöglicht es uns, die Gefühle anderer nachzuvollziehen und angemessen zu reagieren.","",""
"content/b2/vocabulary/02-zwischenmenschliches.json#words[5]","P2","B2","content/b2/vocabulary/02-zwischenmenschliches.json","5","Vertrauen","NOMEN","NEUTRUM","","-","","no_plural_marker_needs_policy","Verify whether ""-"" is pedagogically correct for this noun.","sự tin tưởng, lòng tin","Das Gefühl, dass man sich auf jemanden verlassen kann.","Vertrauen ist die Basis jeder stabilen zwischenmenschlichen Beziehung.","",""
"content/b2/vocabulary/02-zwischenmenschliches.json#words[9]","P2","B2","content/b2/vocabulary/02-zwischenmenschliches.json","9","Rückhalt","NOMEN","MASKULIN","","-","","no_plural_marker_needs_policy","Verify whether ""-"" is pedagogically correct for this noun.","sự ủng hộ, sự hỗ trợ","Die Unterstützung, die man von anderen Personen bekommt.","Ohne den Rückhalt meiner Familie hätte ich diese schwierige Zeit kaum überstanden.","",""
"content/b2/vocabulary/04-architektur-stadtplanung.json#words[15]","P2","B2","content/b2/vocabulary/04-architektur-stadtplanung.json","15","Denkmalschutz","NOMEN","MASKULIN","","-","","no_plural_marker_needs_policy","Verify whether ""-"" is pedagogically correct for this noun.","sự bảo vệ di tích","die gesetzliche Regelung zur Erhaltung und Pflege historisch bedeutsamer Gebäude","Der Denkmalschutz spielt eine wichtige Rolle bei der Bewahrung des kulturellen Erbes einer Stadt.","",""
"content/b2/vocabulary/05-oekologie-artenvielfalt.json#words[1]","P2","B2","content/b2/vocabulary/05-oekologie-artenvielfalt.json","1","Artenvielfalt","NOMEN","FEMININ","","","not_applicable_or_needs_review","plural_morphology_pending","Confirm plural form or mark the noun as normally singular-only/uncountable.","đa dạng sinh học","das Vorkommen vieler verschiedener Tier- und Pflanzenarten in einem bestimmten Gebiet","Der Schutz der Artenvielfalt ist entscheidend für das Gleichgewicht unserer Ökosysteme.","",""
"content/b2/vocabulary/05-oekologie-artenvielfalt.json#words[12]","P2","B2","content/b2/vocabulary/05-oekologie-artenvielfalt.json","12","Artenschutz","NOMEN","MASKULIN","","","not_applicable_or_needs_review","plural_morphology_pending","Confirm plural form or mark the noun as normally singular-only/uncountable.","bảo vệ loài","Maßnahmen, die verhindern sollen, dass Tier- oder Pflanzenarten aussterben","Der Artenschutz ist eine globale Aufgabe, die auch lokale Maßnahmen erfordert.","",""
"content/b2/vocabulary/05-oekologie-artenvielfalt.json#words[15]","P2","B2","content/b2/vocabulary/05-oekologie-artenvielfalt.json","15","Bewusstsein","NOMEN","NEUTRUM","","","not_applicable_or_needs_review","plural_morphology_pending","Confirm plural form or mark the noun as normally singular-only/uncountable.","ý thức","das Wissen oder die Erkenntnis, dass etwas existiert","Das Bewusstsein für Umweltthemen muss in der Bevölkerung weiter geschärft werden.","",""
"content/b2/vocabulary/05-oekologie-artenvielfalt.json#words[2]","P2","B2","content/b2/vocabulary/05-oekologie-artenvielfalt.json","2","Nachhaltigkeit","NOMEN","FEMININ","","","not_applicable_or_needs_review","plural_morphology_pending","Confirm plural form or mark the noun as normally singular-only/uncountable.","sự bền vững","eine Lebensweise, bei der Ressourcen so genutzt werden, dass sie auch für zukünftige Generationen erhalten bleiben","Um die globale Erwärmung zu bekämpfen, müssen wir uns der Nachhaltigkeit verschreiben.","",""
"content/b2/vocabulary/05-oekologie-artenvielfalt.json#words[3]","P2","B2","content/b2/vocabulary/05-oekologie-artenvielfalt.json","3","Klimawandel","NOMEN","MASKULIN","","","not_applicable_or_needs_review","plural_morphology_pending","Confirm plural form or mark the noun as normally singular-only/uncountable.","biến đổi khí hậu","die langfristige Änderung der globalen Durchschnittstemperatur und der Wetterbedingungen auf der Erde","Der Klimawandel stellt eine der größten Herausforderungen des 21. Jahrhunderts dar.","",""
"content/b2/vocabulary/05-oekologie-artenvielfalt.json#words[8]","P2","B2","content/b2/vocabulary/05-oekologie-artenvielfalt.json","8","Naturschutz","NOMEN","MASKULIN","","","not_applicable_or_needs_review","plural_morphology_pending","Confirm plural form or mark the noun as normally singular-only/uncountable.","bảo tồn thiên nhiên","Maßnahmen, die darauf abzielen, die Natur und ihre Vielfalt vor Zerstörung zu bewahren","Der Naturschutz spielt eine zentrale Rolle bei der Erhaltung unserer natürlichen Umwelt.","",""
"content/b2/vocabulary/06-ernaehrungswissenschaft.json#words[10]","P2","B2","content/b2/vocabulary/06-ernaehrungswissenschaft.json","10","Übergewicht","NOMEN","NEUTRUM","","-","","no_plural_marker_needs_policy","Verify whether ""-"" is pedagogically correct for this noun.","thừa cân, béo phì","Der Zustand, wenn eine Person zu viel Körperfett hat.","Übergewicht erhöht das Risiko für zahlreiche chronische Krankheiten wie Diabetes Typ 2 und Herz-Kreislauf-Erkrankungen.","",""
"content/b2/vocabulary/06-ernaehrungswissenschaft.json#words[11]","P2","B2","content/b2/vocabulary/06-ernaehrungswissenschaft.json","11","Unterernährung","NOMEN","FEMININ","","-","","no_plural_marker_needs_policy","Verify whether ""-"" is pedagogically correct for this noun.","suy dinh dưỡng","Der Zustand, wenn der Körper nicht genug Nahrung oder Nährstoffe bekommt.","Unterernährung ist ein globales Problem, das insbesondere Kinder in Entwicklungsländern betrifft und ihre körperliche sowie geistige Entwicklung beeinträchtigt.","",""
"content/b2/vocabulary/06-ernaehrungswissenschaft.json#words[15]","P2","B2","content/b2/vocabulary/06-ernaehrungswissenschaft.json","15","Wohlbefinden","NOMEN","NEUTRUM","","-","","no_plural_marker_needs_policy","Verify whether ""-"" is pedagogically correct for this noun.","sức khỏe, sự thoải mái","Das Gefühl, körperlich und psychisch gesund zu sein.","Eine ausgewogene Ernährung trägt maßgeblich zum körperlichen und geistigen Wohlbefinden bei.","",""
"content/b2/vocabulary/07-konsumverhalten-werbung.json#words[1]","P2","B2","content/b2/vocabulary/07-konsumverhalten-werbung.json","1","Konsumverhalten","NOMEN","NEUTRUM","","-","","no_plural_marker_needs_policy","Verify whether ""-"" is pedagogically correct for this noun.","hành vi tiêu dùng","Die Art und Weise, wie Menschen Produkte kaufen und nutzen.","Das Konsumverhalten hat sich durch die Digitalisierung und den Online-Handel stark verändert.","",""
"content/b2/vocabulary/07-konsumverhalten-werbung.json#words[11]","P2","B2","content/b2/vocabulary/07-konsumverhalten-werbung.json","11","Kundenbindung","NOMEN","FEMININ","","-","","no_plural_marker_needs_policy","Verify whether ""-"" is pedagogically correct for this noun.","sự gắn kết khách hàng","Maßnahmen, damit Kunden langfristig bei einer Firma bleiben.","Eine hohe Kundenbindung ist der Schlüssel zum langfristigen Erfolg eines Unternehmens.","",""
"content/b2/vocabulary/07-konsumverhalten-werbung.json#words[16]","P2","B2","content/b2/vocabulary/07-konsumverhalten-werbung.json","16","Kaufkraft","NOMEN","FEMININ","","-","","no_plural_marker_needs_policy","Verify whether ""-"" is pedagogically correct for this noun.","sức mua","Die Menge an Waren, die man mit seinem Geld kaufen kann.","Die Kaufkraft der Bevölkerung ist ein wichtiger Indikator für die wirtschaftliche Entwicklung eines Landes.","",""
"content/b2/vocabulary/07-konsumverhalten-werbung.json#words[5]","P2","B2","content/b2/vocabulary/07-konsumverhalten-werbung.json","5","Markenloyalität","NOMEN","FEMININ","","-","","no_plural_marker_needs_policy","Verify whether ""-"" is pedagogically correct for this noun.","lòng trung thành với thương hiệu","Die Treue eines Kunden zu einer bestimmten Marke, die dazu führt, dass er immer wieder dort kauft.","Starke Markenloyalität ist ein wertvolles Gut für jedes Unternehmen, da sie wiederkehrende Umsätze sichert.","",""
"content/b2/vocabulary/07-konsumverhalten-werbung.json#words[6]","P2","B2","content/b2/vocabulary/07-konsumverhalten-werbung.json","6","Nachhaltigkeit","NOMEN","FEMININ","","-","","no_plural_marker_needs_policy","Verify whether ""-"" is pedagogically correct for this noun.","sự bền vững","Die Eigenschaft einer Entwicklung, die Ressourcen so nutzt, dass sie auch für zukünftige Generationen erhalten bleiben.","Immer mehr Konsumenten legen Wert auf Nachhaltigkeit bei ihren Kaufentscheidungen.","",""
"content/b2/vocabulary/07-konsumverhalten-werbung.json#words[8]","P2","B2","content/b2/vocabulary/07-konsumverhalten-werbung.json","8","Glaubwürdigkeit","NOMEN","FEMININ","","-","","no_plural_marker_needs_policy","Verify whether ""-"" is pedagogically correct for this noun.","sự đáng tin cậy","Die Eigenschaft, dass man jemandem oder etwas vertrauen kann.","Die Glaubwürdigkeit einer Marke hängt stark von der Transparenz ihrer Kommunikation ab.","",""
"content/b2/vocabulary/08-migration-integration.json#words[13]","P2","B2","content/b2/vocabulary/08-migration-integration.json","13","Zusammenhalt","NOMEN","MASKULIN","","","not_applicable_or_needs_review","plural_morphology_pending","Confirm plural form or mark the noun as normally singular-only/uncountable.","sự gắn kết","Die starke Verbindung und Unterstützung innerhalb einer Gruppe.","Der soziale Zusammenhalt einer Gesellschaft wird durch gemeinsame Werte und gegenseitigen Respekt gefördert.","",""
"content/b2/vocabulary/10-arbeitswelt-globalisierung.json#words[15]","P2","B2","content/b2/vocabulary/10-arbeitswelt-globalisierung.json","15","Wirtschaftswachstum","NOMEN","NEUTRUM","","","not_applicable_or_needs_review","plural_morphology_pending","Confirm plural form or mark the noun as normally singular-only/uncountable.","tăng trưởng kinh tế","Die Zunahme der produzierten Waren und Dienstleistungen in einem Land.","Ein nachhaltiges Wirtschaftswachstum ist entscheidend für die Schaffung von Arbeitsplätzen und Wohlstand.","",""
"content/b2/vocabulary/11-literatur-philosophie.json#words[15]","P2","B2","content/b2/vocabulary/11-literatur-philosophie.json","15","Existenzialismus","NOMEN","MASKULIN","","","not_applicable_or_needs_review","plural_morphology_pending","Confirm plural form or mark the noun as normally singular-only/uncountable.","chủ nghĩa hiện sinh","Eine philosophische Richtung, die die Freiheit und Verantwortung des Einzelnen betont.","Der Existenzialismus betont die Freiheit und Verantwortung des Einzelnen für sein Handeln.","",""
"content/b2/vocabulary/11-literatur-philosophie.json#words[16]","P2","B2","content/b2/vocabulary/11-literatur-philosophie.json","16","Aufklärung","NOMEN","FEMININ","","","not_applicable_or_needs_review","plural_morphology_pending","Confirm plural form or mark the noun as normally singular-only/uncountable.","Thời kỳ Khai sáng","Eine Epoche, in der Vernunft und Wissen wichtiger wurden als Traditionen.","Die Ideale der Aufklärung, wie Vernunft und Freiheit, prägen unsere modernen Gesellschaften.","",""
"content/b2/vocabulary/12-medienlandschaft-ethik.json#words[10]","P2","B2","content/b2/vocabulary/12-medienlandschaft-ethik.json","10","Datenschutz","NOMEN","MASKULIN","","","not_applicable_or_needs_review","plural_morphology_pending","Confirm plural form or mark the noun as normally singular-only/uncountable.","bảo vệ dữ liệu","Der Schutz von persönlichen Informationen vor dem Missbrauch.","Der Datenschutz ist ein wichtiges Thema im Umgang mit persönlichen Informationen im Internet.","",""
"content/b2/vocabulary/12-medienlandschaft-ethik.json#words[16]","P2","B2","content/b2/vocabulary/12-medienlandschaft-ethik.json","16","Privatsphäre","NOMEN","FEMININ","","","not_applicable_or_needs_review","plural_morphology_pending","Confirm plural form or mark the noun as normally singular-only/uncountable.","quyền riêng tư","Der Bereich des Lebens, der nicht öffentlich sein soll.","Der Schutz der Privatsphäre ist ein Grundrecht, das im digitalen Raum oft gefährdet ist.","",""
"content/b2/vocabulary/15-emotionale-intelligenz.json#words[0]","P2","B2","content/b2/vocabulary/15-emotionale-intelligenz.json","0","Achtsamkeit","NOMEN","FEMININ","","","not_applicable_or_needs_review","plural_morphology_pending","Confirm plural form or mark the noun as normally singular-only/uncountable.","sự chú tâm, sự tỉnh thức","Die bewusste Konzentration auf den gegenwärtigen Moment und die eigenen Empfindungen.","Durch regelmäßige Achtsamkeitsübungen können wir lernen, unsere Emotionen besser zu steuern.","",""
"content/b2/vocabulary/15-emotionale-intelligenz.json#words[1]","P2","B2","content/b2/vocabulary/15-emotionale-intelligenz.json","1","Selbstbewusstsein","NOMEN","NEUTRUM","","","not_applicable_or_needs_review","plural_morphology_pending","Confirm plural form or mark the noun as normally singular-only/uncountable.","sự tự nhận thức, sự tự tin","Das Vertrauen in die eigenen Fähigkeiten und das Wissen über sich selbst.","Ein hohes Maß an Selbstbewusstsein ist entscheidend für persönliche Entwicklung und Erfolg im Berufsleben.","",""
"content/b2/vocabulary/15-emotionale-intelligenz.json#words[10]","P2","B2","content/b2/vocabulary/15-emotionale-intelligenz.json","10","Wertschätzung","NOMEN","FEMININ","","","not_applicable_or_needs_review","plural_morphology_pending","Confirm plural form or mark the noun as normally singular-only/uncountable.","sự trân trọng, sự đánh giá cao","Die Anerkennung und der Respekt gegenüber einer Person.","Mitarbeiter, die Wertschätzung erfahren, sind in der Regel motivierter und loyaler.","",""
"content/b2/vocabulary/15-emotionale-intelligenz.json#words[14]","P2","B2","content/b2/vocabulary/15-emotionale-intelligenz.json","14","Einfühlungsvermögen","NOMEN","NEUTRUM","","","not_applicable_or_needs_review","plural_morphology_pending","Confirm plural form or mark the noun as normally singular-only/uncountable.","khả năng đồng cảm","Die Fähigkeit, sich in die Gefühle anderer hineinzuversetzen.","Manager mit hohem Einfühlungsvermögen können die Bedürfnisse ihrer Mitarbeiter besser verstehen und unterstützen.","",""
"content/b2/vocabulary/15-emotionale-intelligenz.json#words[15]","P2","B2","content/b2/vocabulary/15-emotionale-intelligenz.json","15","Feingefühl","NOMEN","NEUTRUM","","","not_applicable_or_needs_review","plural_morphology_pending","Confirm plural form or mark the noun as normally singular-only/uncountable.","sự tế nhị, sự tinh tế","Ein sehr vorsichtiges und taktvolles Verhalten gegenüber anderen.","Im Umgang mit sensiblen Themen ist Feingefühl unerlässlich, um Missverständnisse zu vermeiden.","",""
"content/b2/vocabulary/15-emotionale-intelligenz.json#words[17]","P2","B2","content/b2/vocabulary/15-emotionale-intelligenz.json","17","Ärger","NOMEN","MASKULIN","","","not_applicable_or_needs_review","plural_morphology_pending","Confirm plural form or mark the noun as normally singular-only/uncountable.","sự tức giận, sự bực bội","Ein Zustand von Verärgerung, wenn etwas nicht nach den eigenen Vorstellungen verläuft.","Seinen Ärger über die Ungerechtigkeit konnte er kaum verbergen.","",""
"content/b2/vocabulary/15-emotionale-intelligenz.json#words[2]","P2","B2","content/b2/vocabulary/15-emotionale-intelligenz.json","2","Selbstbeherrschung","NOMEN","FEMININ","","","not_applicable_or_needs_review","plural_morphology_pending","Confirm plural form or mark the noun as normally singular-only/uncountable.","sự tự chủ, khả năng kiềm chế bản thân","Die Fähigkeit, seine eigenen Emotionen und Impulse zu kontrollieren.","Die Selbstbeherrschung ist eine wichtige Fähigkeit, um in stressigen Situationen ruhig zu bleiben.","",""
"content/b2/vocabulary/15-emotionale-intelligenz.json#words[3]","P2","B2","content/b2/vocabulary/15-emotionale-intelligenz.json","3","Resilienz","NOMEN","FEMININ","","","not_applicable_or_needs_review","plural_morphology_pending","Confirm plural form or mark the noun as normally singular-only/uncountable.","sức bật, khả năng phục hồi","Die psychische Kraft, schwierige Situationen zu überstehen.","Resilienz hilft Menschen, schwierige Lebensphasen zu überwinden und gestärkt daraus hervorzugehen.","",""
"content/b2/vocabulary/15-emotionale-intelligenz.json#words[8]","P2","B2","content/b2/vocabulary/15-emotionale-intelligenz.json","8","Verständnis","NOMEN","NEUTRUM","","","not_applicable_or_needs_review","plural_morphology_pending","Confirm plural form or mark the noun as normally singular-only/uncountable.","sự hiểu biết","Die Fähigkeit, eine Situation oder die Meinung anderer zu begreifen.","Ein tiefes Verständnis für die Beweggründe anderer ist essenziell für Empathie.","",""
"content/b2/vocabulary/15-emotionale-intelligenz.json#words[9]","P2","B2","content/b2/vocabulary/15-emotionale-intelligenz.json","9","Umgang","NOMEN","MASKULIN","","","not_applicable_or_needs_review","plural_morphology_pending","Confirm plural form or mark the noun as normally singular-only/uncountable.","cách đối phó, cách ứng xử","Das soziale Verhalten oder die Interaktion mit anderen Personen.","Der konstruktive Umgang mit Kritik ist ein Zeichen emotionaler Reife.","",""
"content/b2/vocabulary/16-kuenstliche-intelligenz.json#words[0]","P2","B2","content/b2/vocabulary/16-kuenstliche-intelligenz.json","0","Künstliche Intelligenz","NOMEN","FEMININ","","","not_applicable_or_needs_review","plural_morphology_pending","Confirm plural form or mark the noun as normally singular-only/uncountable.","trí tuệ nhân tạo","Computerprogramme, die wie Menschen denken und lernen können.","Künstliche Intelligenz revolutioniert viele Branchen und verändert die Art, wie wir leben und arbeiten.","",""
"content/b2/vocabulary/16-kuenstliche-intelligenz.json#words[10]","P2","B2","content/b2/vocabulary/16-kuenstliche-intelligenz.json","10","Datenschutz","NOMEN","MASKULIN","","","not_applicable_or_needs_review","plural_morphology_pending","Confirm plural form or mark the noun as normally singular-only/uncountable.","bảo vệ dữ liệu","Der Schutz von persönlichen Informationen vor Missbrauch.","Der Datenschutz ist ein Grundrecht und muss bei allen digitalen Anwendungen gewährleistet sein.","",""
"content/b2/vocabulary/16-kuenstliche-intelligenz.json#words[11]","P2","B2","content/b2/vocabulary/16-kuenstliche-intelligenz.json","11","Ethik","NOMEN","FEMININ","","","not_applicable_or_needs_review","plural_morphology_pending","Confirm plural form or mark the noun as normally singular-only/uncountable.","đạo đức học, đạo đức","Die Lehre davon, was moralisch richtig oder falsch ist.","Die Ethik der Künstlichen Intelligenz befasst sich mit moralischen Fragen bezüglich ihrer Entwicklung und Anwendung.","",""
"content/b2/vocabulary/16-kuenstliche-intelligenz.json#words[6]","P2","B2","content/b2/vocabulary/16-kuenstliche-intelligenz.json","6","Cybersicherheit","NOMEN","FEMININ","","","not_applicable_or_needs_review","plural_morphology_pending","Confirm plural form or mark the noun as normally singular-only/uncountable.","an ninh mạng","Der Schutz von Computern und Netzwerken vor Angriffen.","Angesichts zunehmender Cyberangriffe ist die Cybersicherheit für Unternehmen von größter Bedeutung.","",""
"content/b2/vocabulary/17-menschenrechte-demokratie.json#words[11]","P2","B2","content/b2/vocabulary/17-menschenrechte-demokratie.json","11","Vielfalt","NOMEN","FEMININ","","","not_applicable_or_needs_review","plural_morphology_pending","Confirm plural form or mark the noun as normally singular-only/uncountable.","sự đa dạng","Das Vorhandensein von vielen verschiedenen Arten oder Menschen.","Die Vielfalt der Kulturen und Meinungen bereichert eine Gesellschaft.","",""
"content/b2/vocabulary/17-menschenrechte-demokratie.json#words[12]","P2","B2","content/b2/vocabulary/17-menschenrechte-demokratie.json","12","Schutz","NOMEN","MASKULIN","","","not_applicable_or_needs_review","plural_morphology_pending","Confirm plural form or mark the noun as normally singular-only/uncountable.","sự bảo vệ","Maßnahmen, die jemanden vor Gefahr oder Schaden bewahren.","Der Schutz der Menschenrechte ist eine globale Verantwortung.","",""
"content/b2/vocabulary/17-menschenrechte-demokratie.json#words[14]","P2","B2","content/b2/vocabulary/17-menschenrechte-demokratie.json","14","Solidarität","NOMEN","FEMININ","","","not_applicable_or_needs_review","plural_morphology_pending","Confirm plural form or mark the noun as normally singular-only/uncountable.","tình đoàn kết","Das Gefühl der Zusammengehörigkeit und gegenseitigen Unterstützung.","Die Solidarität mit Schwächeren ist ein Zeichen menschlicher Reife.","",""
"content/b2/vocabulary/17-menschenrechte-demokratie.json#words[16]","P2","B2","content/b2/vocabulary/17-menschenrechte-demokratie.json","16","Aktivismus","NOMEN","MASKULIN","","","not_applicable_or_needs_review","plural_morphology_pending","Confirm plural form or mark the noun as normally singular-only/uncountable.","chủ nghĩa hoạt động, sự hoạt động tích cực","Das aktive Handeln, um eine politische oder soziale Veränderung zu erreichen.","Der Aktivismus junger Leute hat oft große politische Veränderungen bewirkt.","",""
"content/b2/vocabulary/17-menschenrechte-demokratie.json#words[17]","P2","B2","content/b2/vocabulary/17-menschenrechte-demokratie.json","17","Gewaltenteilung","NOMEN","FEMININ","","","not_applicable_or_needs_review","plural_morphology_pending","Confirm plural form or mark the noun as normally singular-only/uncountable.","sự phân chia quyền lực","Die Aufteilung der staatlichen Macht auf verschiedene Organe.","Die Gewaltenteilung ist ein zentrales Merkmal moderner Demokratien.","",""
"content/b2/vocabulary/17-menschenrechte-demokratie.json#words[3]","P2","B2","content/b2/vocabulary/17-menschenrechte-demokratie.json","3","Gerechtigkeit","NOMEN","FEMININ","","","not_applicable_or_needs_review","plural_morphology_pending","Confirm plural form or mark the noun as normally singular-only/uncountable.","công lý, sự công bằng","Die Eigenschaft, fair und objektiv zu handeln.","Der Kampf für soziale Gerechtigkeit ist eine ständige Aufgabe.","",""
"content/b2/vocabulary/17-menschenrechte-demokratie.json#words[7]","P2","B2","content/b2/vocabulary/17-menschenrechte-demokratie.json","7","Rechtsstaatlichkeit","NOMEN","FEMININ","","","not_applicable_or_needs_review","plural_morphology_pending","Confirm plural form or mark the noun as normally singular-only/uncountable.","pháp quyền","Das Prinzip, dass alle Menschen und der Staat an Gesetze gebunden sind.","Die Rechtsstaatlichkeit garantiert, dass alle Bürger dem Gesetz unterworfen sind.","",""
"content/b2/vocabulary/17-menschenrechte-demokratie.json#words[8]","P2","B2","content/b2/vocabulary/17-menschenrechte-demokratie.json","8","Meinungsfreiheit","NOMEN","FEMININ","","","not_applicable_or_needs_review","plural_morphology_pending","Confirm plural form or mark the noun as normally singular-only/uncountable.","tự do ngôn luận","Das Recht, seine persönlichen Ansichten ohne Angst vor staatlicher Strafe öffentlich zu machen.","Die Meinungsfreiheit ermöglicht den offenen Austausch von Ideen und Kritik.","",""
"content/b2/vocabulary/17-menschenrechte-demokratie.json#words[9]","P2","B2","content/b2/vocabulary/17-menschenrechte-demokratie.json","9","Wahlbeteiligung","NOMEN","FEMININ","","","not_applicable_or_needs_review","plural_morphology_pending","Confirm plural form or mark the noun as normally singular-only/uncountable.","tỷ lệ cử tri đi bỏ phiếu","Der Prozentsatz der Menschen, die bei einer Wahl abstimmen.","Eine hohe Wahlbeteiligung stärkt die Legitimität demokratischer Entscheidungen.","",""
"content/b2/vocabulary/18-finanzsystem-boerse.json#words[14]","P2","B2","content/b2/vocabulary/18-finanzsystem-boerse.json","14","Eigenkapital","NOMEN","NEUTRUM","","","not_applicable_or_needs_review","plural_morphology_pending","Confirm plural form or mark the noun as normally singular-only/uncountable.","vốn chủ sở hữu","Das Geld, das einem Unternehmen selbst gehört und nicht geliehen ist.","Ein hohes Eigenkapital stärkt die Bonität eines Unternehmens und erleichtert die Kreditaufnahme.","",""
"content/b2/vocabulary/18-finanzsystem-boerse.json#words[15]","P2","B2","content/b2/vocabulary/18-finanzsystem-boerse.json","15","Liquidität","NOMEN","FEMININ","","","not_applicable_or_needs_review","plural_morphology_pending","Confirm plural form or mark the noun as normally singular-only/uncountable.","thanh khoản","Die Fähigkeit, sofort fällige Zahlungen leisten zu können.","Die Liquidität eines Unternehmens ist entscheidend für seine Zahlungsfähigkeit.","",""
"content/b2/vocabulary/19-mobilitaet-zukunft.json#words[0]","P2","B2","content/b2/vocabulary/19-mobilitaet-zukunft.json","0","Nachhaltigkeit","NOMEN","FEMININ","","","not_applicable_or_needs_review","plural_morphology_pending","Confirm plural form or mark the noun as normally singular-only/uncountable.","sự bền vững","die Fähigkeit, Ressourcen zu schützen, damit sie für die Zukunft vorhanden bleiben","Die Nachhaltigkeit ist ein zentrales Thema bei der Entwicklung neuer Mobilitätskonzepte für die Zukunft.","",""
"content/b2/vocabulary/19-mobilitaet-zukunft.json#words[12]","P2","B2","content/b2/vocabulary/19-mobilitaet-zukunft.json","12","Shared Mobility","NOMEN","FEMININ","","","not_applicable_or_needs_review","plural_morphology_pending","Confirm plural form or mark the noun as normally singular-only/uncountable.","di chuyển chia sẻ","das gemeinsame Nutzen von Fahrzeugen, wie bei Carsharing","Die Shared Mobility, wie Car- oder Ridesharing, kann dazu beitragen, die Anzahl privater Fahrzeuge in Städten zu reduzieren.","",""
"content/b2/vocabulary/19-mobilitaet-zukunft.json#words[14]","P2","B2","content/b2/vocabulary/19-mobilitaet-zukunft.json","14","Pendeln","NOMEN","NEUTRUM","","","not_applicable_or_needs_review","plural_morphology_pending","Confirm plural form or mark the noun as normally singular-only/uncountable.","việc đi lại (giữa nhà và nơi làm việc)","das regelmäßige Hin- und Herfahren zwischen Wohnung und Arbeitsplatz","Das tägliche Pendeln zur Arbeit belastet viele Menschen und trägt zur Umweltverschmutzung bei.","",""
"content/b2/vocabulary/19-mobilitaet-zukunft.json#words[15]","P2","B2","content/b2/vocabulary/19-mobilitaet-zukunft.json","15","Stauvermeidung","NOMEN","FEMININ","","","not_applicable_or_needs_review","plural_morphology_pending","Confirm plural form or mark the noun as normally singular-only/uncountable.","tránh tắc nghẽn giao thông","Maßnahmen, die verhindern, dass Fahrzeuge im Straßenverkehr stehen bleiben","Intelligente Verkehrsleitsysteme sind entscheidend für eine effektive Stauvermeidung in urbanen Gebieten.","",""
"content/b2/vocabulary/19-mobilitaet-zukunft.json#words[17]","P2","B2","content/b2/vocabulary/19-mobilitaet-zukunft.json","17","Urbanisierung","NOMEN","FEMININ","","","not_applicable_or_needs_review","plural_morphology_pending","Confirm plural form or mark the noun as normally singular-only/uncountable.","đô thị hóa","der Prozess, bei dem mehr Menschen in Städte ziehen","Die fortschreitende Urbanisierung stellt die Mobilitätssysteme in Städten vor enorme Herausforderungen.","",""
"content/b2/vocabulary/19-mobilitaet-zukunft.json#words[6]","P2","B2","content/b2/vocabulary/19-mobilitaet-zukunft.json","6","öffentlicher Nahverkehr","NOMEN","MASKULIN","","","not_applicable_or_needs_review","example_lexeme_presence_needs_review;plural_morphology_pending","Confirm plural form or mark the noun as normally singular-only/uncountable. Check that examples clearly demonstrate the target lexeme or an acceptable inflected form.","giao thông công cộng (đô thị)","das System aus Bussen, Bahnen und anderen Verkehrsmitteln, das für alle Menschen in einer Stadt oder Region zugänglich ist","Um die Umwelt zu entlasten, sollte der öffentliche Nahverkehr in Städten attraktiver und zugänglicher gestaltet werden.","",""
"content/b2/vocabulary/19-mobilitaet-zukunft.json#words[7]","P2","B2","content/b2/vocabulary/19-mobilitaet-zukunft.json","7","emissionsfreie Mobilität","NOMEN","FEMININ","","","not_applicable_or_needs_review","plural_morphology_pending","Confirm plural form or mark the noun as normally singular-only/uncountable.","di chuyển không phát thải","Bewegung ohne Ausstoß von Schadstoffen","Die Förderung der emissionsfreien Mobilität ist ein wesentlicher Schritt zur Erreichung der Klimaziele.","",""
"content/b2/vocabulary/21-politische-systeme.json#words[12]","P2","B2","content/b2/vocabulary/21-politische-systeme.json","12","Populismus","NOMEN","MASKULIN","","","not_applicable_or_needs_review","plural_morphology_pending","Confirm plural form or mark the noun as normally singular-only/uncountable.","chủ nghĩa dân túy","Eine politische Strategie, die einfache Lösungen für schwierige Probleme verspricht.","Populismus verspricht einfache Lösungen für komplexe Probleme und spaltet oft die Gesellschaft.","",""
"content/b2/vocabulary/21-politische-systeme.json#words[13]","P2","B2","content/b2/vocabulary/21-politische-systeme.json","13","Meinungsfreiheit","NOMEN","FEMININ","","","not_applicable_or_needs_review","plural_morphology_pending","Confirm plural form or mark the noun as normally singular-only/uncountable.","tự do ngôn luận","Das Recht, seine Meinung frei zu sagen oder zu schreiben.","Die Meinungsfreiheit ist ein grundlegendes Menschenrecht, das in vielen Verfassungen verankert ist.","",""
"content/b2/vocabulary/21-politische-systeme.json#words[14]","P2","B2","content/b2/vocabulary/21-politische-systeme.json","14","Korruption","NOMEN","FEMININ","","","not_applicable_or_needs_review","plural_morphology_pending","Confirm plural form or mark the noun as normally singular-only/uncountable.","tham nhũng","Wenn Personen in Machtpositionen ihre Stellung für persönliche Vorteile nutzen.","Korruption untergräbt das Vertrauen der Bürger in politische Institutionen.","",""
"content/b2/vocabulary/21-politische-systeme.json#words[15]","P2","B2","content/b2/vocabulary/21-politische-systeme.json","15","Föderalismus","NOMEN","MASKULIN","","","not_applicable_or_needs_review","plural_morphology_pending","Confirm plural form or mark the noun as normally singular-only/uncountable.","chủ nghĩa liên bang","Ein System, bei dem die Macht zwischen einem Gesamtstaat und seinen Teilstaaten aufgeteilt ist.","Der Föderalismus ermöglicht eine dezentrale Machtverteilung und berücksichtigt regionale Besonderheiten.","",""
"content/b2/vocabulary/21-politische-systeme.json#words[17]","P2","B2","content/b2/vocabulary/21-politische-systeme.json","17","Souveränität","NOMEN","FEMININ","","","not_applicable_or_needs_review","plural_morphology_pending","Confirm plural form or mark the noun as normally singular-only/uncountable.","chủ quyền","Die Unabhängigkeit eines Staates, seine eigenen Entscheidungen zu treffen.","Die Souveränität eines Staates bedeutet seine Unabhängigkeit von äußerer Einflussnahme.","",""
"content/b2/vocabulary/21-politische-systeme.json#words[7]","P2","B2","content/b2/vocabulary/21-politische-systeme.json","7","Gewaltenteilung","NOMEN","FEMININ","","","not_applicable_or_needs_review","plural_morphology_pending","Confirm plural form or mark the noun as normally singular-only/uncountable.","sự phân chia quyền lực","Die Aufteilung der Macht auf verschiedene Institutionen wie Parlament und Gerichte.","Die Gewaltenteilung zwischen Legislative, Exekutive und Judikative verhindert Machtmissbrauch.","",""
"content/b2/vocabulary/23-demographischer-wandel.json#words[10]","P2","B2","content/b2/vocabulary/23-demographischer-wandel.json","10","Vereinbarkeit","NOMEN","FEMININ","","","not_applicable_or_needs_review","plural_morphology_pending","Confirm plural form or mark the noun as normally singular-only/uncountable.","tính tương thích, khả năng dung hòa (ví dụ: công việc và gia đình)","Die Möglichkeit, zwei verschiedene Bereiche, wie Beruf und Familie, gut zu kombinieren.","Die Vereinbarkeit von Familie und Beruf ist eine zentrale Herausforderung in modernen Gesellschaften.","",""
"content/b2/vocabulary/23-demographischer-wandel.json#words[7]","P2","B2","content/b2/vocabulary/23-demographischer-wandel.json","7","Bevölkerungsschwund","NOMEN","MASKULIN","","","not_applicable_or_needs_review","plural_morphology_pending","Confirm plural form or mark the noun as normally singular-only/uncountable.","sự suy giảm dân số","Die Abnahme der Anzahl der Menschen in einem Land oder einer Region.","Der Bevölkerungsschwund in ländlichen Regionen führt oft zur Schließung von Schulen und Geschäften.","",""
"content/b2/vocabulary/24-soziale-ungleichheit.json#words[1]","P2","B2","content/b2/vocabulary/24-soziale-ungleichheit.json","1","Chancengleichheit","NOMEN","FEMININ","","","not_applicable_or_needs_review","plural_morphology_pending","Confirm plural form or mark the noun as normally singular-only/uncountable.","sự bình đẳng về cơ hội","Die Situation, in der jeder die gleichen Möglichkeiten hat, Erfolg zu haben","Eine gerechte Gesellschaft sollte jedem Bürger Chancengleichheit garantieren, unabhängig von seiner Herkunft.","",""
"content/b2/vocabulary/24-soziale-ungleichheit.json#words[12]","P2","B2","content/b2/vocabulary/24-soziale-ungleichheit.json","12","soziale Mobilität","NOMEN","FEMININ","","","not_applicable_or_needs_review","plural_morphology_pending","Confirm plural form or mark the noun as normally singular-only/uncountable.","sự di chuyển xã hội","Die Möglichkeit, in der Gesellschaft in eine andere soziale Schicht zu wechseln","Eine hohe soziale Mobilität ist ein Zeichen für eine offene und gerechte Gesellschaft.","",""
"content/b2/vocabulary/24-soziale-ungleichheit.json#words[13]","P2","B2","content/b2/vocabulary/24-soziale-ungleichheit.json","13","Wohlstand","NOMEN","MASKULIN","","","not_applicable_or_needs_review","plural_morphology_pending","Confirm plural form or mark the noun as normally singular-only/uncountable.","sự thịnh vượng, của cải","Ein Zustand, in dem man genug Geld und Besitz für ein komfortables Leben hat","Der Wohlstand eines Landes sollte nicht nur am Bruttoinlandsprodukt gemessen werden, sondern auch an der Verteilung.","",""
"content/b2/vocabulary/24-soziale-ungleichheit.json#words[16]","P2","B2","content/b2/vocabulary/24-soziale-ungleichheit.json","16","Teilhabe","NOMEN","FEMININ","","","not_applicable_or_needs_review","plural_morphology_pending","Confirm plural form or mark the noun as normally singular-only/uncountable.","sự tham gia, sự hòa nhập","Die Möglichkeit, aktiv am gesellschaftlichen Leben teilzunehmen","Die volle Teilhabe am gesellschaftlichen Leben sollte für Menschen mit Behinderung selbstverständlich sein.","",""
"content/b2/vocabulary/24-soziale-ungleichheit.json#words[5]","P2","B2","content/b2/vocabulary/24-soziale-ungleichheit.json","5","soziale Ausgrenzung","NOMEN","FEMININ","","","not_applicable_or_needs_review","plural_morphology_pending","Confirm plural form or mark the noun as normally singular-only/uncountable.","sự bị loại trừ xã hội","Wenn eine Person oder Gruppe nicht an der Gesellschaft teilnehmen darf","Obdachlosigkeit führt oft zu sozialer Ausgrenzung und erschwert die Reintegration in die Gesellschaft.","",""
"content/b2/vocabulary/24-soziale-ungleichheit.json#words[7]","P2","B2","content/b2/vocabulary/24-soziale-ungleichheit.json","7","Verteilungsgerechtigkeit","NOMEN","FEMININ","","","not_applicable_or_needs_review","plural_morphology_pending","Confirm plural form or mark the noun as normally singular-only/uncountable.","công bằng phân phối","Eine faire Verteilung von Geld, Ressourcen oder Chancen","Die Frage der Verteilungsgerechtigkeit von Vermögen und Einkommen ist zentral für die politische Debatte.","",""
"content/b2/vocabulary/26-soziale-medien-einfluss.json#words[10]","P2","B2","content/b2/vocabulary/26-soziale-medien-einfluss.json","10","Medienkompetenz","NOMEN","FEMININ","","","not_applicable_or_needs_review","plural_morphology_pending","Confirm plural form or mark the noun as normally singular-only/uncountable.","năng lực truyền thông","Die Fähigkeit, Medien kritisch zu nutzen und Informationen richtig zu bewerten.","Medienkompetenz ist unerlässlich, um kritisch mit Online-Inhalten umzugehen.","",""
"content/b2/vocabulary/26-soziale-medien-einfluss.json#words[12]","P2","B2","content/b2/vocabulary/26-soziale-medien-einfluss.json","12","Datenschutz","NOMEN","MASKULIN","","","not_applicable_or_needs_review","plural_morphology_pending","Confirm plural form or mark the noun as normally singular-only/uncountable.","bảo vệ dữ liệu","Gesetzliche Regeln, die verhindern, dass private Informationen ohne Erlaubnis gesammelt oder genutzt werden.","Der Datenschutz ist ein zentrales Thema im Umgang mit sozialen Medien.","",""
"content/b2/vocabulary/26-soziale-medien-einfluss.json#words[16]","P2","B2","content/b2/vocabulary/26-soziale-medien-einfluss.json","16","Viralität","NOMEN","FEMININ","","","not_applicable_or_needs_review","plural_morphology_pending","Confirm plural form or mark the noun as normally singular-only/uncountable.","tính lan truyền","Die Eigenschaft eines Inhalts, sehr schnell im Internet verbreitet zu werden.","Die Viralität eines Memes ist schwer vorherzusagen, aber wünschenswert für Marketingzwecke.","",""
"content/b2/vocabulary/26-soziale-medien-einfluss.json#words[6]","P2","B2","content/b2/vocabulary/26-soziale-medien-einfluss.json","6","Glaubwürdigkeit","NOMEN","FEMININ","","","not_applicable_or_needs_review","plural_morphology_pending","Confirm plural form or mark the noun as normally singular-only/uncountable.","độ tin cậy","Die Eigenschaft, dass man einer Person oder einer Information vertrauen kann.","Die Glaubwürdigkeit einer Quelle ist entscheidend, um Desinformationen zu erkennen.","",""
"content/b2/vocabulary/26-soziale-medien-einfluss.json#words[9]","P2","B2","content/b2/vocabulary/26-soziale-medien-einfluss.json","9","Cybermobbing","NOMEN","NEUTRUM","","","not_applicable_or_needs_review","plural_morphology_pending","Confirm plural form or mark the noun as normally singular-only/uncountable.","bắt nạt trực tuyến","Beleidigungen oder Belästigungen, die über das Internet stattfinden.","Cybermobbing kann schwerwiegende psychische Folgen für die Opfer haben.","",""
"content/b2/vocabulary/27-werbung-marketing.json#words[1]","P2","B2","content/b2/vocabulary/27-werbung-marketing.json","1","Markenbekanntheit","NOMEN","FEMININ","","","not_applicable_or_needs_review","plural_morphology_pending","Confirm plural form or mark the noun as normally singular-only/uncountable.","nhận diện thương hiệu","Das Wissen der Menschen über eine bestimmte Marke.","Durch gezielte Social-Media-Kampagnen konnte das Unternehmen seine Markenbekanntheit erheblich steigern.","",""
"content/b2/vocabulary/27-werbung-marketing.json#words[10]","P2","B2","content/b2/vocabulary/27-werbung-marketing.json","10","Verkaufsförderung","NOMEN","FEMININ","","","not_applicable_or_needs_review","plural_morphology_pending","Confirm plural form or mark the noun as normally singular-only/uncountable.","xúc tiến bán hàng","Maßnahmen, um den Verkauf eines Produkts kurzfristig zu steigern.","Zeitlich begrenzte Rabatte und Sonderangebote sind gängige Maßnahmen der Verkaufsförderung.","",""
"content/b2/vocabulary/27-werbung-marketing.json#words[12]","P2","B2","content/b2/vocabulary/27-werbung-marketing.json","12","Glaubwürdigkeit","NOMEN","FEMININ","","","not_applicable_or_needs_review","plural_morphology_pending","Confirm plural form or mark the noun as normally singular-only/uncountable.","uy tín, đáng tin cậy","Die Eigenschaft, dass man jemandem vertrauen kann.","Durch transparente Kommunikation und ehrliche Produktinformationen kann ein Unternehmen seine Glaubwürdigkeit aufbauen und erhalten.","",""
"content/b2/vocabulary/27-werbung-marketing.json#words[15]","P2","B2","content/b2/vocabulary/27-werbung-marketing.json","15","Branding","NOMEN","NEUTRUM","","","not_applicable_or_needs_review","plural_morphology_pending","Confirm plural form or mark the noun as normally singular-only/uncountable.","xây dựng thương hiệu","Der Prozess, eine Marke bekannt und attraktiv zu machen.","Ein konsistentes Branding über alle Kanäle hinweg stärkt die Wiedererkennung und den Markenwert.","",""
"content/b2/vocabulary/27-werbung-marketing.json#words[17]","P2","B2","content/b2/vocabulary/27-werbung-marketing.json","17","Resonanz","NOMEN","FEMININ","","","not_applicable_or_needs_review","plural_morphology_pending","Confirm plural form or mark the noun as normally singular-only/uncountable.","phản hồi, sự hưởng ứng","Die Reaktion der Menschen auf eine Nachricht oder Werbung.","Die Resonanz auf unsere neue Produktvorstellung war überaus positiv, was uns optimistisch stimmt.","",""
"content/b2/vocabulary/27-werbung-marketing.json#words[6]","P2","B2","content/b2/vocabulary/27-werbung-marketing.json","6","Reichweite","NOMEN","FEMININ","","","not_applicable_or_needs_review","plural_morphology_pending","Confirm plural form or mark the noun as normally singular-only/uncountable.","phạm vi tiếp cận","Die Anzahl der Personen, die eine Werbung sehen.","Die Online-Werbung hat eine enorme Reichweite und ermöglicht es, weltweit potenzielle Kunden zu erreichen.","",""
"content/b2/vocabulary/27-werbung-marketing.json#words[7]","P2","B2","content/b2/vocabulary/27-werbung-marketing.json","7","Kundenbindung","NOMEN","FEMININ","","","not_applicable_or_needs_review","plural_morphology_pending","Confirm plural form or mark the noun as normally singular-only/uncountable.","lòng trung thành của khách hàng","Maßnahmen eines Unternehmens, um Kunden langfristig an sich zu binden.","Programme zur Kundenbindung sind entscheidend, um langfristige Beziehungen zu den Verbrauchern aufzubauen.","",""
"content/b2/vocabulary/27-werbung-marketing.json#words[8]","P2","B2","content/b2/vocabulary/27-werbung-marketing.json","8","Marktforschung","NOMEN","FEMININ","","","not_applicable_or_needs_review","plural_morphology_pending","Confirm plural form or mark the noun as normally singular-only/uncountable.","nghiên cứu thị trường","Das Sammeln von Informationen über den Markt und die Kunden.","Vor der Einführung eines neuen Produkts ist eine umfassende Marktforschung unerlässlich.","",""
"content/b2/vocabulary/29-aktienmarkt-investment.json#words[15]","P2","B2","content/b2/vocabulary/29-aktienmarkt-investment.json","15","Eigenkapital","NOMEN","NEUTRUM","","","not_applicable_or_needs_review","plural_morphology_pending","Confirm plural form or mark the noun as normally singular-only/uncountable.","vốn chủ sở hữu","das Geld, das ein Unternehmen selbst besitzt, nicht geliehen","Ein hohes Eigenkapital stärkt die Bonität eines Unternehmens und macht es krisenfester.","",""
"content/b2/vocabulary/29-aktienmarkt-investment.json#words[16]","P2","B2","content/b2/vocabulary/29-aktienmarkt-investment.json","16","Liquidität","NOMEN","FEMININ","","","not_applicable_or_needs_review","plural_morphology_pending","Confirm plural form or mark the noun as normally singular-only/uncountable.","khả năng thanh khoản","die Fähigkeit eines Unternehmens oder einer Person, kurzfristige Zahlungen leisten zu können","Eine ausreichende Liquidität ist für Unternehmen unerlässlich, um ihren Zahlungsverpflichtungen nachkommen zu können.","",""
"content/b2/vocabulary/29-aktienmarkt-investment.json#words[3]","P2","B2","content/b2/vocabulary/29-aktienmarkt-investment.json","3","Volatilität","NOMEN","FEMININ","","","not_applicable_or_needs_review","plural_morphology_pending","Confirm plural form or mark the noun as normally singular-only/uncountable.","sự biến động","die Höhe der Preisschwankungen","Die Volatilität am Aktienmarkt kann für kurzfristige Spekulanten sowohl Chancen als auch Risiken bergen.","",""
"content/b2/vocabulary/29-aktienmarkt-investment.json#words[7]","P2","B2","content/b2/vocabulary/29-aktienmarkt-investment.json","7","Wertpapierhandel","NOMEN","MASKULIN","","","not_applicable_or_needs_review","plural_morphology_pending","Confirm plural form or mark the noun as normally singular-only/uncountable.","giao dịch chứng khoán","der Kauf und Verkauf von Aktien, Anleihen und anderen Wertpapieren","Der elektronische Wertpapierhandel hat die Geschwindigkeit und Effizienz der Märkte erheblich gesteigert.","",""
"content/b2/vocabulary/29-aktienmarkt-investment.json#words[9]","P2","B2","content/b2/vocabulary/29-aktienmarkt-investment.json","9","Diversifikation","NOMEN","FEMININ","","","not_applicable_or_needs_review","plural_morphology_pending","Confirm plural form or mark the noun as normally singular-only/uncountable.","đa dạng hóa","die Verteilung von Geld auf verschiedene Anlagen","Die Diversifikation des Portfolios ist eine Schlüsselstrategie zur Risikominderung.","",""
"content/b2/vocabulary/30-berufliche-weiterbildung.json#words[12]","P2","B2","content/b2/vocabulary/30-berufliche-weiterbildung.json","12","Digitalisierung","NOMEN","FEMININ","","","not_applicable_or_needs_review","plural_morphology_pending","Confirm plural form or mark the noun as normally singular-only/uncountable.","sự số hóa","Der Prozess, Informationen von analog auf digital umzustellen","Die Digitalisierung verändert viele Arbeitsabläufe und erfordert neue Kompetenzen von den Mitarbeitern.","",""
"content/b2/vocabulary/30-berufliche-weiterbildung.json#words[16]","P2","B2","content/b2/vocabulary/30-berufliche-weiterbildung.json","16","Selbstständigkeit","NOMEN","FEMININ","","","not_applicable_or_needs_review","plural_morphology_pending","Confirm plural form or mark the noun as normally singular-only/uncountable.","sự tự chủ, sự tự kinh doanh","Der Zustand, in dem man für sich selbst arbeitet und keinem Arbeitgeber untersteht.","Viele Menschen träumen von der Selbstständigkeit, um ihre eigenen Ideen umzusetzen.","",""
"content/b2/vocabulary/31-arbeitsrecht-gewerkschaft.json#words[14]","P2","B2","content/b2/vocabulary/31-arbeitsrecht-gewerkschaft.json","14","Kündigungsschutz","NOMEN","MASKULIN","","","not_applicable_or_needs_review","plural_morphology_pending","Confirm plural form or mark the noun as normally singular-only/uncountable.","Bảo vệ chống sa thải","Gesetzlicher Schutz vor einer ungerechtfertigten Kündigung.","Der Kündigungsschutz tritt nach sechs Monaten Betriebszugehörigkeit in Kraft und erschwert eine Entlassung erheblich.","",""
"content/b2/vocabulary/31-arbeitsrecht-gewerkschaft.json#words[15]","P2","B2","content/b2/vocabulary/31-arbeitsrecht-gewerkschaft.json","15","Gleichbehandlung","NOMEN","FEMININ","","","not_applicable_or_needs_review","plural_morphology_pending","Confirm plural form or mark the noun as normally singular-only/uncountable.","Đối xử bình đẳng","Das Prinzip, alle Mitarbeiter unabhängig von Geschlecht, Herkunft oder Religion gleich zu behandeln.","Das Gesetz zur Gleichbehandlung soll Diskriminierung am Arbeitsplatz aufgrund von Geschlecht, Herkunft oder Religion verhindern.","",""
"content/b2/vocabulary/31-arbeitsrecht-gewerkschaft.json#words[9]","P2","B2","content/b2/vocabulary/31-arbeitsrecht-gewerkschaft.json","9","Mitbestimmung","NOMEN","FEMININ","","","not_applicable_or_needs_review","plural_morphology_pending","Confirm plural form or mark the noun as normally singular-only/uncountable.","Quyền đồng quyết định, quyền tham gia quyết định (của người lao động)","Das Recht der Mitarbeiter, bei Entscheidungen im Betrieb mitzuwirken.","Das Konzept der Mitbestimmung in Deutschland stärkt die Position der Arbeitnehmer im Unternehmen.","",""
"content/b2/vocabulary/32-digitale-transformation.json#words[16]","P2","B2","content/b2/vocabulary/32-digitale-transformation.json","16","Datenschutz","NOMEN","MASKULIN","","","not_applicable_or_needs_review","plural_morphology_pending","Confirm plural form or mark the noun as normally singular-only/uncountable.","Bảo vệ dữ liệu","der Schutz von persönlichen Informationen","Der Datenschutz spielt eine zentrale Rolle bei der Nutzung und Verarbeitung persönlicher Daten.","",""
"content/b2/vocabulary/33-datenschutz-dsgvo.json#words[0]","P2","B2","content/b2/vocabulary/33-datenschutz-dsgvo.json","0","Datenschutz","NOMEN","MASKULIN","","","not_applicable_or_needs_review","plural_morphology_pending","Confirm plural form or mark the noun as normally singular-only/uncountable.","bảo vệ dữ liệu, quyền riêng tư về dữ liệu","Schutz von persönlichen Informationen vor Missbrauch","Der Datenschutz ist ein grundlegendes Recht in der digitalen Welt und schützt persönliche Informationen vor Missbrauch.","",""
"content/b2/vocabulary/33-datenschutz-dsgvo.json#words[1]","P2","B2","content/b2/vocabulary/33-datenschutz-dsgvo.json","1","Datenschutzgrundverordnung (DSGVO)","NOMEN","FEMININ","","","not_applicable_or_needs_review","example_lexeme_presence_needs_review;plural_morphology_pending","Confirm plural form or mark the noun as normally singular-only/uncountable. Check that examples clearly demonstrate the target lexeme or an acceptable inflected form.","Quy định chung về bảo vệ dữ liệu (GDPR)","Ein EU-Gesetz, das den Schutz personenbezogener Daten regelt","Die DSGVO hat die Regeln für die Verarbeitung personenbezogener Daten in der Europäischen Union grundlegend verändert.","",""
"content/b2/vocabulary/33-datenschutz-dsgvo.json#words[17]","P2","B2","content/b2/vocabulary/33-datenschutz-dsgvo.json","17","Datenhoheit","NOMEN","FEMININ","","","not_applicable_or_needs_review","plural_morphology_pending","Confirm plural form or mark the noun as normally singular-only/uncountable.","chủ quyền dữ liệu","Die Kontrolle darüber, wer welche eigenen Daten nutzen darf","Die Datenhoheit beschreibt das Recht des Einzelnen, über seine eigenen Daten zu bestimmen und deren Nutzung zu kontrollieren.","",""
"content/b2/vocabulary/33-datenschutz-dsgvo.json#words[2]","P2","B2","content/b2/vocabulary/33-datenschutz-dsgvo.json","2","Privatsphäre","NOMEN","FEMININ","","","not_applicable_or_needs_review","plural_morphology_pending","Confirm plural form or mark the noun as normally singular-only/uncountable.","quyền riêng tư, sự riêng tư","Der Bereich des Lebens, den man nicht öffentlich machen möchte","Der Schutz der Privatsphäre ist entscheidend, besonders wenn es um die Nutzung sozialer Medien geht.","",""
"content/b2/vocabulary/33-datenschutz-dsgvo.json#words[5]","P2","B2","content/b2/vocabulary/33-datenschutz-dsgvo.json","5","Betroffenenrechte","NOMEN","FEMININ","","","not_applicable_or_needs_review","plural_morphology_pending","Confirm plural form or mark the noun as normally singular-only/uncountable.","quyền của chủ thể dữ liệu","Die Rechte von Personen, über die Daten gespeichert werden","Die DSGVO stärkt die Betroffenenrechte erheblich, wie das Recht auf Auskunft oder Löschung.","",""
"content/b2/vocabulary/33-datenschutz-dsgvo.json#words[8]","P2","B2","content/b2/vocabulary/33-datenschutz-dsgvo.json","8","Datensicherheit","NOMEN","FEMININ","","","not_applicable_or_needs_review","plural_morphology_pending","Confirm plural form or mark the noun as normally singular-only/uncountable.","bảo mật dữ liệu","Technische Maßnahmen, um Daten vor Verlust oder Diebstahl zu schützen","Die Datensicherheit ist ein zentraler Aspekt des Datenschutzes und umfasst technische und organisatorische Maßnahmen.","",""
"content/b2/vocabulary/33-datenschutz-dsgvo.json#words[9]","P2","B2","content/b2/vocabulary/33-datenschutz-dsgvo.json","9","Transparenz","NOMEN","FEMININ","","","not_applicable_or_needs_review","plural_morphology_pending","Confirm plural form or mark the noun as normally singular-only/uncountable.","tính minh bạch","Die Eigenschaft, wenn Informationen klar und offen kommuniziert werden","Die DSGVO fordert von Unternehmen mehr Transparenz darüber, wie sie personenbezogene Daten verarbeiten.","",""
"content/b2/vocabulary/34-erneuerbare-energien.json#words[10]","P2","B2","content/b2/vocabulary/34-erneuerbare-energien.json","10","Energieeffizienz","NOMEN","FEMININ","","","not_applicable_or_needs_review","plural_morphology_pending","Confirm plural form or mark the noun as normally singular-only/uncountable.","hiệu quả năng lượng","Die Fähigkeit, mit wenig Energie ein gewünschtes Ergebnis zu erreichen.","Durch verbesserte Energieeffizienz können Haushalte und Unternehmen Kosten sparen.","",""
"content/b2/vocabulary/34-erneuerbare-energien.json#words[3]","P2","B2","content/b2/vocabulary/34-erneuerbare-energien.json","3","Nachhaltigkeit","NOMEN","FEMININ","","","not_applicable_or_needs_review","plural_morphology_pending","Confirm plural form or mark the noun as normally singular-only/uncountable.","tính bền vững","Eine Art zu leben oder zu produzieren, die die Umwelt für die Zukunft schützt.","Unternehmen integrieren Nachhaltigkeit zunehmend in ihre Geschäftsmodelle.","",""
"content/b2/vocabulary/34-erneuerbare-energien.json#words[8]","P2","B2","content/b2/vocabulary/34-erneuerbare-energien.json","8","Geothermie","NOMEN","FEMININ","","","not_applicable_or_needs_review","plural_morphology_pending","Confirm plural form or mark the noun as normally singular-only/uncountable.","năng lượng địa nhiệt","Die Nutzung von Wärme aus dem Inneren der Erde.","Geothermie nutzt die Wärme aus dem Erdinneren zur Energiegewinnung.","",""
"content/b2/vocabulary/35-wissenschaftsjournalismus.json#words[12]","P2","B2","content/b2/vocabulary/35-wissenschaftsjournalismus.json","12","Erkenntnisgewinn","NOMEN","MASKULIN","","","not_applicable_or_needs_review","plural_morphology_pending","Confirm plural form or mark the noun as normally singular-only/uncountable.","sự gia tăng nhận thức/kiến thức","Der Prozess, durch den man neues Wissen gewinnt.","Der Erkenntnisgewinn aus dieser Langzeitstudie ist für die gesamte Fachwelt von großer Bedeutung.","",""
"content/b2/vocabulary/35-wissenschaftsjournalismus.json#words[4]","P2","B2","content/b2/vocabulary/35-wissenschaftsjournalismus.json","4","Öffentlichkeit","NOMEN","FEMININ","","","not_applicable_or_needs_review","plural_morphology_pending","Confirm plural form or mark the noun as normally singular-only/uncountable.","công chúng, dư luận","Die Gesamtheit der Menschen in einer Gesellschaft, die an öffentlichen Angelegenheiten teilhaben.","Wissenschaftsjournalismus spielt eine wichtige Rolle bei der Information der Öffentlichkeit über neue Erkenntnisse.","",""
"content/b2/vocabulary/35-wissenschaftsjournalismus.json#words[5]","P2","B2","content/b2/vocabulary/35-wissenschaftsjournalismus.json","5","Glaubwürdigkeit","NOMEN","FEMININ","","","not_applicable_or_needs_review","plural_morphology_pending","Confirm plural form or mark the noun as normally singular-only/uncountable.","sự đáng tin cậy","Die Eigenschaft, dass man jemandem oder etwas vertrauen kann.","Die Glaubwürdigkeit eines Wissenschaftsjournalisten hängt stark von der Qualität seiner Quellen ab.","",""
"content/b2/vocabulary/35-wissenschaftsjournalismus.json#words[8]","P2","B2","content/b2/vocabulary/35-wissenschaftsjournalismus.json","8","Studienlage","NOMEN","FEMININ","","","not_applicable_or_needs_review","plural_morphology_pending","Confirm plural form or mark the noun as normally singular-only/uncountable.","tình hình nghiên cứu","Der aktuelle Stand der wissenschaftlichen Forschung zu einem speziellen Thema.","Der Artikel fasst die aktuelle Studienlage zu den Auswirkungen von Mikroplastik zusammen.","",""
"content/b2/vocabulary/35-wissenschaftsjournalismus.json#words[9]","P2","B2","content/b2/vocabulary/35-wissenschaftsjournalismus.json","9","Relevanz","NOMEN","FEMININ","","","not_applicable_or_needs_review","plural_morphology_pending","Confirm plural form or mark the noun as normally singular-only/uncountable.","sự liên quan, tính thích đáng","Die Bedeutung oder Wichtigkeit einer Sache für ein bestimmtes Ziel.","Wissenschaftsjournalisten müssen die gesellschaftliche Relevanz von Forschungsthemen hervorheben.","",""
"content/b2/vocabulary/36-psychotherapie-behandlung.json#words[11]","P2","B2","content/b2/vocabulary/36-psychotherapie-behandlung.json","11","psychische Gesundheit","NOMEN","FEMININ","","","not_applicable_or_needs_review","plural_morphology_pending","Confirm plural form or mark the noun as normally singular-only/uncountable.","sức khỏe tâm thần","Ein Zustand des geistigen Wohlbefindens, in dem eine Person mit den normalen Anforderungen des Lebens zurechtkommt.","Die Förderung der psychischen Gesundheit ist ein zentrales Anliegen unserer Gesellschaft.","",""
"content/b2/vocabulary/36-psychotherapie-behandlung.json#words[12]","P2","B2","content/b2/vocabulary/36-psychotherapie-behandlung.json","12","Aufarbeitung","NOMEN","FEMININ","","","not_applicable_or_needs_review","plural_morphology_pending","Confirm plural form or mark the noun as normally singular-only/uncountable.","sự xử lý, sự giải quyết (vấn đề trong quá khứ)","Das genaue Analysieren und Verarbeiten von Ereignissen aus der Vergangenheit.","Die Aufarbeitung traumatischer Erlebnisse ist ein langer und oft schmerzhafter Prozess.","",""
"content/b2/vocabulary/36-psychotherapie-behandlung.json#words[17]","P2","B2","content/b2/vocabulary/36-psychotherapie-behandlung.json","17","Resilienz","NOMEN","FEMININ","","","not_applicable_or_needs_review","plural_morphology_pending","Confirm plural form or mark the noun as normally singular-only/uncountable.","khả năng phục hồi (tâm lý)","Die Fähigkeit, schwierige Lebenssituationen ohne langfristige Schäden zu überstehen.","Resilienz ist die Fähigkeit, schwierige Lebenssituationen ohne dauerhafte Beeinträchtigung zu überstehen.","",""
"content/b2/vocabulary/36-psychotherapie-behandlung.json#words[5]","P2","B2","content/b2/vocabulary/36-psychotherapie-behandlung.json","5","Wohlbefinden","NOMEN","NEUTRUM","","","not_applicable_or_needs_review","plural_morphology_pending","Confirm plural form or mark the noun as normally singular-only/uncountable.","hạnh phúc, sự khỏe mạnh","Der Zustand, wenn man sich körperlich und psychisch gut fühlt.","Regelmäßige Bewegung und eine ausgewogene Ernährung tragen wesentlich zum psychischen Wohlbefinden bei.","",""
"content/b2/vocabulary/36-psychotherapie-behandlung.json#words[9]","P2","B2","content/b2/vocabulary/36-psychotherapie-behandlung.json","9","Selbsthilfe","NOMEN","FEMININ","","","not_applicable_or_needs_review","plural_morphology_pending","Confirm plural form or mark the noun as normally singular-only/uncountable.","tự lực, tự giúp đỡ","Die eigenständige Lösung von Problemen oder die gegenseitige Hilfe in einer Gruppe ohne professionelle Leitung.","Neben der professionellen Therapie spielt die Selbsthilfe eine wichtige Rolle bei der Genesung.","",""
"content/b2/vocabulary/37-pflege-altenhilfe.json#words[1]","P2","B2","content/b2/vocabulary/37-pflege-altenhilfe.json","1","Betreuung","NOMEN","FEMININ","","","not_applicable_or_needs_review","plural_morphology_pending","Confirm plural form or mark the noun as normally singular-only/uncountable.","sự chăm sóc, sự giám sát","Die organisierte Fürsorge oder Aufsicht für Personen, die Unterstützung im Alltag benötigen.","Eine individuelle Betreuung ist entscheidend, um den Bedürfnissen älterer Menschen gerecht zu werden.","",""
"content/b2/vocabulary/37-pflege-altenhilfe.json#words[10]","P2","B2","content/b2/vocabulary/37-pflege-altenhilfe.json","10","Entlastung","NOMEN","FEMININ","","","not_applicable_or_needs_review","plural_morphology_pending","Confirm plural form or mark the noun as normally singular-only/uncountable.","sự giảm nhẹ gánh nặng, sự hỗ trợ","Eine Hilfe, die Stress oder Arbeit reduziert.","Kurzzeitpflege kann eine wichtige Entlastung für pflegende Angehörige darstellen.","",""
"content/b2/vocabulary/37-pflege-altenhilfe.json#words[11]","P2","B2","content/b2/vocabulary/37-pflege-altenhilfe.json","11","Wohlbefinden","NOMEN","NEUTRUM","","","not_applicable_or_needs_review","plural_morphology_pending","Confirm plural form or mark the noun as normally singular-only/uncountable.","sức khỏe, sự thoải mái, hạnh phúc","Das Gefühl, körperlich und psychisch gesund zu sein.","Das oberste Ziel der Pflege ist es, das körperliche und seelische Wohlbefinden der Patienten zu fördern.","",""
"content/b2/vocabulary/37-pflege-altenhilfe.json#words[12]","P2","B2","content/b2/vocabulary/37-pflege-altenhilfe.json","12","Tagespflege","NOMEN","FEMININ","","","not_applicable_or_needs_review","plural_morphology_pending","Confirm plural form or mark the noun as normally singular-only/uncountable.","dịch vụ chăm sóc ban ngày (cho người cao tuổi)","Ein Ort, an dem Senioren tagsüber betreut werden.","Die Tagespflege bietet Senioren Struktur im Alltag und soziale Kontakte, während ihre Familien arbeiten.","",""
"content/b2/vocabulary/37-pflege-altenhilfe.json#words[14]","P2","B2","content/b2/vocabulary/37-pflege-altenhilfe.json","14","Versorgung","NOMEN","FEMININ","","","not_applicable_or_needs_review","plural_morphology_pending","Confirm plural form or mark the noun as normally singular-only/uncountable.","sự cung cấp, sự chăm sóc","Die Bereitstellung von Dingen, die man zum Leben braucht.","Die medizinische Versorgung in ländlichen Gebieten stellt oft eine Herausforderung dar.","",""
"content/b2/vocabulary/37-pflege-altenhilfe.json#words[15]","P2","B2","content/b2/vocabulary/37-pflege-altenhilfe.json","15","Palliativpflege","NOMEN","FEMININ","","","not_applicable_or_needs_review","plural_morphology_pending","Confirm plural form or mark the noun as normally singular-only/uncountable.","chăm sóc giảm nhẹ","Die Pflege von Menschen, die nicht mehr geheilt werden können.","Die Palliativpflege zielt darauf ab, die Lebensqualität schwer kranker Menschen bis zum Lebensende zu verbessern.","",""
"content/b2/vocabulary/37-pflege-altenhilfe.json#words[17]","P2","B2","content/b2/vocabulary/37-pflege-altenhilfe.json","17","Wertschätzung","NOMEN","FEMININ","","","not_applicable_or_needs_review","plural_morphology_pending","Confirm plural form or mark the noun as normally singular-only/uncountable.","sự trân trọng, sự đánh giá cao","Ein Gefühl von Respekt und Anerkennung für jemanden.","Eine angemessene Wertschätzung der Pflegekräfte ist essenziell für deren Motivation und Zufriedenheit.","",""
"content/b2/vocabulary/37-pflege-altenhilfe.json#words[3]","P2","B2","content/b2/vocabulary/37-pflege-altenhilfe.json","3","Würde","NOMEN","FEMININ","","","not_applicable_or_needs_review","plural_morphology_pending","Confirm plural form or mark the noun as normally singular-only/uncountable.","phẩm giá, nhân phẩm","Der innere Wert eines Menschen, den man respektieren muss.","Es ist eine zentrale Aufgabe in der Altenpflege, die Würde jedes Einzelnen zu wahren und zu schützen.","",""
"content/b2/vocabulary/37-pflege-altenhilfe.json#words[4]","P2","B2","content/b2/vocabulary/37-pflege-altenhilfe.json","4","Selbstständigkeit","NOMEN","FEMININ","","","not_applicable_or_needs_review","plural_morphology_pending","Confirm plural form or mark the noun as normally singular-only/uncountable.","sự độc lập, tính tự chủ","Die Fähigkeit, Dinge ohne Hilfe anderer zu tun.","Durch gezielte Übungen versuchen Pflegekräfte, die Selbstständigkeit der Bewohner so lange wie möglich zu erhalten.","",""
"content/b2/vocabulary/37-pflege-altenhilfe.json#words[5]","P2","B2","content/b2/vocabulary/37-pflege-altenhilfe.json","5","Demenz","NOMEN","FEMININ","","","not_applicable_or_needs_review","plural_morphology_pending","Confirm plural form or mark the noun as normally singular-only/uncountable.","chứng mất trí nhớ, sa sút trí tuệ","Eine Krankheit, bei der man viel vergisst und geistig abbaut.","Patienten mit Demenz benötigen eine besondere, geduldige und verständnisvolle Betreuung.","",""
"content/b2/vocabulary/37-pflege-altenhilfe.json#words[6]","P2","B2","content/b2/vocabulary/37-pflege-altenhilfe.json","6","Einsamkeit","NOMEN","FEMININ","","","not_applicable_or_needs_review","plural_morphology_pending","Confirm plural form or mark the noun as normally singular-only/uncountable.","sự cô đơn","Das Gefühl, allein zu sein und keine sozialen Kontakte zu haben.","Viele ältere Menschen leiden unter Einsamkeit, besonders wenn ihre Angehörigen weit entfernt wohnen.","",""
"content/b2/vocabulary/37-pflege-altenhilfe.json#words[8]","P2","B2","content/b2/vocabulary/37-pflege-altenhilfe.json","8","Hilfsbedürftigkeit","NOMEN","FEMININ","","","not_applicable_or_needs_review","plural_morphology_pending","Confirm plural form or mark the noun as normally singular-only/uncountable.","sự cần giúp đỡ","Der Zustand, wenn man Hilfe von anderen benötigt.","Mit zunehmendem Alter steigt oft die Hilfsbedürftigkeit in verschiedenen Lebensbereichen.","",""
"content/b2/vocabulary/42-kulturfoerderung.json#words[12]","P2","B2","content/b2/vocabulary/42-kulturfoerderung.json","12","Wertschätzung","NOMEN","FEMININ","","","not_applicable_or_needs_review","plural_morphology_pending","Confirm plural form or mark the noun as normally singular-only/uncountable.","sự trân trọng, sự đánh giá cao","Das Gefühl, dass man jemanden oder etwas für wertvoll hält.","Die Wertschätzung für klassische Musik ist in den letzten Jahren wieder gestiegen.","",""
"content/b2/vocabulary/42-kulturfoerderung.json#words[15]","P2","B2","content/b2/vocabulary/42-kulturfoerderung.json","15","Öffentlichkeit","NOMEN","FEMININ","","","not_applicable_or_needs_review","plural_morphology_pending","Confirm plural form or mark the noun as normally singular-only/uncountable.","công chúng","Alle Menschen in einer Gesellschaft; nicht privat.","Die Öffentlichkeit wurde über die Pläne zur Renovierung des Opernhauses informiert.","",""
"content/b2/vocabulary/43-religionen-dialog.json#words[1]","P2","B2","content/b2/vocabulary/43-religionen-dialog.json","1","Atheismus","NOMEN","MASKULIN","","","not_applicable_or_needs_review","plural_morphology_pending","Confirm plural form or mark the noun as normally singular-only/uncountable.","chủ nghĩa vô thần","Die Überzeugung, dass es keinen Gott gibt.","Der Atheismus stellt die Existenz Gottes oder von Gottheiten infrage und basiert oft auf wissenschaftlicher oder philosophischer Skepsis.","",""
"content/b2/vocabulary/43-religionen-dialog.json#words[11]","P2","B2","content/b2/vocabulary/43-religionen-dialog.json","11","Fundamentalismus","NOMEN","MASKULIN","","","not_applicable_or_needs_review","plural_morphology_pending","Confirm plural form or mark the noun as normally singular-only/uncountable.","chủ nghĩa chính thống, chủ nghĩa cực đoan","Eine sehr strenge und unflexible Auslegung religiöser Regeln.","Religiöser Fundamentalismus lehnt oft moderne Interpretationen ab und besteht auf einer wörtlichen Auslegung heiliger Schriften.","",""
"content/b2/vocabulary/43-religionen-dialog.json#words[14]","P2","B2","content/b2/vocabulary/43-religionen-dialog.json","14","Säkularismus","NOMEN","MASKULIN","","","not_applicable_or_needs_review","plural_morphology_pending","Confirm plural form or mark the noun as normally singular-only/uncountable.","chủ nghĩa thế tục","Die Trennung von Staat und Religion.","Der Säkularismus befürwortet die Trennung von Staat und Religion, um die Neutralität des Staates zu gewährleisten.","",""
"content/b2/vocabulary/43-religionen-dialog.json#words[15]","P2","B2","content/b2/vocabulary/43-religionen-dialog.json","15","Pluralismus","NOMEN","MASKULIN","","","not_applicable_or_needs_review","plural_morphology_pending","Confirm plural form or mark the noun as normally singular-only/uncountable.","chủ nghĩa đa nguyên","Die Akzeptanz von verschiedenen Meinungen und Lebensentwürfen in einer Gesellschaft.","Der religiöse Pluralismus bedeutet, dass verschiedene Religionen und Weltanschauungen in einer Gesellschaft koexistieren.","",""
"content/b2/vocabulary/43-religionen-dialog.json#words[2]","P2","B2","content/b2/vocabulary/43-religionen-dialog.json","2","Spiritualität","NOMEN","FEMININ","","","not_applicable_or_needs_review","plural_morphology_pending","Confirm plural form or mark the noun as normally singular-only/uncountable.","tâm linh","Das Interesse an geistigen Werten und der inneren Welt.","Viele Menschen suchen Spiritualität auch außerhalb traditioneller Religionen, um einen tieferen Sinn im Leben zu finden.","",""
"content/b2/vocabulary/43-religionen-dialog.json#words[4]","P2","B2","content/b2/vocabulary/43-religionen-dialog.json","4","Toleranz","NOMEN","FEMININ","","","not_applicable_or_needs_review","plural_morphology_pending","Confirm plural form or mark the noun as normally singular-only/uncountable.","sự khoan dung, lòng bao dung","Die Fähigkeit, andere Meinungen oder Lebensweisen zu akzeptieren.","Die Toleranz gegenüber anderen Kulturen und Religionen ist entscheidend für ein friedliches Zusammenleben in der globalisierten Welt.","",""
"content/b2/vocabulary/43-religionen-dialog.json#words[6]","P2","B2","content/b2/vocabulary/43-religionen-dialog.json","6","Ethik","NOMEN","FEMININ","","","not_applicable_or_needs_review","plural_morphology_pending","Confirm plural form or mark the noun as normally singular-only/uncountable.","đạo đức học, luân lý","Die Lehre davon, was richtig und falsch oder gut und schlecht ist.","Viele Religionen bieten umfassende ethische Rahmenwerke, die das menschliche Verhalten leiten sollen.","",""
"content/b2/vocabulary/44-bildungspolitik.json#words[1]","P2","B2","content/b2/vocabulary/44-bildungspolitik.json","1","Chancengleichheit","NOMEN","FEMININ","","","not_applicable_or_needs_review","plural_morphology_pending","Confirm plural form or mark the noun as normally singular-only/uncountable.","cơ hội bình đẳng","Die Situation, in der alle Menschen die gleichen Möglichkeiten haben.","Chancengleichheit bedeutet, dass jeder Mensch unabhängig von seiner Herkunft die gleichen Möglichkeiten haben sollte.","",""
"content/b2/vocabulary/44-bildungspolitik.json#words[11]","P2","B2","content/b2/vocabulary/44-bildungspolitik.json","11","Digitalisierung","NOMEN","FEMININ","","","not_applicable_or_needs_review","plural_morphology_pending","Confirm plural form or mark the noun as normally singular-only/uncountable.","số hóa","Die Umwandlung von analogen Daten in digitale Form.","Die Digitalisierung der Schulen ist ein zentrales Thema in der aktuellen Bildungspolitik.","",""
"content/b2/vocabulary/44-bildungspolitik.json#words[13]","P2","B2","content/b2/vocabulary/44-bildungspolitik.json","13","Inklusion","NOMEN","FEMININ","","","not_applicable_or_needs_review","plural_morphology_pending","Confirm plural form or mark the noun as normally singular-only/uncountable.","sự hòa nhập (không phân biệt)","Die bewusste Einbindung von Menschen mit unterschiedlichen Voraussetzungen in die Gemeinschaft.","Inklusion in der Schule bedeutet, dass Kinder mit und ohne Behinderung gemeinsam lernen.","",""
"content/b2/vocabulary/44-bildungspolitik.json#words[15]","P2","B2","content/b2/vocabulary/44-bildungspolitik.json","15","Schulpflicht","NOMEN","FEMININ","","","not_applicable_or_needs_review","plural_morphology_pending","Confirm plural form or mark the noun as normally singular-only/uncountable.","nghĩa vụ học đường, giáo dục bắt buộc","Die gesetzliche Pflicht, eine Schule zu besuchen.","Die Schulpflicht in Deutschland beginnt in der Regel mit sechs Jahren.","",""
"content/b2/vocabulary/44-bildungspolitik.json#words[2]","P2","B2","content/b2/vocabulary/44-bildungspolitik.json","2","Bildungspolitik","NOMEN","FEMININ","","","not_applicable_or_needs_review","plural_morphology_pending","Confirm plural form or mark the noun as normally singular-only/uncountable.","chính sách giáo dục","Die Planung und Steuerung der Bildung durch den Staat.","Die Bildungspolitik der Regierung zielt darauf ab, die Qualität der Schulen zu verbessern.","",""
"content/b2/vocabulary/46-klimadiskurs.json#words[10]","P2","B2","content/b2/vocabulary/46-klimadiskurs.json","10","Aktivismus","NOMEN","MASKULIN","","","not_applicable_or_needs_review","plural_morphology_pending","Confirm plural form or mark the noun as normally singular-only/uncountable.","chủ nghĩa hoạt động","Das gezielte Handeln von Personen, die durch öffentlichen Druck gesellschaftliche oder politische Veränderungen bewirken wollen.","Der Umweltaktivismus hat in den letzten Jahren an Bedeutung gewonnen und die öffentliche Debatte geprägt.","",""
"content/b2/vocabulary/46-klimadiskurs.json#words[12]","P2","B2","content/b2/vocabulary/46-klimadiskurs.json","12","ziviler Ungehorsam","NOMEN","MASKULIN","","","not_applicable_or_needs_review","example_lexeme_presence_needs_review;plural_morphology_pending","Confirm plural form or mark the noun as normally singular-only/uncountable. Check that examples clearly demonstrate the target lexeme or an acceptable inflected form.","bất tuân dân sự","Der bewusste, gewaltfreie Bruch von Gesetzen aus moralischen Gründen.","Manche Klimaaktivisten greifen zum zivilen Ungehorsam, um auf die Dringlichkeit der Situation hinzuweisen.","",""
"content/b2/vocabulary/46-klimadiskurs.json#words[13]","P2","B2","content/b2/vocabulary/46-klimadiskurs.json","13","Lobbyarbeit","NOMEN","FEMININ","","","not_applicable_or_needs_review","plural_morphology_pending","Confirm plural form or mark the noun as normally singular-only/uncountable.","hoạt động vận động hành lang","Der Versuch, Politiker zu beeinflussen, um bestimmte Interessen durchzusetzen.","Lobbyarbeit großer Konzerne kann politische Entscheidungen im Klimabereich beeinflussen.","",""
"content/b2/vocabulary/46-klimadiskurs.json#words[14]","P2","B2","content/b2/vocabulary/46-klimadiskurs.json","14","Bewusstsein","NOMEN","NEUTRUM","","","not_applicable_or_needs_review","plural_morphology_pending","Confirm plural form or mark the noun as normally singular-only/uncountable.","ý thức, nhận thức","Das Wissen oder die Erkenntnis über eine bestimmte Situation.","Es ist wichtig, das Bewusstsein für die Auswirkungen des Klimawandels in der Bevölkerung zu schärfen.","",""
"content/b2/vocabulary/46-klimadiskurs.json#words[17]","P2","B2","content/b2/vocabulary/46-klimadiskurs.json","17","Klimaneutralität","NOMEN","FEMININ","","","not_applicable_or_needs_review","plural_morphology_pending","Confirm plural form or mark the noun as normally singular-only/uncountable.","trung hòa khí hậu","Ein Zustand, bei dem so viel CO2 aufgenommen wie ausgestoßen wird.","Viele Staaten und Unternehmen streben bis 2050 Klimaneutralität an.","",""
"content/b2/vocabulary/46-klimadiskurs.json#words[2]","P2","B2","content/b2/vocabulary/46-klimadiskurs.json","2","Nachhaltigkeit","NOMEN","FEMININ","","","not_applicable_or_needs_review","plural_morphology_pending","Confirm plural form or mark the noun as normally singular-only/uncountable.","sự bền vững","Die Strategie, Ressourcen so zu nutzen, dass sie auch für zukünftige Generationen erhalten bleiben.","Nachhaltigkeit sollte ein Leitprinzip in allen Bereichen der Wirtschaft und Gesellschaft sein.","",""
"content/b2/vocabulary/46-klimadiskurs.json#words[5]","P2","B2","content/b2/vocabulary/46-klimadiskurs.json","5","Klimaschutz","NOMEN","MASKULIN","","","not_applicable_or_needs_review","plural_morphology_pending","Confirm plural form or mark the noun as normally singular-only/uncountable.","bảo vệ khí hậu","Maßnahmen, die darauf abzielen, schädliche Veränderungen des Klimas zu verhindern oder zu begrenzen.","Effektiver Klimaschutz erfordert sowohl individuelle als auch politische Anstrengungen.","",""
"content/b2/vocabulary/46-klimadiskurs.json#words[9]","P2","B2","content/b2/vocabulary/46-klimadiskurs.json","9","Artensterben","NOMEN","NEUTRUM","","","not_applicable_or_needs_review","plural_morphology_pending","Confirm plural form or mark the noun as normally singular-only/uncountable.","sự tuyệt chủng của các loài","Das Verschwinden von vielen verschiedenen Tier- und Pflanzenarten.","Das Artensterben ist eine direkte Folge der Zerstörung von Lebensräumen und des Klimawandels.","",""
"content/b2/vocabulary/47-gentechnik-landwirtschaft.json#words[12]","P2","B2","content/b2/vocabulary/47-gentechnik-landwirtschaft.json","12","Artenvielfalt","NOMEN","FEMININ","","","not_applicable_or_needs_review","plural_morphology_pending","Confirm plural form or mark the noun as normally singular-only/uncountable.","Đa dạng sinh học","Die Anzahl verschiedener Tier- und Pflanzenarten in einem Gebiet","Der Schutz der Artenvielfalt ist ein zentrales Anliegen im Rahmen einer nachhaltigen Landwirtschaft.","",""
"content/b2/vocabulary/47-gentechnik-landwirtschaft.json#words[15]","P2","B2","content/b2/vocabulary/47-gentechnik-landwirtschaft.json","15","Pestizideinsatz","NOMEN","MASKULIN","","","not_applicable_or_needs_review","plural_morphology_pending","Confirm plural form or mark the noun as normally singular-only/uncountable.","Việc sử dụng thuốc trừ sâu","Die Verwendung von chemischen Mitteln gegen Schädlinge","Der übermäßige Pestizideinsatz kann negative Auswirkungen auf die Umwelt und die menschliche Gesundheit haben.","",""
"content/b2/vocabulary/47-gentechnik-landwirtschaft.json#words[4]","P2","B2","content/b2/vocabulary/47-gentechnik-landwirtschaft.json","4","Nachhaltigkeit","NOMEN","FEMININ","","","not_applicable_or_needs_review","plural_morphology_pending","Confirm plural form or mark the noun as normally singular-only/uncountable.","Sự bền vững","Die bewusste Nutzung von Ressourcen, sodass sie auch für zukünftige Generationen erhalten bleiben.","Eine nachhaltige Landwirtschaft strebt danach, Ressourcen zu schonen und die Umwelt langfristig zu schützen.","",""
"content/b2/vocabulary/47-gentechnik-landwirtschaft.json#words[5]","P2","B2","content/b2/vocabulary/47-gentechnik-landwirtschaft.json","5","Pflanzenschutz","NOMEN","MASKULIN","","","not_applicable_or_needs_review","plural_morphology_pending","Confirm plural form or mark the noun as normally singular-only/uncountable.","Bảo vệ thực vật","Maßnahmen, um Pflanzen vor Krankheiten und Insekten zu schützen","Effektiver Pflanzenschutz ist unerlässlich, um Ernteausfälle durch Schädlinge und Krankheiten zu vermeiden.","",""
"content/b2/vocabulary/48-wohnungsmarkt.json#words[15]","P2","B2","content/b2/vocabulary/48-wohnungsmarkt.json","15","Baurecht","NOMEN","NEUTRUM","","","not_applicable_or_needs_review","plural_morphology_pending","Confirm plural form or mark the noun as normally singular-only/uncountable.","luật xây dựng","Die gesetzlichen Regeln, die bestimmen, wie und wo man bauen darf.","Das Baurecht regelt, was auf einem Grundstück gebaut werden darf und welche Vorschriften einzuhalten sind.","",""
"content/b2/vocabulary/49-sport-doping.json#words[10]","P2","B2","content/b2/vocabulary/49-sport-doping.json","10","Integrität","NOMEN","FEMININ","","","not_applicable_or_needs_review","plural_morphology_pending","Confirm plural form or mark the noun as normally singular-only/uncountable.","sự chính trực, sự trong sạch","Die Eigenschaft eines Menschen, ehrlich zu sein und seine moralischen Werte nicht zu verraten.","Die Integrität der Athleten und Funktionäre ist für einen sauberen Sport unerlässlich.","",""
"content/b2/vocabulary/49-sport-doping.json#words[13]","P2","B2","content/b2/vocabulary/49-sport-doping.json","13","Ruhm","NOMEN","MASKULIN","","","not_applicable_or_needs_review","plural_morphology_pending","Confirm plural form or mark the noun as normally singular-only/uncountable.","danh tiếng, vinh quang","Große Bekanntheit und Anerkennung durch viele Menschen","Manche Athleten sind bereit, für Ruhm und Erfolg große Risiken einzugehen.","",""
"content/b2/vocabulary/49-sport-doping.json#words[14]","P2","B2","content/b2/vocabulary/49-sport-doping.json","14","Druck","NOMEN","MASKULIN","","","not_applicable_or_needs_review","plural_morphology_pending","Confirm plural form or mark the noun as normally singular-only/uncountable.","áp lực","Ein starkes Gefühl von Stress oder Zwang, etwas erreichen zu müssen","Der hohe Leistungsdruck kann Athleten dazu verleiten, verbotene Mittel zu nutzen.","",""
"content/b2/vocabulary/49-sport-doping.json#words[3]","P2","B2","content/b2/vocabulary/49-sport-doping.json","3","Fairness","NOMEN","FEMININ","","","not_applicable_or_needs_review","plural_morphology_pending","Confirm plural form or mark the noun as normally singular-only/uncountable.","sự công bằng, sự trung thực","Ehrliches und gerechtes Verhalten gegenüber anderen","Die Fairness im Sport ist entscheidend, um gleiche Chancen für alle Teilnehmer zu gewährleisten.","",""
"content/b2/vocabulary/49-sport-doping.json#words[9]","P2","B2","content/b2/vocabulary/49-sport-doping.json","9","Glaubwürdigkeit","NOMEN","FEMININ","","","not_applicable_or_needs_review","plural_morphology_pending","Confirm plural form or mark the noun as normally singular-only/uncountable.","sự đáng tin cậy, uy tín","Die Eigenschaft, dass man jemandem vertrauen kann","Die Glaubwürdigkeit des Sports leidet enorm unter wiederholten Dopingfällen.","",""
"content/b2/vocabulary/50-ernaehrungstrends.json#words[1]","P2","B2","content/b2/vocabulary/50-ernaehrungstrends.json","1","Nachhaltigkeit","NOMEN","FEMININ","","","not_applicable_or_needs_review","plural_morphology_pending","Confirm plural form or mark the noun as normally singular-only/uncountable.","tính bền vững","Eine Art zu leben oder zu produzieren, die die Umwelt schont und für die Zukunft erhalten bleibt.","Die Nachhaltigkeit unserer Lebensmittelproduktion ist entscheidend für die Zukunft des Planeten.","",""
"content/b2/vocabulary/50-ernaehrungstrends.json#words[10]","P2","B2","content/b2/vocabulary/50-ernaehrungstrends.json","10","Stoffwechsel","NOMEN","MASKULIN","","","not_applicable_or_needs_review","plural_morphology_pending","Confirm plural form or mark the noun as normally singular-only/uncountable.","sự trao đổi chất","Die chemischen Prozesse im Körper, die Energie aus der Nahrung gewinnen.","Ein aktiver Stoffwechsel ist oft mit einer gesunden Lebensweise verbunden.","",""
"content/b2/vocabulary/50-ernaehrungstrends.json#words[11]","P2","B2","content/b2/vocabulary/50-ernaehrungstrends.json","11","Verarbeitung","NOMEN","FEMININ","","","not_applicable_or_needs_review","plural_morphology_pending","Confirm plural form or mark the noun as normally singular-only/uncountable.","sự chế biến, sự xử lý","Die Art und Weise, wie ein Rohstoff in ein fertiges Produkt verwandelt wird.","Die industrielle Verarbeitung von Lebensmitteln kann deren Nährstoffgehalt reduzieren.","",""
"content/b2/vocabulary/50-ernaehrungstrends.json#words[12]","P2","B2","content/b2/vocabulary/50-ernaehrungstrends.json","12","Bio-Anbau","NOMEN","MASKULIN","","","not_applicable_or_needs_review","plural_morphology_pending","Confirm plural form or mark the noun as normally singular-only/uncountable.","canh tác hữu cơ","Die Landwirtschaft ohne chemische Pestizide oder Kunstdünger.","Produkte aus Bio-Anbau sind oft teurer, aber viele schätzen ihre Umweltverträglichkeit.","",""
"content/b2/vocabulary/50-ernaehrungstrends.json#words[14]","P2","B2","content/b2/vocabulary/50-ernaehrungstrends.json","14","Bewusstsein","NOMEN","NEUTRUM","","","not_applicable_or_needs_review","plural_morphology_pending","Confirm plural form or mark the noun as normally singular-only/uncountable.","ý thức, nhận thức","Das Wissen oder die Erkenntnis über eine bestimmte Situation.","Das Bewusstsein für gesunde Ernährung und Umweltschutz wächst in der Gesellschaft.","",""
"content/b2/vocabulary/50-ernaehrungstrends.json#words[2]","P2","B2","content/b2/vocabulary/50-ernaehrungstrends.json","2","Konsum","NOMEN","MASKULIN","","","not_applicable_or_needs_review","plural_morphology_pending","Confirm plural form or mark the noun as normally singular-only/uncountable.","sự tiêu thụ","Das Kaufen und Benutzen von Waren oder Dienstleistungen.","Ein bewussterer Konsum von Fleisch kann positive Auswirkungen auf die Umwelt haben.","",""
"content/b2/vocabulary/50-ernaehrungstrends.json#words[3]","P2","B2","content/b2/vocabulary/50-ernaehrungstrends.json","3","Lebensmittelverschwendung","NOMEN","FEMININ","","","not_applicable_or_needs_review","plural_morphology_pending","Confirm plural form or mark the noun as normally singular-only/uncountable.","lãng phí thực phẩm","Das Wegwerfen von Lebensmitteln, die eigentlich noch genießbar wären.","Die Reduzierung der Lebensmittelverschwendung ist ein globales Ziel zur Sicherung der Ernährung.","",""
"content/b2/vocabulary/50-ernaehrungstrends.json#words[4]","P2","B2","content/b2/vocabulary/50-ernaehrungstrends.json","4","Pflanzenkost","NOMEN","FEMININ","","","not_applicable_or_needs_review","plural_morphology_pending","Confirm plural form or mark the noun as normally singular-only/uncountable.","chế độ ăn thực vật","Eine Ernährung, die nur aus pflanzlichen Produkten besteht.","Die Umstellung auf eine Pflanzenkost kann vielfältige gesundheitliche Vorteile bieten.","",""
"content/b2/vocabulary/50-ernaehrungstrends.json#words[5]","P2","B2","content/b2/vocabulary/50-ernaehrungstrends.json","5","Tierwohl","NOMEN","NEUTRUM","","","not_applicable_or_needs_review","plural_morphology_pending","Confirm plural form or mark the noun as normally singular-only/uncountable.","phúc lợi động vật","Die gute Behandlung von Tieren, damit sie ein gesundes Leben haben.","Das Tierwohl spielt eine zentrale Rolle in der Debatte um nachhaltige Landwirtschaft.","",""
"content/b2/vocabulary/50-ernaehrungstrends.json#words[6]","P2","B2","content/b2/vocabulary/50-ernaehrungstrends.json","6","Verzicht","NOMEN","MASKULIN","","","not_applicable_or_needs_review","plural_morphology_pending","Confirm plural form or mark the noun as normally singular-only/uncountable.","sự từ bỏ, sự kiêng cữ","Die bewusste Entscheidung, auf etwas, das man eigentlich möchte oder haben könnte, nicht zuzugreifen.","Der Verzicht auf tierische Produkte erfordert oft eine bewusste Auseinandersetzung mit der Ernährung.","",""
"content/b2/vocabulary/51-rhetorik-ueberzeugung.json#words[12]","P2","B2","content/b2/vocabulary/51-rhetorik-ueberzeugung.json","12","Sachlichkeit","NOMEN","FEMININ","","","not_applicable_or_needs_review","plural_morphology_pending","Confirm plural form or mark the noun as normally singular-only/uncountable.","sự khách quan, tính thực tế","Eine objektive Art, über ein Thema zu sprechen, ohne starke Emotionen.","Trotz der emotionalen Thematik bewahrte sie stets ihre Sachlichkeit.","",""
"content/b2/vocabulary/51-rhetorik-ueberzeugung.json#words[14]","P2","B2","content/b2/vocabulary/51-rhetorik-ueberzeugung.json","14","Schlagfertigkeit","NOMEN","FEMININ","","","not_applicable_or_needs_review","plural_morphology_pending","Confirm plural form or mark the noun as normally singular-only/uncountable.","sự nhanh trí, đối đáp nhanh","Die Fähigkeit, schnell und passend auf eine schwierige Frage zu reagieren.","Seine Schlagfertigkeit half ihm, auch in schwierigen Situationen souverän zu reagieren.","",""
"content/b2/vocabulary/51-rhetorik-ueberzeugung.json#words[2]","P2","B2","content/b2/vocabulary/51-rhetorik-ueberzeugung.json","2","Überzeugungskraft","NOMEN","FEMININ","","","not_applicable_or_needs_review","plural_morphology_pending","Confirm plural form or mark the noun as normally singular-only/uncountable.","sức thuyết phục","Die Fähigkeit einer Person, andere dazu zu bringen, einer Idee oder Meinung zuzustimmen.","Die Überzeugungskraft seiner Rede beeindruckte das gesamte Publikum.","",""
"content/b2/vocabulary/51-rhetorik-ueberzeugung.json#words[4]","P2","B2","content/b2/vocabulary/51-rhetorik-ueberzeugung.json","4","Glaubwürdigkeit","NOMEN","FEMININ","","","not_applicable_or_needs_review","plural_morphology_pending","Confirm plural form or mark the noun as normally singular-only/uncountable.","sự đáng tin cậy, uy tín","Die Eigenschaft, dass man jemandem vertrauen kann oder dass etwas wahr klingt.","Ein Politiker verliert an Glaubwürdigkeit, wenn er seine Versprechen nicht hält.","",""
"content/b2/vocabulary/51-rhetorik-ueberzeugung.json#words[9]","P2","B2","content/b2/vocabulary/51-rhetorik-ueberzeugung.json","9","Rhetorik","NOMEN","FEMININ","","","not_applicable_or_needs_review","plural_morphology_pending","Confirm plural form or mark the noun as normally singular-only/uncountable.","thuật hùng biện","Die Kunst, sich wirkungsvoll und überzeugend auszudrücken.","Er ist bekannt für seine beeindruckende Rhetorik und seine Fähigkeit, Menschen zu begeistern.","",""
"content/b2/vocabulary/52-interkulturelle-kommunikation.json#words[11]","P2","B2","content/b2/vocabulary/52-interkulturelle-kommunikation.json","11","Gastfreundschaft","NOMEN","FEMININ","","","not_applicable_or_needs_review","plural_morphology_pending","Confirm plural form or mark the noun as normally singular-only/uncountable.","lòng hiếu khách","Die freundliche Aufnahme von Gästen.","Die Gastfreundschaft der Einheimischen hat uns tief beeindruckt.","",""
"content/b2/vocabulary/52-interkulturelle-kommunikation.json#words[15]","P2","B2","content/b2/vocabulary/52-interkulturelle-kommunikation.json","15","Wertschätzung","NOMEN","FEMININ","","","not_applicable_or_needs_review","plural_morphology_pending","Confirm plural form or mark the noun as normally singular-only/uncountable.","sự trân trọng, sự đánh giá cao","Ein Gefühl von Respekt und Anerkennung für jemanden.","Gegenseitige Wertschätzung ist die Grundlage jeder erfolgreichen Zusammenarbeit.","",""
"content/b2/vocabulary/52-interkulturelle-kommunikation.json#words[16]","P2","B2","content/b2/vocabulary/52-interkulturelle-kommunikation.json","16","nonverbale Kommunikation","NOMEN","FEMININ","","","not_applicable_or_needs_review","plural_morphology_pending","Confirm plural form or mark the noun as normally singular-only/uncountable.","giao tiếp phi ngôn ngữ","Der Austausch von Informationen durch Körpersprache, Mimik oder Gestik statt durch Worte.","Die nonverbale Kommunikation spielt in vielen Kulturen eine größere Rolle als verbale Äußerungen.","",""
"content/b2/vocabulary/52-interkulturelle-kommunikation.json#words[3]","P2","B2","content/b2/vocabulary/52-interkulturelle-kommunikation.json","3","Toleranz","NOMEN","FEMININ","","","not_applicable_or_needs_review","plural_morphology_pending","Confirm plural form or mark the noun as normally singular-only/uncountable.","sự khoan dung, lòng bao dung","Die Fähigkeit, andere Meinungen oder Lebensweisen zu akzeptieren.","Toleranz gegenüber anderen Kulturen ist die Basis für ein friedliches Zusammenleben.","",""
"content/b2/vocabulary/52-interkulturelle-kommunikation.json#words[9]","P2","B2","content/b2/vocabulary/52-interkulturelle-kommunikation.json","9","Globalisierung","NOMEN","FEMININ","","","not_applicable_or_needs_review","plural_morphology_pending","Confirm plural form or mark the noun as normally singular-only/uncountable.","toàn cầu hóa","Die weltweite Vernetzung von Wirtschaft, Politik und Kultur.","Die Globalisierung hat die Welt kleiner gemacht und Kulturen näher zusammengebracht.","",""
"content/b2/vocabulary/54-robotik-automatisierung.json#words[13]","P2","B2","content/b2/vocabulary/54-robotik-automatisierung.json","13","Robotik","NOMEN","FEMININ","","","not_applicable_or_needs_review","plural_morphology_pending","Confirm plural form or mark the noun as normally singular-only/uncountable.","Robot học","Die Wissenschaft vom Bau und Betrieb von Maschinen, die eigenständig handeln können.","Die Robotik ist ein interdisziplinäres Feld, das Ingenieurwissenschaften, Informatik und künstliche Intelligenz vereint.","",""
"content/b2/vocabulary/54-robotik-automatisierung.json#words[2]","P2","B2","content/b2/vocabulary/54-robotik-automatisierung.json","2","künstliche Intelligenz","NOMEN","FEMININ","","","not_applicable_or_needs_review","plural_morphology_pending","Confirm plural form or mark the noun as normally singular-only/uncountable.","Trí tuệ nhân tạo (AI)","Die Fähigkeit von Computern, Aufgaben zu lösen, für die normalerweise menschliches Denken und Urteilsvermögen nötig sind.","Künstliche Intelligenz spielt eine entscheidende Rolle bei der Entwicklung autonomer Systeme in der Robotik.","",""
"content/b2/vocabulary/54-robotik-automatisierung.json#words[9]","P2","B2","content/b2/vocabulary/54-robotik-automatisierung.json","9","Sensorik","NOMEN","FEMININ","","","not_applicable_or_needs_review","plural_morphology_pending","Confirm plural form or mark the noun as normally singular-only/uncountable.","Công nghệ cảm biến","Die Technik, mit der Maschinen Informationen aus der Umgebung aufnehmen","Fortschritte in der Sensorik ermöglichen es Robotern, ihre Umgebung detaillierter wahrzunehmen und darauf zu reagieren.","",""
"content/b2/vocabulary/55-raumfahrt-forschung.json#words[10]","P2","B2","content/b2/vocabulary/55-raumfahrt-forschung.json","10","Weltraumschrott","NOMEN","MASKULIN","","","not_applicable_or_needs_review","plural_morphology_pending","Confirm plural form or mark the noun as normally singular-only/uncountable.","rác vũ trụ","Alte Teile von Satelliten oder Raketen, die im All schweben.","Der zunehmende Weltraumschrott stellt eine ernste Gefahr für aktive Satelliten und Raumschiffe dar.","",""
"content/b2/vocabulary/55-raumfahrt-forschung.json#words[15]","P2","B2","content/b2/vocabulary/55-raumfahrt-forschung.json","15","Kosmos","NOMEN","MASKULIN","","","not_applicable_or_needs_review","plural_morphology_pending","Confirm plural form or mark the noun as normally singular-only/uncountable.","vũ trụ, không gian (theo nghĩa triết học/khoa học)","Die gesamte geordnete Welt, einschließlich des Weltalls und aller darin enthaltenen Materie.","Die Erforschung des Kosmos ist eine unendliche Reise zu den Ursprüngen unserer Existenz.","",""
"content/b2/vocabulary/55-raumfahrt-forschung.json#words[2]","P2","B2","content/b2/vocabulary/55-raumfahrt-forschung.json","2","Schwerelosigkeit","NOMEN","FEMININ","","","not_applicable_or_needs_review","plural_morphology_pending","Confirm plural form or mark the noun as normally singular-only/uncountable.","trạng thái không trọng lực","Ein Zustand, in dem man kein Gewicht spürt.","Astronauten müssen sich während ihrer Missionen an die Schwerelosigkeit im Weltraum anpassen.","",""
"content/b2/vocabulary/55-raumfahrt-forschung.json#words[5]","P2","B2","content/b2/vocabulary/55-raumfahrt-forschung.json","5","Weltall","NOMEN","NEUTRUM","","","not_applicable_or_needs_review","plural_morphology_pending","Confirm plural form or mark the noun as normally singular-only/uncountable.","vũ trụ, không gian vũ trụ","Der gesamte Raum außerhalb der Erdatmosphäre.","Die unendliche Weite des Weltalls fasziniert die Menschheit seit Anbeginn der Zeit.","",""
"content/b2/vocabulary/56-geschichtsbewusstsein.json#words[0]","P2","B2","content/b2/vocabulary/56-geschichtsbewusstsein.json","0","Geschichtsbewusstsein","NOMEN","NEUTRUM","","","not_applicable_or_needs_review","plural_morphology_pending","Confirm plural form or mark the noun as normally singular-only/uncountable.","ý thức lịch sử","das Bewusstsein für vergangene Ereignisse und deren Bedeutung heute","Ein ausgeprägtes Geschichtsbewusstsein ist entscheidend, um die Fehler der Vergangenheit nicht zu wiederholen.","",""
"content/b2/vocabulary/56-geschichtsbewusstsein.json#words[12]","P2","B2","content/b2/vocabulary/56-geschichtsbewusstsein.json","12","Verantwortung","NOMEN","FEMININ","","","not_applicable_or_needs_review","plural_morphology_pending","Confirm plural form or mark the noun as normally singular-only/uncountable.","trách nhiệm","die Pflicht, etwas zu tun oder dafür zu sorgen","Jede Generation trägt die Verantwortung, aus den Fehlern der Vergangenheit zu lernen.","",""
"content/b2/vocabulary/56-geschichtsbewusstsein.json#words[13]","P2","B2","content/b2/vocabulary/56-geschichtsbewusstsein.json","13","Wandel","NOMEN","MASKULIN","","","not_applicable_or_needs_review","plural_morphology_pending","Confirm plural form or mark the noun as normally singular-only/uncountable.","sự thay đổi, sự chuyển đổi","ein Prozess, bei dem etwas anders wird","Der gesellschaftliche Wandel vollzieht sich oft langsam, kann aber tiefgreifende Auswirkungen haben.","",""
"content/b2/vocabulary/56-geschichtsbewusstsein.json#words[16]","P2","B2","content/b2/vocabulary/56-geschichtsbewusstsein.json","16","Nachkriegszeit","NOMEN","FEMININ","","","not_applicable_or_needs_review","plural_morphology_pending","Confirm plural form or mark the noun as normally singular-only/uncountable.","thời kỳ hậu chiến","die Zeit nach einem Krieg","Die Nachkriegszeit war geprägt vom Wiederaufbau und der Suche nach einer neuen Identität.","",""
"content/b2/vocabulary/56-geschichtsbewusstsein.json#words[2]","P2","B2","content/b2/vocabulary/56-geschichtsbewusstsein.json","2","Vergangenheit","NOMEN","FEMININ","","","not_applicable_or_needs_review","plural_morphology_pending","Confirm plural form or mark the noun as normally singular-only/uncountable.","quá khứ","die Zeit, die bereits vor dem heutigen Tag war","Wir müssen die Vergangenheit kritisch betrachten, um die Gegenwart besser zu verstehen.","",""
"content/b2/vocabulary/56-geschichtsbewusstsein.json#words[3]","P2","B2","content/b2/vocabulary/56-geschichtsbewusstsein.json","3","Gegenwart","NOMEN","FEMININ","","","not_applicable_or_needs_review","plural_morphology_pending","Confirm plural form or mark the noun as normally singular-only/uncountable.","hiện tại","die Zeit, in der wir jetzt leben","Die politischen Entscheidungen der Gegenwart werden die Zukunft maßgeblich beeinflussen.","",""
"content/b2/vocabulary/56-geschichtsbewusstsein.json#words[4]","P2","B2","content/b2/vocabulary/56-geschichtsbewusstsein.json","4","Erbe","NOMEN","NEUTRUM","","","not_applicable_or_needs_review","plural_morphology_pending","Confirm plural form or mark the noun as normally singular-only/uncountable.","di sản, thừa kế","Besitz, Traditionen oder Werte, die von früheren Generationen an die heutigen weitergegeben werden","Das kulturelle Erbe einer Nation muss sorgfältig bewahrt und an zukünftige Generationen weitergegeben werden.","",""
"content/b2/vocabulary/56-geschichtsbewusstsein.json#words[7]","P2","B2","content/b2/vocabulary/56-geschichtsbewusstsein.json","7","Aufarbeitung","NOMEN","FEMININ","","","not_applicable_or_needs_review","plural_morphology_pending","Confirm plural form or mark the noun as normally singular-only/uncountable.","quá trình xử lý, đối diện (với quá khứ)","die kritische Auseinandersetzung mit der Vergangenheit, um Fehler zu verstehen und zu bewältigen","Die Aufarbeitung der SED-Diktatur in Ostdeutschland ist ein komplexer und langwieriger Prozess.","",""
"content/b2/vocabulary/57-europaeische-integration.json#words[16]","P2","B2","content/b2/vocabulary/57-europaeische-integration.json","16","Populismus","NOMEN","MASKULIN","","","not_applicable_or_needs_review","plural_morphology_pending","Confirm plural form or mark the noun as normally singular-only/uncountable.","chủ nghĩa dân túy","eine politische Haltung, die auf die Unterstützung der Mehrheit abzielt, oft mit einfachen Lösungen","Der Aufstieg des Populismus in einigen Mitgliedstaaten bedroht die europäische Integration.","",""
"content/b2/vocabulary/57-europaeische-integration.json#words[17]","P2","B2","content/b2/vocabulary/57-europaeische-integration.json","17","Protektionismus","NOMEN","MASKULIN","","","not_applicable_or_needs_review","plural_morphology_pending","Confirm plural form or mark the noun as normally singular-only/uncountable.","chủ nghĩa bảo hộ","eine Handelspolitik, bei der ein Staat die eigene Wirtschaft durch Zölle oder Verbote vor ausländischen Waren schützt","Handelsbarrieren und Protektionismus widersprechen den Prinzipien des freien Binnenmarktes.","",""
"content/b2/vocabulary/57-europaeische-integration.json#words[5]","P2","B2","content/b2/vocabulary/57-europaeische-integration.json","5","Rechtsstaatlichkeit","NOMEN","FEMININ","","","not_applicable_or_needs_review","plural_morphology_pending","Confirm plural form or mark the noun as normally singular-only/uncountable.","nguyên tắc pháp quyền","das Prinzip, dass alle Menschen vor dem Gesetz gleich sind und das Recht über die Macht steht","Die Europäische Union legt großen Wert auf die Einhaltung der Rechtsstaatlichkeit in allen Mitgliedstaaten.","",""
"content/b2/vocabulary/57-europaeische-integration.json#words[6]","P2","B2","content/b2/vocabulary/57-europaeische-integration.json","6","Kohäsion","NOMEN","FEMININ","","","not_applicable_or_needs_review","plural_morphology_pending","Confirm plural form or mark the noun as normally singular-only/uncountable.","sự gắn kết, sự cố kết","die Fähigkeit, zusammenzuhalten und als Einheit zu funktionieren","Die Kohäsionspolitik der EU zielt darauf ab, wirtschaftliche und soziale Unterschiede zwischen den Regionen abzubauen.","",""
"content/b2/vocabulary/57-europaeische-integration.json#words[7]","P2","B2","content/b2/vocabulary/57-europaeische-integration.json","7","Subsidiarität","NOMEN","FEMININ","","","not_applicable_or_needs_review","plural_morphology_pending","Confirm plural form or mark the noun as normally singular-only/uncountable.","nguyên tắc bổ trợ","das Prinzip, dass Entscheidungen auf der niedrigsten möglichen Ebene getroffen werden sollten","Das Subsidiaritätsprinzip besagt, dass Entscheidungen auf der niedrigsten möglichen Ebene getroffen werden sollen.","",""
"content/b2/vocabulary/58-stressmanagement.json#words[10]","P2","B2","content/b2/vocabulary/58-stressmanagement.json","10","Selbstfürsorge","NOMEN","FEMININ","","","not_applicable_or_needs_review","plural_morphology_pending","Confirm plural form or mark the noun as normally singular-only/uncountable.","Sự tự chăm sóc bản thân","Die bewusste Pflege der eigenen körperlichen und seelischen Gesundheit.","Selbstfürsorge ist keine Egoismus, sondern eine Notwendigkeit, um langfristig leistungsfähig zu bleiben.","",""
"content/b2/vocabulary/58-stressmanagement.json#words[11]","P2","B2","content/b2/vocabulary/58-stressmanagement.json","11","Umgang","NOMEN","MASKULIN","","","not_applicable_or_needs_review","plural_morphology_pending","Confirm plural form or mark the noun as normally singular-only/uncountable.","Cách đối phó, cách xử lý","Die Art und Weise, wie man mit jemandem oder etwas interagiert.","Ein konstruktiver Umgang mit Fehlern ist wichtig für die persönliche Entwicklung.","",""
"content/b2/vocabulary/58-stressmanagement.json#words[15]","P2","B2","content/b2/vocabulary/58-stressmanagement.json","15","Zeitmanagement","NOMEN","NEUTRUM","","","not_applicable_or_needs_review","plural_morphology_pending","Confirm plural form or mark the noun as normally singular-only/uncountable.","Quản lý thời gian","Die Planung und Organisation der verfügbaren Zeit.","Effektives Zeitmanagement hilft, Stress zu reduzieren und die Produktivität zu steigern.","",""
"content/b2/vocabulary/58-stressmanagement.json#words[6]","P2","B2","content/b2/vocabulary/58-stressmanagement.json","6","Wohlbefinden","NOMEN","NEUTRUM","","","not_applicable_or_needs_review","plural_morphology_pending","Confirm plural form or mark the noun as normally singular-only/uncountable.","Hạnh phúc, sự khỏe mạnh, trạng thái tốt","Ein Zustand, in dem man sich körperlich und psychisch gut fühlt.","Regelmäßige Pausen tragen erheblich zum allgemeinen Wohlbefinden am Arbeitsplatz bei.","",""
"content/b2/vocabulary/58-stressmanagement.json#words[7]","P2","B2","content/b2/vocabulary/58-stressmanagement.json","7","Achtsamkeit","NOMEN","FEMININ","","","not_applicable_or_needs_review","plural_morphology_pending","Confirm plural form or mark the noun as normally singular-only/uncountable.","Sự tỉnh thức, chánh niệm","Die bewusste Aufmerksamkeit für den gegenwärtigen Moment.","Achtsamkeitsübungen helfen, im Moment zu leben und Stress abzubauen.","",""
"content/b2/vocabulary/58-stressmanagement.json#words[8]","P2","B2","content/b2/vocabulary/58-stressmanagement.json","8","Gelassenheit","NOMEN","FEMININ","","","not_applicable_or_needs_review","plural_morphology_pending","Confirm plural form or mark the noun as normally singular-only/uncountable.","Sự bình tĩnh, sự thanh thản","Die Fähigkeit, ruhig und entspannt zu bleiben.","Mit zunehmender Erfahrung begegnet er schwierigen Situationen mit größerer Gelassenheit.","",""
"content/b2/vocabulary/59-persoenlichkeitsentwicklung.json#words[10]","P2","B2","content/b2/vocabulary/59-persoenlichkeitsentwicklung.json","10","Überwindung","NOMEN","FEMININ","","","not_applicable_or_needs_review","plural_morphology_pending","Confirm plural form or mark the noun as normally singular-only/uncountable.","sự vượt qua","Die Kraft, die man braucht, um eine Angst oder ein Hindernis zu besiegen.","Die Überwindung der eigenen Ängste ist ein wichtiger Schritt in der persönlichen Entwicklung.","",""
"content/b2/vocabulary/59-persoenlichkeitsentwicklung.json#words[11]","P2","B2","content/b2/vocabulary/59-persoenlichkeitsentwicklung.json","11","Selbstverwirklichung","NOMEN","FEMININ","","","not_applicable_or_needs_review","plural_morphology_pending","Confirm plural form or mark the noun as normally singular-only/uncountable.","sự tự hiện thực hóa, tự khẳng định bản thân","Das Ziel, seine eigenen Talente und Wünsche voll zu nutzen.","Die Selbstverwirklichung ist ein zentrales Bedürfnis vieler Menschen.","",""
"content/b2/vocabulary/59-persoenlichkeitsentwicklung.json#words[12]","P2","B2","content/b2/vocabulary/59-persoenlichkeitsentwicklung.json","12","Umgang","NOMEN","MASKULIN","","","not_applicable_or_needs_review","plural_morphology_pending","Confirm plural form or mark the noun as normally singular-only/uncountable.","cách đối phó, cách ứng xử","Die Art und Weise, wie man mit anderen Menschen oder Dingen interagiert.","Der bewusste Umgang mit Rückschlägen ist entscheidend für die persönliche Resilienz.","",""
"content/b2/vocabulary/59-persoenlichkeitsentwicklung.json#words[14]","P2","B2","content/b2/vocabulary/59-persoenlichkeitsentwicklung.json","14","Wachstum","NOMEN","NEUTRUM","","","not_applicable_or_needs_review","plural_morphology_pending","Confirm plural form or mark the noun as normally singular-only/uncountable.","sự trưởng thành, phát triển","Die Entwicklung in eine positive oder größere Richtung.","Persönliches Wachstum ist ein lebenslanger Prozess.","",""
"content/b2/vocabulary/59-persoenlichkeitsentwicklung.json#words[15]","P2","B2","content/b2/vocabulary/59-persoenlichkeitsentwicklung.json","15","Eigenverantwortung","NOMEN","FEMININ","","","not_applicable_or_needs_review","plural_morphology_pending","Confirm plural form or mark the noun as normally singular-only/uncountable.","trách nhiệm cá nhân","Die Bereitschaft, die Konsequenzen des eigenen Handelns allein zu tragen.","Die Übernahme von Eigenverantwortung ist ein Zeichen von Reife und Selbstständigkeit.","",""
"content/b2/vocabulary/59-persoenlichkeitsentwicklung.json#words[16]","P2","B2","content/b2/vocabulary/59-persoenlichkeitsentwicklung.json","16","Lernbereitschaft","NOMEN","FEMININ","","","not_applicable_or_needs_review","plural_morphology_pending","Confirm plural form or mark the noun as normally singular-only/uncountable.","sự sẵn lòng học hỏi","Die Motivation, sich neues Wissen anzueignen oder Fähigkeiten zu verbessern.","Für die persönliche Weiterentwicklung ist eine hohe Lernbereitschaft unerlässlich.","",""
"content/b2/vocabulary/59-persoenlichkeitsentwicklung.json#words[6]","P2","B2","content/b2/vocabulary/59-persoenlichkeitsentwicklung.json","6","Resilienz","NOMEN","FEMININ","","","not_applicable_or_needs_review","plural_morphology_pending","Confirm plural form or mark the noun as normally singular-only/uncountable.","khả năng phục hồi, sự kiên cường","Die Fähigkeit, nach Krisen schnell wieder stabil zu werden.","Resilienz ist die Fähigkeit, Rückschläge zu überwinden und gestärkt daraus hervorzugehen.","",""
"content/b2/vocabulary/59-persoenlichkeitsentwicklung.json#words[7]","P2","B2","content/b2/vocabulary/59-persoenlichkeitsentwicklung.json","7","Selbstbewusstsein","NOMEN","NEUTRUM","","","not_applicable_or_needs_review","plural_morphology_pending","Confirm plural form or mark the noun as normally singular-only/uncountable.","sự tự tin","Das Vertrauen in die eigenen Fähigkeiten und den eigenen Wert.","Ein gesundes Selbstbewusstsein ist die Basis für Erfolg und Zufriedenheit.","",""
"content/b2/vocabulary/59-persoenlichkeitsentwicklung.json#words[8]","P2","B2","content/b2/vocabulary/59-persoenlichkeitsentwicklung.json","8","Achtsamkeit","NOMEN","FEMININ","","","not_applicable_or_needs_review","plural_morphology_pending","Confirm plural form or mark the noun as normally singular-only/uncountable.","sự chú tâm, chánh niệm","Die bewusste Aufmerksamkeit für den gegenwärtigen Moment.","Achtsamkeit hilft, den gegenwärtigen Moment bewusster wahrzunehmen und Stress zu reduzieren.","",""
"content/b2/vocabulary/59-persoenlichkeitsentwicklung.json#words[9]","P2","B2","content/b2/vocabulary/59-persoenlichkeitsentwicklung.json","9","Entscheidungsfindung","NOMEN","FEMININ","","","not_applicable_or_needs_review","plural_morphology_pending","Confirm plural form or mark the noun as normally singular-only/uncountable.","quá trình ra quyết định","Der Vorgang, bei dem man zwischen verschiedenen Möglichkeiten wählt, um ein Ergebnis festzulegen.","Eine fundierte Entscheidungsfindung erfordert oft das Abwägen verschiedener Optionen.","",""
"content/b2/vocabulary/60-film-filmkritik.json#words[14]","P2","B2","content/b2/vocabulary/60-film-filmkritik.json","14","Glaubwürdigkeit","NOMEN","FEMININ","","","not_applicable_or_needs_review","plural_morphology_pending","Confirm plural form or mark the noun as normally singular-only/uncountable.","sự đáng tin cậy, tính chân thực","Die Eigenschaft, dass etwas echt und überzeugend wirkt.","Die Glaubwürdigkeit der Geschichte litt unter den übertriebenen Spezialeffekten.","",""
"content/c1/vocabulary/17-verfassungsrecht-staatstheorie.json#words[12]","P2","C1","content/c1/vocabulary/17-verfassungsrecht-staatstheorie.json","12","Subsidiarität","NOMEN","FEMININ","","-","","no_plural_marker_needs_policy","Verify whether ""-"" is pedagogically correct for this noun.","nguyên tắc bổ trợ","Das Prinzip, dass Aufgaben auf der niedrigstmöglichen Ebene gelöst werden sollen.","Das Prinzip der Subsidiarität besagt, dass Aufgaben von der kleinstmöglichen Einheit wahrgenommen werden sollen, bevor eine höhere Instanz eingreift.","",""
"content/c1/vocabulary/17-verfassungsrecht-staatstheorie.json#words[13]","P2","C1","content/c1/vocabulary/17-verfassungsrecht-staatstheorie.json","13","Rechtsstaatlichkeit","NOMEN","FEMININ","","-","","no_plural_marker_needs_policy","Verify whether ""-"" is pedagogically correct for this noun.","tính pháp quyền, sự tuân thủ pháp luật","Die Eigenschaft eines Staates, in dem die staatliche Gewalt an das Recht gebunden ist.","Die Sicherstellung der Rechtsstaatlichkeit ist eine zentrale Aufgabe des Staates zur Wahrung von Gerechtigkeit und Freiheit.","",""
"content/c1/vocabulary/17-verfassungsrecht-staatstheorie.json#words[14]","P2","C1","content/c1/vocabulary/17-verfassungsrecht-staatstheorie.json","14","Menschenwürde","NOMEN","FEMININ","","-","","no_plural_marker_needs_policy","Verify whether ""-"" is pedagogically correct for this noun.","phẩm giá con người","Der angeborene Wert jedes Menschen, der niemals verletzt werden darf.","Die Menschenwürde ist gemäß Artikel 1 des Grundgesetzes unantastbar und die oberste Richtschnur staatlichen Handelns.","",""
"content/c1/vocabulary/17-verfassungsrecht-staatstheorie.json#words[4]","P2","C1","content/c1/vocabulary/17-verfassungsrecht-staatstheorie.json","4","Volkssouveränität","NOMEN","FEMININ","","-","","no_plural_marker_needs_policy","Verify whether ""-"" is pedagogically correct for this noun.","chủ quyền nhân dân","Das Prinzip, dass die höchste Staatsgewalt vom Volk ausgeht.","Das Prinzip der Volkssouveränität besagt, dass alle Staatsgewalt vom Volke ausgeht und durch Wahlen legitimiert wird.","",""
"content/c1/vocabulary/17-verfassungsrecht-staatstheorie.json#words[7]","P2","C1","content/c1/vocabulary/17-verfassungsrecht-staatstheorie.json","7","Verfassungstreue","NOMEN","FEMININ","","-","","no_plural_marker_needs_policy","Verify whether ""-"" is pedagogically correct for this noun.","lòng trung thành với hiến pháp","Die Verpflichtung, die Grundsätze der Verfassung zu achten und zu befolgen.","Von allen Staatsorganen und Beamten wird die strikte Einhaltung und Verfassungstreue erwartet.","",""
"content/c1/vocabulary/48-tierethik-tierschutz.json#words[0]","P2","C1","content/c1/vocabulary/48-tierethik-tierschutz.json","0","Speziesismus","NOMEN","MASKULIN","","-","","no_plural_marker_needs_policy","Verify whether ""-"" is pedagogically correct for this noun.","Chủ nghĩa ưu tiên loài (đặt lợi ích của loài người lên trên loài khác)","Die Diskriminierung von Lebewesen aufgrund ihrer Artzugehörigkeit.","Der Speziesismus wird von vielen Tierrechtsaktivisten als eine Form der Diskriminierung kritisiert, die ethisch nicht zu rechtfertigen ist.","",""
"content/c1/vocabulary/48-tierethik-tierschutz.json#words[1]","P2","C1","content/c1/vocabulary/48-tierethik-tierschutz.json","1","Sentienz","NOMEN","FEMININ","","-","","no_plural_marker_needs_policy","Verify whether ""-"" is pedagogically correct for this noun.","Khả năng cảm nhận (có ý thức, cảm giác)","Die Fähigkeit eines Lebewesens, Empfindungen wie Schmerz oder Freude zu erleben.","Die Sentienz von Tieren ist ein zentrales Argument in der Debatte um Tierrechte und -ethik.","",""
"content/c1/vocabulary/48-tierethik-tierschutz.json#words[10]","P2","C1","content/c1/vocabulary/48-tierethik-tierschutz.json","10","Würde","NOMEN","FEMININ","","-","","no_plural_marker_needs_policy","Verify whether ""-"" is pedagogically correct for this noun.","Phẩm giá, nhân phẩm","Der innere Wert eines Lebewesens, der Respekt und Schutz verlangt.","Im Tierschutzgesetz einiger Länder ist die Würde des Tieres als schützenswertes Gut verankert.","",""
"content/c1/vocabulary/48-tierethik-tierschutz.json#words[15]","P2","C1","content/c1/vocabulary/48-tierethik-tierschutz.json","15","Tierleid","NOMEN","NEUTRUM","","-","","no_plural_marker_needs_policy","Verify whether ""-"" is pedagogically correct for this noun.","Nỗi đau khổ của động vật","Der physische oder psychische Schmerz, den Tiere erfahren.","Die Reduzierung von Tierleid ist ein Kernanliegen der Tierschutzbewegung.","",""
"content/c1/vocabulary/48-tierethik-tierschutz.json#words[2]","P2","C1","content/c1/vocabulary/48-tierethik-tierschutz.json","2","Autonomie","NOMEN","FEMININ","","-","","no_plural_marker_needs_policy","Verify whether ""-"" is pedagogically correct for this noun.","Sự tự chủ, quyền tự trị","Die Fähigkeit, selbstständig zu entscheiden und unabhängig zu handeln.","Manche ethische Ansätze fordern, die Autonomie von Tieren, insbesondere von Wildtieren, stärker zu respektieren.","",""
"content/c1/vocabulary/48-tierethik-tierschutz.json#words[3]","P2","C1","content/c1/vocabulary/48-tierethik-tierschutz.json","3","Tierwohl","NOMEN","NEUTRUM","","-","","no_plural_marker_needs_policy","Verify whether ""-"" is pedagogically correct for this noun.","Phúc lợi động vật","Die körperliche und psychische Gesundheit sowie die Lebensqualität von Tieren.","Die Sicherstellung des Tierwohls sollte ein primäres Anliegen jeder Gesellschaft sein, die sich als zivilisiert betrachtet.","",""
"content/c1/vocabulary/48-tierethik-tierschutz.json#words[4]","P2","C1","content/c1/vocabulary/48-tierethik-tierschutz.json","4","artgerechte Haltung","NOMEN","FEMININ","","-","","no_plural_marker_needs_policy","Verify whether ""-"" is pedagogically correct for this noun.","Việc nuôi giữ phù hợp với loài","Eine Weise der Tierhaltung, die den natürlichen Bedürfnissen der jeweiligen Tierart entspricht.","Die Debatte um eine ethisch vertretbare Tierhaltung konzentriert sich oft auf die Kriterien einer artgerechten Haltung.","",""
"content/c1/vocabulary/48-tierethik-tierschutz.json#words[9]","P2","C1","content/c1/vocabulary/48-tierethik-tierschutz.json","9","Verhaltensforschung","NOMEN","FEMININ","","-","","no_plural_marker_needs_policy","Verify whether ""-"" is pedagogically correct for this noun.","Khoa học nghiên cứu hành vi (động vật), tập tính học","Die wissenschaftliche Untersuchung des Verhaltens von Tieren oder Menschen.","Die Verhaltensforschung liefert entscheidende Erkenntnisse für die Gestaltung artgerechter Lebensbedingungen.","",""
"content/c2/vocabulary/13-geschichtswissenschaft-erinnerungskultur.json#words[14]","P2","C2","content/c2/vocabulary/13-geschichtswissenschaft-erinnerungskultur.json","14","Evidenzbasierung","NOMEN","FEMININ","","-","","no_plural_marker_needs_policy","Verify whether ""-"" is pedagogically correct for this noun.","sự dựa trên bằng chứng","Die Stützung einer Aussage auf belegbare Fakten und Beweise.","Die Evidenzbasierung ist ein fundamentaler Pfeiler wissenschaftlicher Geschichtsschreibung, der die Überprüfbarkeit von Thesen gewährleistet.","",""
"content/c2/vocabulary/34-narratologie.json#words[13]","P2","C2","content/c2/vocabulary/34-narratologie.json","13","Narrativität","NOMEN","FEMININ","","-","","no_plural_marker_needs_policy","Verify whether ""-"" is pedagogically correct for this noun.","Tính tự sự","Die Eigenschaft eines Textes, durch eine bestimmte Struktur eine zeitliche Abfolge von Ereignissen darzustellen.","Die Narrativität eines Textes ergibt sich aus der zeitlichen Abfolge von Ereignissen und der Kausalität, die diese miteinander verknüpft, um eine sinnvolle Geschichte zu bilden.","",""
"content/c2/vocabulary/34-narratologie.json#words[6]","P2","C2","content/c2/vocabulary/34-narratologie.json","6","Heterodiegese","NOMEN","FEMININ","","-","","no_plural_marker_needs_policy","Verify whether ""-"" is pedagogically correct for this noun.","Trần thuật dị diegetic","Eine Erzählweise, bei der der Erzähler nicht Teil der erzählten Welt ist","Ein heterodiegetischer Erzähler steht außerhalb der erzählten Welt und verfügt oft über eine allwissende Perspektive, die ihm Einblicke in die Gedanken und Gefühle aller Figuren erlaubt.","",""
"content/c2/vocabulary/51-ritualforschung.json#words[10]","P2","C2","content/c2/vocabulary/51-ritualforschung.json","10","Sinnstiftende","NOMEN","NEUTRUM","","-","","no_plural_marker_needs_policy","Verify whether ""-"" is pedagogically correct for this noun.","Điều tạo nên ý nghĩa; Yếu tố tạo ý nghĩa","Etwas, das dazu beiträgt, dass eine Situation oder eine Handlung einen tieferen Sinn oder eine Bedeutung erhält.","Rituale dienen oft als Sinnstiftendes in Zeiten von Krisen oder Übergängen, indem sie Orientierung und Kohärenz bieten.","",""
"content/c2/vocabulary/51-ritualforschung.json#words[7]","P2","C2","content/c2/vocabulary/51-ritualforschung.json","7","Liminalität","NOMEN","FEMININ","","-","","no_plural_marker_needs_policy","Verify whether ""-"" is pedagogically correct for this noun.","Tính ngưỡng cửa/chuyển tiếp","Der Zustand des Dazwischenseins während eines Übergangs von einem Status in einen anderen.","Die Liminalität beschreibt einen Zustand des Übergangs und der Unbestimmtheit, der oft in Initiationsriten erfahren wird.","",""
"content/a1/vocabulary/01-person.json#words[20]","P3","A1","content/a1/vocabulary/01-person.json","20","haben","VERB","","","","","example_lexeme_presence_needs_review","Check that examples clearly demonstrate the target lexeme or an acceptable inflected form.","có","etwas besitzen","Ich habe eine Frage.","",""
"content/a1/vocabulary/02-familie-freunde.json#words[26]","P3","A1","content/a1/vocabulary/02-familie-freunde.json","26","kennen","VERB","","","","","example_lexeme_presence_needs_review","Check that examples clearly demonstrate the target lexeme or an acceptable inflected form.","biết (ai đó)","wissen, wer eine Person ist","Ich kenne Maria.","",""
"content/a1/vocabulary/02-familie-freunde.json#words[28]","P3","A1","content/a1/vocabulary/02-familie-freunde.json","28","lieben","VERB","","","","","example_lexeme_presence_needs_review","Check that examples clearly demonstrate the target lexeme or an acceptable inflected form.","yêu","jemanden sehr mögen","Ich liebe meine Familie.","",""
"content/a1/vocabulary/03-koerper-gesundheit.json#words[26]","P3","A1","content/a1/vocabulary/03-koerper-gesundheit.json","26","schlafen","VERB","","","","","example_lexeme_presence_needs_review","Check that examples clearly demonstrate the target lexeme or an acceptable inflected form.","ngủ","Die Augen schließen und ausruhen","Ich schlafe acht Stunden.","",""
"content/a1/vocabulary/03-koerper-gesundheit.json#words[27]","P3","A1","content/a1/vocabulary/03-koerper-gesundheit.json","27","wehtun","VERB","","","","","example_lexeme_presence_needs_review","Check that examples clearly demonstrate the target lexeme or an acceptable inflected form.","đau","Ein schlechtes Gefühl im Körper haben, wenn man verletzt ist.","Mein Kopf tut weh.","",""
"content/a1/vocabulary/03-koerper-gesundheit.json#words[28]","P3","A1","content/a1/vocabulary/03-koerper-gesundheit.json","28","nehmen","VERB","","","","","example_lexeme_presence_needs_review","Check that examples clearly demonstrate the target lexeme or an acceptable inflected form.","uống (thuốc); lấy","Etwas mit der Hand greifen oder ein Medikament schlucken.","Ich nehme Medikamente.","",""
"content/a1/vocabulary/06-essen-trinken.json#words[39]","P3","A1","content/a1/vocabulary/06-essen-trinken.json","39","essen","VERB","","","","","example_lexeme_presence_needs_review","Check that examples clearly demonstrate the target lexeme or an acceptable inflected form.","ăn","Nahrung kauen und schlucken.","Ich esse Brot.","",""
"content/a1/vocabulary/06-essen-trinken.json#words[40]","P3","A1","content/a1/vocabulary/06-essen-trinken.json","40","trinken","VERB","","","","","example_lexeme_presence_needs_review","Check that examples clearly demonstrate the target lexeme or an acceptable inflected form.","uống","Eine Flüssigkeit schlucken.","Ich trinke Wasser.","",""
"content/a1/vocabulary/06-essen-trinken.json#words[41]","P3","A1","content/a1/vocabulary/06-essen-trinken.json","41","kochen","VERB","","","","","example_lexeme_presence_needs_review","Check that examples clearly demonstrate the target lexeme or an acceptable inflected form.","nấu ăn","Essen mit Hitze zubereiten.","Ich koche gern.","",""
"content/a1/vocabulary/07-einkaufen.json#words[13]","P3","A1","content/a1/vocabulary/07-einkaufen.json","13","kaufen","VERB","","","","","example_lexeme_presence_needs_review","Check that examples clearly demonstrate the target lexeme or an acceptable inflected form.","mua","Geld geben und eine Sache bekommen.","Ich kaufe Brot.","",""
"content/a1/vocabulary/07-einkaufen.json#words[15]","P3","A1","content/a1/vocabulary/07-einkaufen.json","15","kosten","VERB","","","","","example_lexeme_presence_needs_review","Check that examples clearly demonstrate the target lexeme or an acceptable inflected form.","giá (bao nhiêu)","Einen bestimmten Preis haben.","Wie viel kostet das?","",""
"content/a1/vocabulary/07-einkaufen.json#words[16]","P3","A1","content/a1/vocabulary/07-einkaufen.json","16","brauchen","VERB","","","","","example_lexeme_presence_needs_review","Check that examples clearly demonstrate the target lexeme or an acceptable inflected form.","cần","Etwas nötig haben.","Ich brauche Milch.","",""
"content/a1/vocabulary/07-einkaufen.json#words[17]","P3","A1","content/a1/vocabulary/07-einkaufen.json","17","einkaufen","VERB","","","","","example_lexeme_presence_needs_review","Check that examples clearly demonstrate the target lexeme or an acceptable inflected form.","đi mua sắm","Viele Dinge im Geschäft kaufen.","Ich kaufe im Supermarkt ein.","",""
"content/a1/vocabulary/08-dienstleistungen.json#words[11]","P3","A1","content/a1/vocabulary/08-dienstleistungen.json","11","schicken","VERB","","","","","example_lexeme_presence_needs_review","Check that examples clearly demonstrate the target lexeme or an acceptable inflected form.","gửi","Etwas mit der Post oder per E-Mail an eine Person geben.","Ich schicke einen Brief.","",""
"content/a1/vocabulary/08-dienstleistungen.json#words[13]","P3","A1","content/a1/vocabulary/08-dienstleistungen.json","13","ausfüllen","VERB","","","","","example_lexeme_presence_needs_review","Check that examples clearly demonstrate the target lexeme or an acceptable inflected form.","điền (đơn)","Informationen in ein Formular schreiben","Bitte füllen Sie das Formular aus.","",""
"content/a1/vocabulary/09-ausbildung-lernen.json#words[20]","P3","A1","content/a1/vocabulary/09-ausbildung-lernen.json","20","lesen","VERB","","","","","example_lexeme_presence_needs_review","Check that examples clearly demonstrate the target lexeme or an acceptable inflected form.","đọc","geschriebene Wörter mit den Augen verstehen","Ich lese ein Buch.","",""
"content/a1/vocabulary/09-ausbildung-lernen.json#words[21]","P3","A1","content/a1/vocabulary/09-ausbildung-lernen.json","21","schreiben","VERB","","","","","example_lexeme_presence_needs_review","Check that examples clearly demonstrate the target lexeme or an acceptable inflected form.","viết","Wörter mit einem Stift oder einer Tastatur bilden","Ich schreibe eine E-Mail.","",""
"content/a1/vocabulary/09-ausbildung-lernen.json#words[23]","P3","A1","content/a1/vocabulary/09-ausbildung-lernen.json","23","hören","VERB","","","","","example_lexeme_presence_needs_review","Check that examples clearly demonstrate the target lexeme or an acceptable inflected form.","nghe","mit den Ohren Töne wahrnehmen","Ich höre Musik.","",""
"content/a1/vocabulary/10-arbeit-beruf.json#words[12]","P3","A1","content/a1/vocabulary/10-arbeit-beruf.json","12","arbeiten","VERB","","","","","example_lexeme_presence_needs_review","Check that examples clearly demonstrate the target lexeme or an acceptable inflected form.","làm việc","eine Taetigkeit ausfuehren, oft fuer Geld","Ich arbeite im Büro.","",""
"content/a1/vocabulary/10-arbeit-beruf.json#words[13]","P3","A1","content/a1/vocabulary/10-arbeit-beruf.json","13","verdienen","VERB","","","","","example_lexeme_presence_needs_review","Check that examples clearly demonstrate the target lexeme or an acceptable inflected form.","kiếm tiền","Geld fuer eine Taetigkeit bekommen","Ich verdiene gut.","",""
"content/a1/vocabulary/11-freizeit.json#words[17]","P3","A1","content/a1/vocabulary/11-freizeit.json","17","singen","VERB","","","","","example_lexeme_presence_needs_review","Check that examples clearly demonstrate the target lexeme or an acceptable inflected form.","hát","Musik mit der Stimme machen","Ich singe gern.","",""
"content/a1/vocabulary/11-freizeit.json#words[18]","P3","A1","content/a1/vocabulary/11-freizeit.json","18","malen","VERB","","","","","example_lexeme_presence_needs_review","Check that examples clearly demonstrate the target lexeme or an acceptable inflected form.","vẽ","Bilder mit Farben machen","Ich male gern.","",""
"content/a1/vocabulary/11-freizeit.json#words[19]","P3","A1","content/a1/vocabulary/11-freizeit.json","19","fernsehen","VERB","","","","","example_lexeme_presence_needs_review","Check that examples clearly demonstrate the target lexeme or an acceptable inflected form.","xem tivi","Ein Programm mit Bildern und Ton anschauen.","Ich sehe abends fern.","",""
"content/a1/vocabulary/12-kommunikation.json#words[10]","P3","A1","content/a1/vocabulary/12-kommunikation.json","10","telefonieren","VERB","","","","","example_lexeme_presence_needs_review","Check that examples clearly demonstrate the target lexeme or an acceptable inflected form.","nói chuyện điện thoại","Mit einer Person am Telefon sprechen.","Ich telefoniere mit meiner Mutter.","",""
"content/a1/vocabulary/12-kommunikation.json#words[9]","P3","A1","content/a1/vocabulary/12-kommunikation.json","9","anrufen","VERB","","","","","example_lexeme_presence_needs_review","Check that examples clearly demonstrate the target lexeme or an acceptable inflected form.","gọi điện","Jemanden mit dem Telefon rufen.","Ich rufe dich an.","",""
"content/a1/vocabulary/13-reisen-verkehr.json#words[18]","P3","A1","content/a1/vocabulary/13-reisen-verkehr.json","18","fahren","VERB","","","","","example_lexeme_presence_needs_review","Check that examples clearly demonstrate the target lexeme or an acceptable inflected form.","lái, đi (bằng phương tiện)","Mit einem Auto oder Bus reisen.","Ich fahre mit dem Bus.","",""
"content/a1/vocabulary/13-reisen-verkehr.json#words[20]","P3","A1","content/a1/vocabulary/13-reisen-verkehr.json","20","gehen","VERB","","","","","example_lexeme_presence_needs_review","Check that examples clearly demonstrate the target lexeme or an acceptable inflected form.","đi (bộ)","Zu Fuß laufen.","Ich gehe nach Hause.","",""
"content/a1/vocabulary/13-reisen-verkehr.json#words[23]","P3","A1","content/a1/vocabulary/13-reisen-verkehr.json","23","aussteigen","VERB","","","","","example_lexeme_presence_needs_review","Check that examples clearly demonstrate the target lexeme or an acceptable inflected form.","xuống (tàu/xe)","Aus dem Bus oder Zug gehen.","Ich steige hier aus.","",""
"content/a1/vocabulary/15-zahlen.json#words[38]","P3","A1","content/a1/vocabulary/15-zahlen.json","38","kosten","VERB","","","","","example_lexeme_presence_needs_review","Check that examples clearly demonstrate the target lexeme or an acceptable inflected form.","có giá, tốn","Einen Preis haben.","Was kostet das?","",""
"content/a1/vocabulary/19-tiere.json#words[18]","P3","A1","content/a1/vocabulary/19-tiere.json","18","essen","VERB","","","","","example_lexeme_presence_needs_review","Check that examples clearly demonstrate the target lexeme or an acceptable inflected form.","ăn","Nahrung in den Mund nehmen und kauen.","Das Pferd isst Gras.","",""
"content/a1/vocabulary/19-tiere.json#words[19]","P3","A1","content/a1/vocabulary/19-tiere.json","19","trinken","VERB","","","","","example_lexeme_presence_needs_review","Check that examples clearly demonstrate the target lexeme or an acceptable inflected form.","uống","Eine Flüssigkeit in den Mund nehmen.","Der Elefant trinkt viel Wasser.","",""
"content/a1/vocabulary/19-tiere.json#words[20]","P3","A1","content/a1/vocabulary/19-tiere.json","20","schlafen","VERB","","","","","example_lexeme_presence_needs_review","Check that examples clearly demonstrate the target lexeme or an acceptable inflected form.","ngủ","Die Augen schließen und den Körper ausruhen.","Die Maus schläft im Haus.","",""
"content/a1/vocabulary/19-tiere.json#words[21]","P3","A1","content/a1/vocabulary/19-tiere.json","21","laufen","VERB","","","","","example_lexeme_presence_needs_review","Check that examples clearly demonstrate the target lexeme or an acceptable inflected form.","chạy, đi bộ","Mit den Beinen gehen.","Das Pferd läuft schnell.","",""
"content/a1/vocabulary/19-tiere.json#words[23]","P3","A1","content/a1/vocabulary/19-tiere.json","23","schwimmen","VERB","","","","","example_lexeme_presence_needs_review","Check that examples clearly demonstrate the target lexeme or an acceptable inflected form.","bơi","Im Wasser sein und sich bewegen.","Der Fisch schwimmt im Fluss.","",""
"content/a1/vocabulary/19-tiere.json#words[25]","P3","A1","content/a1/vocabulary/19-tiere.json","25","haben","VERB","","","","","example_lexeme_presence_needs_review","Check that examples clearly demonstrate the target lexeme or an acceptable inflected form.","có","Etwas besitzen.","Ich habe ein Tierbaby.","",""
"content/a1/vocabulary/19-tiere.json#words[26]","P3","A1","content/a1/vocabulary/19-tiere.json","26","sehen","VERB","","","","","example_lexeme_presence_needs_review","Check that examples clearly demonstrate the target lexeme or an acceptable inflected form.","nhìn, thấy","Mit den Augen schauen.","Ich sehe einen Vogel.","",""
"content/a1/vocabulary/20-schule-klassenzimmer.json#words[19]","P3","A1","content/a1/vocabulary/20-schule-klassenzimmer.json","19","gehen","VERB","","","","","example_lexeme_presence_needs_review","Check that examples clearly demonstrate the target lexeme or an acceptable inflected form.","đi","Zu Fuß laufen.","Ich gehe zur Schule.","",""
"content/a1/vocabulary/20-schule-klassenzimmer.json#words[21]","P3","A1","content/a1/vocabulary/20-schule-klassenzimmer.json","21","schreiben","VERB","","","","","example_lexeme_presence_needs_review","Check that examples clearly demonstrate the target lexeme or an acceptable inflected form.","viết","Wörter oder Zeichen mit einem Stift auf Papier bringen.","Ich schreibe einen Text.","",""
"content/a1/vocabulary/20-schule-klassenzimmer.json#words[22]","P3","A1","content/a1/vocabulary/20-schule-klassenzimmer.json","22","lesen","VERB","","","","","example_lexeme_presence_needs_review","Check that examples clearly demonstrate the target lexeme or an acceptable inflected form.","đọc","Geschriebene Wörter erkennen und verstehen.","Ich lese ein Buch.","",""
"content/a1/vocabulary/20-schule-klassenzimmer.json#words[23]","P3","A1","content/a1/vocabulary/20-schule-klassenzimmer.json","23","fragen","VERB","","","","","example_lexeme_presence_needs_review","Check that examples clearly demonstrate the target lexeme or an acceptable inflected form.","hỏi","Informationen von einer anderen Person suchen.","Ich frage den Lehrer.","",""
"content/a1/vocabulary/20-schule-klassenzimmer.json#words[24]","P3","A1","content/a1/vocabulary/20-schule-klassenzimmer.json","24","antworten","VERB","","","","","example_lexeme_presence_needs_review","Check that examples clearly demonstrate the target lexeme or an acceptable inflected form.","trả lời","Eine Information geben, wenn jemand etwas fragt.","Ich antworte auf die Frage.","",""
"content/a1/vocabulary/20-schule-klassenzimmer.json#words[25]","P3","A1","content/a1/vocabulary/20-schule-klassenzimmer.json","25","sprechen","VERB","","","","","example_lexeme_presence_needs_review","Check that examples clearly demonstrate the target lexeme or an acceptable inflected form.","nói","Wörter mit der Stimme sagen.","Ich spreche Deutsch.","",""
"content/a1/vocabulary/21-hobbys-sport.json#words[13]","P3","A1","content/a1/vocabulary/21-hobbys-sport.json","13","sehen","VERB","","","","","example_lexeme_presence_needs_review","Check that examples clearly demonstrate the target lexeme or an acceptable inflected form.","xem, nhìn","Mit den Augen etwas erkennen.","Ich sehe gern fern.","",""
"content/a1/vocabulary/21-hobbys-sport.json#words[23]","P3","A1","content/a1/vocabulary/21-hobbys-sport.json","23","fahren","VERB","","","","","example_lexeme_presence_needs_review","Check that examples clearly demonstrate the target lexeme or an acceptable inflected form.","đi (xe), lái (xe)","Mit einem Auto oder Fahrrad reisen","Fährst du gern Rad?","",""
"content/a1/vocabulary/21-hobbys-sport.json#words[3]","P3","A1","content/a1/vocabulary/21-hobbys-sport.json","3","machen","VERB","","","","","example_lexeme_presence_needs_review","Check that examples clearly demonstrate the target lexeme or an acceptable inflected form.","làm, thực hiện","Eine Tätigkeit oder Arbeit ausführen.","Was machst du am Wochenende?","",""
"content/a1/vocabulary/21-hobbys-sport.json#words[8]","P3","A1","content/a1/vocabulary/21-hobbys-sport.json","8","lesen","VERB","","","","","example_lexeme_presence_needs_review","Check that examples clearly demonstrate the target lexeme or an acceptable inflected form.","đọc","Geschriebene Wörter sehen und verstehen.","Ich lese ein Buch.","",""
"content/a1/vocabulary/21-hobbys-sport.json#words[9]","P3","A1","content/a1/vocabulary/21-hobbys-sport.json","9","hören","VERB","","","","","example_lexeme_presence_needs_review","Check that examples clearly demonstrate the target lexeme or an acceptable inflected form.","nghe","Man nutzt die Ohren.","Ich höre Musik.","",""
"content/a2/vocabulary/01-person-identitaet.json#words[31]","P3","A2","content/a2/vocabulary/01-person-identitaet.json","31","kennen","VERB","","","","","example_lexeme_presence_needs_review","Check that examples clearly demonstrate the target lexeme or an acceptable inflected form.","biết (ai đó, cái gì đó)","Wissen, wer eine Person ist oder wo ein Ort ist","Kennst du meine Freundin Anna?","",""
"content/a2/vocabulary/02-familie-soziales.json#words[25]","P3","A2","content/a2/vocabulary/02-familie-soziales.json","25","einladen","VERB","","","","","example_lexeme_presence_needs_review","Check that examples clearly demonstrate the target lexeme or an acceptable inflected form.","mời","Jemanden bitten, zu einem Treffen, einem Event oder an einen Ort zu kommen.","Ich lade dich zum Essen ein.","",""
"content/a2/vocabulary/03-gesundheit-koerperpflege.json#words[16]","P3","A2","content/a2/vocabulary/03-gesundheit-koerperpflege.json","16","bluten","VERB","","","","","example_lexeme_presence_needs_review","Check that examples clearly demonstrate the target lexeme or an acceptable inflected form.","chảy máu","Blut aus einer Wunde verlieren.","Die Wunde blutet.","",""
"content/a2/vocabulary/03-gesundheit-koerperpflege.json#words[17]","P3","A2","content/a2/vocabulary/03-gesundheit-koerperpflege.json","17","heilen","VERB","","","","","example_lexeme_presence_needs_review","Check that examples clearly demonstrate the target lexeme or an acceptable inflected form.","chữa lành","Eine Krankheit oder Verletzung gesund machen.","Die Wunde heilt gut.","",""
"content/a2/vocabulary/04-wohnen-haushalt.json#words[15]","P3","A2","content/a2/vocabulary/04-wohnen-haushalt.json","15","putzen","VERB","","","","","example_lexeme_presence_needs_review","Check that examples clearly demonstrate the target lexeme or an acceptable inflected form.","lau chùi","Etwas sauber machen","Ich putze das Bad.","",""
"content/a2/vocabulary/04-wohnen-haushalt.json#words[17]","P3","A2","content/a2/vocabulary/04-wohnen-haushalt.json","17","waschen","VERB","","","","","example_lexeme_presence_needs_review","Check that examples clearly demonstrate the target lexeme or an acceptable inflected form.","giặt","Mit Wasser und Seife sauber machen","Ich wasche die Wäsche.","",""
"content/a2/vocabulary/04-wohnen-haushalt.json#words[23]","P3","A2","content/a2/vocabulary/04-wohnen-haushalt.json","23","Vorhang","NOMEN","MASKULIN","","die Vorhänge","","example_lexeme_presence_needs_review","Check that examples clearly demonstrate the target lexeme or an acceptable inflected form.","rèm cửa","Ein Stoff vor dem Fenster","Mach die Vorhänge zu!","",""
"content/a2/vocabulary/04-wohnen-haushalt.json#words[7]","P3","A2","content/a2/vocabulary/04-wohnen-haushalt.json","7","umziehen","VERB","","","","","example_lexeme_presence_needs_review","Check that examples clearly demonstrate the target lexeme or an acceptable inflected form.","chuyển nhà","In eine neue Wohnung ziehen","Wir ziehen nächsten Monat um.","",""
"content/a2/vocabulary/04-wohnen-haushalt.json#words[8]","P3","A2","content/a2/vocabulary/04-wohnen-haushalt.json","8","einrichten","VERB","","","","","example_lexeme_presence_needs_review","Check that examples clearly demonstrate the target lexeme or an acceptable inflected form.","sắp xếp, trang trí","Möbel in eine Wohnung stellen","Wir richten die Wohnung ein.","",""
"content/a2/vocabulary/05-umwelt-natur.json#words[18]","P3","A2","content/a2/vocabulary/05-umwelt-natur.json","18","scheinen","VERB","","","","","example_lexeme_presence_needs_review","Check that examples clearly demonstrate the target lexeme or an acceptable inflected form.","chiếu sáng, có vẻ","Licht oder Sonnenlicht ausstrahlen","Die Sonne scheint.","",""
"content/a2/vocabulary/06-essen-restaurant.json#words[10]","P3","A2","content/a2/vocabulary/06-essen-restaurant.json","10","schmecken","VERB","","","","","example_lexeme_presence_needs_review","Check that examples clearly demonstrate the target lexeme or an acceptable inflected form.","có vị, ngon","mit dem Mund prüfen, wie ein Essen ist","Das Essen schmeckt gut.","",""
"content/a2/vocabulary/06-essen-restaurant.json#words[16]","P3","A2","content/a2/vocabulary/06-essen-restaurant.json","16","kochen","VERB","","","","","example_lexeme_presence_needs_review","Check that examples clearly demonstrate the target lexeme or an acceptable inflected form.","nấu ăn","Essen mit Hitze und Wasser zubereiten","Ich koche gern.","",""
"content/a2/vocabulary/07-kleidung-mode.json#words[25]","P3","A2","content/a2/vocabulary/07-kleidung-mode.json","25","tragen","VERB","","","","","example_lexeme_presence_needs_review","Check that examples clearly demonstrate the target lexeme or an acceptable inflected form.","mặc, mang, đeo","Kleidung am Körper haben","Ich trage heute eine neue Jacke.","",""
"content/a2/vocabulary/08-dienstleistungen-amt.json#words[18]","P3","A2","content/a2/vocabulary/08-dienstleistungen-amt.json","18","einzahlen","VERB","","","","","example_lexeme_presence_needs_review","Check that examples clearly demonstrate the target lexeme or an acceptable inflected form.","nạp tiền","Geld auf das Konto bringen","Ich zahle Geld ein.","",""
"content/a2/vocabulary/09-bildung-berufsleben.json#words[15]","P3","A2","content/a2/vocabulary/09-bildung-berufsleben.json","15","bestehen","VERB","","","","","example_lexeme_presence_needs_review","Check that examples clearly demonstrate the target lexeme or an acceptable inflected form.","đậu, vượt qua","Eine Prüfung erfolgreich machen.","Ich habe die Prüfung bestanden.","",""
"content/a2/vocabulary/09-bildung-berufsleben.json#words[2]","P3","A2","content/a2/vocabulary/09-bildung-berufsleben.json","2","studieren","VERB","","","","","example_lexeme_presence_needs_review","Check that examples clearly demonstrate the target lexeme or an acceptable inflected form.","học đại học","An einer Universität lernen.","Ich studiere Medizin.","",""
"content/a2/vocabulary/09-bildung-berufsleben.json#words[22]","P3","A2","content/a2/vocabulary/09-bildung-berufsleben.json","22","arbeiten","VERB","","","","","example_lexeme_presence_needs_review","Check that examples clearly demonstrate the target lexeme or an acceptable inflected form.","làm việc","Eine Tätigkeit machen, oft für Geld.","Wo arbeitest du?","",""
"content/a2/vocabulary/09-bildung-berufsleben.json#words[27]","P3","A2","content/a2/vocabulary/09-bildung-berufsleben.json","27","verdienen","VERB","","","","","example_lexeme_presence_needs_review","Check that examples clearly demonstrate the target lexeme or an acceptable inflected form.","kiếm tiền, xứng đáng","Geld für eine Arbeit bekommen oder eine Belohnung bekommen, weil man es rechtmäßig verdient hat.","Wie viel Geld verdienst du im Monat?","",""
"content/a2/vocabulary/10-arbeit-wirtschaft.json#words[18]","P3","A2","content/a2/vocabulary/10-arbeit-wirtschaft.json","18","einstellen","VERB","","","","","example_lexeme_presence_needs_review","Check that examples clearly demonstrate the target lexeme or an acceptable inflected form.","tuyển dụng","Jemandem eine Arbeit in einer Firma geben.","Die Firma stellt neue Leute ein.","",""
"content/a2/vocabulary/10-arbeit-wirtschaft.json#words[4]","P3","A2","content/a2/vocabulary/10-arbeit-wirtschaft.json","4","kündigen","VERB","","","","","example_lexeme_presence_needs_review","Check that examples clearly demonstrate the target lexeme or an acceptable inflected form.","nghỉ việc, sa thải","Offiziell sagen, dass man die Arbeit beenden möchte.","Er hat gekündigt.","",""
"content/a2/vocabulary/11-freizeit-kultur.json#words[10]","P3","A2","content/a2/vocabulary/11-freizeit-kultur.json","10","verlieren","VERB","","","","","example_lexeme_presence_needs_review","Check that examples clearly demonstrate the target lexeme or an acceptable inflected form.","thua, mất","In einem Spiel oder Wettkampf nicht gewinnen oder etwas nicht mehr besitzen.","Wir haben verloren.","",""
"content/a2/vocabulary/11-freizeit-kultur.json#words[22]","P3","A2","content/a2/vocabulary/11-freizeit-kultur.json","22","lesen","VERB","","","","","example_lexeme_presence_needs_review","Check that examples clearly demonstrate the target lexeme or an acceptable inflected form.","đọc","Geschriebene Zeichen oder Wörter mit den Augen erfassen und verstehen.","Ich lese jeden Abend ein Buch.","",""
"content/a2/vocabulary/11-freizeit-kultur.json#words[9]","P3","A2","content/a2/vocabulary/11-freizeit-kultur.json","9","gewinnen","VERB","","","","","example_lexeme_presence_needs_review","Check that examples clearly demonstrate the target lexeme or an acceptable inflected form.","thắng","In einem Spiel oder einem Wettkampf erfolgreich sein.","Wir haben gewonnen!","",""
"content/a2/vocabulary/12-kommunikation-medien.json#words[15]","P3","A2","content/a2/vocabulary/12-kommunikation-medien.json","15","anrufen","VERB","","","","","example_lexeme_presence_needs_review","Check that examples clearly demonstrate the target lexeme or an acceptable inflected form.","gọi điện","Mit dem Telefon jemanden kontaktieren","Ich rufe dich an.","",""
"content/a2/vocabulary/12-kommunikation-medien.json#words[24]","P3","A2","content/a2/vocabulary/12-kommunikation-medien.json","24","suchen","VERB","","","","","example_lexeme_presence_needs_review","Check that examples clearly demonstrate the target lexeme or an acceptable inflected form.","tìm kiếm","Versuchen, etwas zu finden","Ich suche Informationen im Internet.","",""
"content/a2/vocabulary/12-kommunikation-medien.json#words[8]","P3","A2","content/a2/vocabulary/12-kommunikation-medien.json","8","herunterladen","VERB","","","","","example_lexeme_presence_needs_review","Check that examples clearly demonstrate the target lexeme or an acceptable inflected form.","tải xuống","Etwas aus dem Internet auf den Computer kopieren","Ich lade die App herunter.","",""
"content/a2/vocabulary/13-reisen-tourismus.json#words[25]","P3","A2","content/a2/vocabulary/13-reisen-tourismus.json","25","ankommen","VERB","","","","","example_lexeme_presence_needs_review","Check that examples clearly demonstrate the target lexeme or an acceptable inflected form.","đến, tới nơi","An einem Ort sein, nachdem man eine Reise gemacht hat.","Wann kommt der Zug an?","",""
"content/a2/vocabulary/13-reisen-tourismus.json#words[5]","P3","A2","content/a2/vocabulary/13-reisen-tourismus.json","5","buchen","VERB","","","","","example_lexeme_presence_needs_review","Check that examples clearly demonstrate the target lexeme or an acceptable inflected form.","đặt (vé, phòng)","Etwas offiziell bestellen, zum Beispiel ein Hotelzimmer oder ein Ticket.","Ich buche ein Hotelzimmer.","",""
"content/a2/vocabulary/14-zeit-feiertage.json#words[13]","P3","A2","content/a2/vocabulary/14-zeit-feiertage.json","13","zusagen","VERB","","","","","example_lexeme_presence_needs_review","Check that examples clearly demonstrate the target lexeme or an acceptable inflected form.","nhận lời","Sagen, dass man eine Einladung annimmt.","Ich sage gern zu.","",""
"content/a2/vocabulary/14-zeit-feiertage.json#words[14]","P3","A2","content/a2/vocabulary/14-zeit-feiertage.json","14","dauern","VERB","","","","","example_lexeme_presence_needs_review","Check that examples clearly demonstrate the target lexeme or an acceptable inflected form.","kéo dài","Wie lange eine Aktivität Zeit braucht.","Wie lange dauert das?","",""
"content/a2/vocabulary/14-zeit-feiertage.json#words[20]","P3","A2","content/a2/vocabulary/14-zeit-feiertage.json","20","beginnen","VERB","","","","","example_lexeme_presence_needs_review","Check that examples clearly demonstrate the target lexeme or an acceptable inflected form.","bắt đầu","Der Start von einer Aktion oder einem Ereignis.","Der Film beginnt um 20 Uhr.","",""
"content/a2/vocabulary/14-zeit-feiertage.json#words[21]","P3","A2","content/a2/vocabulary/14-zeit-feiertage.json","21","enden","VERB","","","","","example_lexeme_presence_needs_review","Check that examples clearly demonstrate the target lexeme or an acceptable inflected form.","kết thúc","Der letzte Teil von einer Aktion oder einem Ereignis.","Die Vorlesung endet um 16 Uhr.","",""
"content/a2/vocabulary/15-gefuehle-meinungen.json#words[13]","P3","A2","content/a2/vocabulary/15-gefuehle-meinungen.json","13","meinen","VERB","","","","","example_lexeme_presence_needs_review","Check that examples clearly demonstrate the target lexeme or an acceptable inflected form.","nghĩ, cho là","Sagen oder denken, was man über eine Sache hält.","Was meinst du?","",""
"content/a2/vocabulary/15-gefuehle-meinungen.json#words[14]","P3","A2","content/a2/vocabulary/15-gefuehle-meinungen.json","14","zustimmen","VERB","","","","","example_lexeme_presence_needs_review","Check that examples clearly demonstrate the target lexeme or an acceptable inflected form.","đồng ý","Sagen, dass die Meinung von jemand anderem richtig ist.","Ich stimme dir zu.","",""
"content/a2/vocabulary/15-gefuehle-meinungen.json#words[15]","P3","A2","content/a2/vocabulary/15-gefuehle-meinungen.json","15","ablehnen","VERB","","","","","example_lexeme_presence_needs_review","Check that examples clearly demonstrate the target lexeme or an acceptable inflected form.","từ chối","Sagen, dass man etwas nicht möchte.","Ich lehne das Angebot ab.","",""
"content/a2/vocabulary/15-gefuehle-meinungen.json#words[17]","P3","A2","content/a2/vocabulary/15-gefuehle-meinungen.json","17","vorschlagen","VERB","","","","","example_lexeme_presence_needs_review","Check that examples clearly demonstrate the target lexeme or an acceptable inflected form.","đề xuất","Eine Idee für eine Aktivität geben.","Ich schlage ein Treffen vor.","",""
"content/a2/vocabulary/15-gefuehle-meinungen.json#words[31]","P3","A2","content/a2/vocabulary/15-gefuehle-meinungen.json","31","glauben","VERB","","","","","example_lexeme_presence_needs_review","Check that examples clearly demonstrate the target lexeme or an acceptable inflected form.","tin, tin rằng, nghĩ rằng","Denken, dass etwas wahr ist.","Ich glaube, das ist eine gute Idee.","",""
"content/a2/vocabulary/16-technik-alltag.json#words[10]","P3","A2","content/a2/vocabulary/16-technik-alltag.json","10","funktionieren","VERB","","","","","example_lexeme_presence_needs_review","Check that examples clearly demonstrate the target lexeme or an acceptable inflected form.","hoạt động","So arbeiten, wie es geplant ist.","Das funktioniert nicht.","",""
"content/a2/vocabulary/16-technik-alltag.json#words[11]","P3","A2","content/a2/vocabulary/16-technik-alltag.json","11","einschalten","VERB","","","","","example_lexeme_presence_needs_review","Check that examples clearly demonstrate the target lexeme or an acceptable inflected form.","bật","Ein Gerät aktivieren, damit es mit der Arbeit beginnt.","Schalte das Licht ein!","",""
"content/a2/vocabulary/16-technik-alltag.json#words[12]","P3","A2","content/a2/vocabulary/16-technik-alltag.json","12","ausschalten","VERB","","","","","example_lexeme_presence_needs_review","Check that examples clearly demonstrate the target lexeme or an acceptable inflected form.","tắt","Ein Gerät deaktivieren, damit es aufhört zu arbeiten.","Schalte das Handy aus!","",""
"content/a2/vocabulary/16-technik-alltag.json#words[22]","P3","A2","content/a2/vocabulary/16-technik-alltag.json","22","nutzen","VERB","","","","","example_lexeme_presence_needs_review","Check that examples clearly demonstrate the target lexeme or an acceptable inflected form.","sử dụng, tận dụng","Etwas gebrauchen, um ein Ziel zu erreichen.","Ich nutze mein Handy oft zum Lesen.","",""
"content/a2/vocabulary/16-technik-alltag.json#words[6]","P3","A2","content/a2/vocabulary/16-technik-alltag.json","6","installieren","VERB","","","","","example_lexeme_presence_needs_review","Check that examples clearly demonstrate the target lexeme or an acceptable inflected form.","cài đặt","Ein Programm auf einem Computer oder Handy einrichten.","Ich installiere die App.","",""
"content/a2/vocabulary/16-technik-alltag.json#words[7]","P3","A2","content/a2/vocabulary/16-technik-alltag.json","7","aktualisieren","VERB","","","","","example_lexeme_presence_needs_review","Check that examples clearly demonstrate the target lexeme or an acceptable inflected form.","cập nhật","Ein Programm auf die neueste Version bringen.","Aktualisiere die App!","",""
"content/a2/vocabulary/16-technik-alltag.json#words[8]","P3","A2","content/a2/vocabulary/16-technik-alltag.json","8","speichern","VERB","","","","","example_lexeme_presence_needs_review","Check that examples clearly demonstrate the target lexeme or an acceptable inflected form.","lưu","Informationen digital auf einem Gerät sichern.","Speichere das Dokument!","",""
"content/a2/vocabulary/16-technik-alltag.json#words[9]","P3","A2","content/a2/vocabulary/16-technik-alltag.json","9","löschen","VERB","","","","","example_lexeme_presence_needs_review","Check that examples clearly demonstrate the target lexeme or an acceptable inflected form.","xóa","Etwas entfernen, damit es nicht mehr da ist.","Lösche die alte Datei.","",""
"content/a2/vocabulary/17-gesellschaft-regeln.json#words[5]","P3","A2","content/a2/vocabulary/17-gesellschaft-regeln.json","5","erlauben","VERB","","","","","example_lexeme_presence_needs_review","Check that examples clearly demonstrate the target lexeme or an acceptable inflected form.","cho phép","Sagen, dass man etwas machen darf.","Das ist nicht erlaubt.","",""
"content/a2/vocabulary/17-gesellschaft-regeln.json#words[6]","P3","A2","content/a2/vocabulary/17-gesellschaft-regeln.json","6","verbieten","VERB","","","","","example_lexeme_presence_needs_review","Check that examples clearly demonstrate the target lexeme or an acceptable inflected form.","cấm","Sagen, dass man etwas nicht machen darf.","Rauchen ist hier verboten.","",""
"content/a2/vocabulary/18-geld-finanzen.json#words[4]","P3","A2","content/a2/vocabulary/18-geld-finanzen.json","4","ausgeben","VERB","","","","","example_lexeme_presence_needs_review","Check that examples clearly demonstrate the target lexeme or an acceptable inflected form.","tiêu (tiền)","Geld für etwas bezahlen","Ich gebe zu viel Geld aus.","",""
"content/a2/vocabulary/20-wetter-klima.json#words[23]","P3","A2","content/a2/vocabulary/20-wetter-klima.json","23","schneien","VERB","","","","","example_lexeme_presence_needs_review","Check that examples clearly demonstrate the target lexeme or an acceptable inflected form.","tuyết rơi","Wenn gefrorenes Wasser in weißen Flocken vom Himmel fällt.","Im Winter schneit es oft.","",""
"content/a2/vocabulary/22-haustiere.json#words[23]","P3","A2","content/a2/vocabulary/22-haustiere.json","23","streicheln","VERB","","","","","example_lexeme_presence_needs_review","Check that examples clearly demonstrate the target lexeme or an acceptable inflected form.","vuốt ve, âu yếm","Ein Tier lieb mit der Hand berühren","Mein Hund mag es, wenn ich ihn streichle.","",""
"content/a2/vocabulary/22-haustiere.json#words[24]","P3","A2","content/a2/vocabulary/22-haustiere.json","24","bellen","VERB","","","","","example_lexeme_presence_needs_review","Check that examples clearly demonstrate the target lexeme or an acceptable inflected form.","sủa","Das Geräusch, das ein Hund macht","Der Hund bellt, wenn jemand an die Tür klopft.","",""
"content/a2/vocabulary/22-haustiere.json#words[25]","P3","A2","content/a2/vocabulary/22-haustiere.json","25","miauen","VERB","","","","","example_lexeme_presence_needs_review","Check that examples clearly demonstrate the target lexeme or an acceptable inflected form.","kêu meo meo","die Geräusche machen, die eine Katze macht","Die Katze miaut, weil sie Hunger hat.","",""
"content/a2/vocabulary/23-feste-geburtstag.json#words[18]","P3","A2","content/a2/vocabulary/23-feste-geburtstag.json","18","wünschen","VERB","","","","","example_lexeme_presence_needs_review","Check that examples clearly demonstrate the target lexeme or an acceptable inflected form.","mong ước, chúc","hoffen, dass man etwas bekommt oder dass jemandem etwas Gutes passiert","Ich wünsche dir viel Glück!","",""
"content/a2/vocabulary/24-koerperteile-detailliert.json#words[17]","P3","A2","content/a2/vocabulary/24-koerperteile-detailliert.json","17","schmerzen","VERB","","","","","example_lexeme_presence_needs_review","Check that examples clearly demonstrate the target lexeme or an acceptable inflected form.","đau, nhức","Ein unangenehmes Gefühl an einer Stelle im Körper haben.","Mein Rücken schmerzt nach der Arbeit.","",""
"content/a2/vocabulary/25-schulfaecher.json#words[20]","P3","A2","content/a2/vocabulary/25-schulfaecher.json","20","verstehen","VERB","","","","","example_lexeme_presence_needs_review","Check that examples clearly demonstrate the target lexeme or an acceptable inflected form.","hiểu","Wissen, was etwas bedeutet.","Ich verstehe die Frage nicht.","",""
"content/a2/vocabulary/26-nachbarn-gemeinde.json#words[20]","P3","A2","content/a2/vocabulary/26-nachbarn-gemeinde.json","20","begegnen","VERB","","","","","example_lexeme_presence_needs_review","Check that examples clearly demonstrate the target lexeme or an acceptable inflected form.","gặp gỡ, đối mặt","Jemanden zufällig treffen.","Ich bin gestern meinem alten Lehrer in der Stadt begegnet.","",""
"content/b1/vocabulary/02-beziehungen-zusammenleben.json#words[27]","P3","B1","content/b1/vocabulary/02-beziehungen-zusammenleben.json","27","verständlich","ADJEKTIV","","","","","example_lexeme_presence_needs_review","Check that examples clearly demonstrate the target lexeme or an acceptable inflected form.","thấu hiểu","so klar, dass man es ohne Probleme begreifen kann","Er ist ein sehr verständnisvoller Partner.","",""
"content/b1/vocabulary/06-ernaehrung-kochen.json#words[18]","P3","B1","content/b1/vocabulary/06-ernaehrung-kochen.json","18","servieren","VERB","","","","","example_lexeme_presence_needs_review","Check that examples clearly demonstrate the target lexeme or an acceptable inflected form.","phục vụ, dọn (món ăn)","Essen oder Getränke an den Tisch bringen.","Das Essen wird in wenigen Minuten serviert.","",""
"content/b1/vocabulary/06-ernaehrung-kochen.json#words[19]","P3","B1","content/b1/vocabulary/06-ernaehrung-kochen.json","19","genießen","VERB","","","","","example_lexeme_presence_needs_review","Check that examples clearly demonstrate the target lexeme or an acceptable inflected form.","thưởng thức","Etwas mit viel Freude essen oder trinken.","Ich genieße es, am Wochenende lange zu frühstücken.","",""
"content/b1/vocabulary/07-mode-konsum.json#words[20]","P3","B1","content/b1/vocabulary/07-mode-konsum.json","20","verkaufen","VERB","","","","","example_lexeme_presence_needs_review","Check that examples clearly demonstrate the target lexeme or an acceptable inflected form.","bán","Etwas gegen Geld an eine andere Person geben.","Er hat sein altes Auto verkauft.","",""
"content/b1/vocabulary/07-mode-konsum.json#words[22]","P3","B1","content/b1/vocabulary/07-mode-konsum.json","22","ausgeben","VERB","","","","","example_lexeme_presence_needs_review","Check that examples clearly demonstrate the target lexeme or an acceptable inflected form.","chi tiêu","Geld bezahlen, um etwas zu kaufen.","Ich gebe nicht gerne viel Geld für Kleidung aus.","",""
"content/b1/vocabulary/07-mode-konsum.json#words[25]","P3","B1","content/b1/vocabulary/07-mode-konsum.json","25","tragen","VERB","","","","","example_lexeme_presence_needs_review","Check that examples clearly demonstrate the target lexeme or an acceptable inflected form.","mặc, mang, đeo","Kleidung am Körper haben.","Ich trage heute mein neues Kleid.","",""
"content/b1/vocabulary/08-behoerden-buerokratie.json#words[18]","P3","B1","content/b1/vocabulary/08-behoerden-buerokratie.json","18","ausfüllen","VERB","","","","","example_lexeme_presence_needs_review","Check that examples clearly demonstrate the target lexeme or an acceptable inflected form.","điền vào","Alle notwendigen Informationen in ein Formular oder eine Liste schreiben.","Bitte füllen Sie das Formular komplett aus.","",""
"content/b1/vocabulary/08-behoerden-buerokratie.json#words[21]","P3","B1","content/b1/vocabulary/08-behoerden-buerokratie.json","21","genehmigen","VERB","","","","","example_lexeme_presence_needs_review","Check that examples clearly demonstrate the target lexeme or an acceptable inflected form.","chấp thuận, cấp phép","zustimmen, dass etwas geschieht","Die Stadt hat den Bauantrag genehmigt.","",""
"content/b1/vocabulary/09-ausbildung-studium.json#words[18]","P3","B1","content/b1/vocabulary/09-ausbildung-studium.json","18","unterrichten","VERB","","","","","example_lexeme_presence_needs_review","Check that examples clearly demonstrate the target lexeme or an acceptable inflected form.","dạy học","Wissen an andere Personen weitergeben.","Sie unterrichtet Deutsch als Fremdsprache.","",""
"content/b1/vocabulary/09-ausbildung-studium.json#words[20]","P3","B1","content/b1/vocabulary/09-ausbildung-studium.json","20","durchfallen","VERB","","","","","example_lexeme_presence_needs_review","Check that examples clearly demonstrate the target lexeme or an acceptable inflected form.","trượt (kỳ thi)","Eine Prüfung nicht schaffen.","Leider bin ich bei der Fahrprüfung durchgefallen.","",""
"content/b1/vocabulary/09-ausbildung-studium.json#words[25]","P3","B1","content/b1/vocabulary/09-ausbildung-studium.json","25","forschen","VERB","","","","","example_lexeme_presence_needs_review","Check that examples clearly demonstrate the target lexeme or an acceptable inflected form.","nghiên cứu","Wissenschaftlich nach neuen Erkenntnissen suchen.","An der Universität wird viel zu diesem Thema geforscht.","",""
"content/b1/vocabulary/11-kunst-unterhaltung.json#words[21]","P3","B1","content/b1/vocabulary/11-kunst-unterhaltung.json","21","gestalten","VERB","","","","","example_lexeme_presence_needs_review","Check that examples clearly demonstrate the target lexeme or an acceptable inflected form.","thiết kế, tạo hình","Etwas kreativ planen oder formen.","Sie gestaltet gerne einzigartige Schmuckstücke.","",""
"content/b1/vocabulary/11-kunst-unterhaltung.json#words[24]","P3","B1","content/b1/vocabulary/11-kunst-unterhaltung.json","24","bewundern","VERB","","","","","example_lexeme_presence_needs_review","Check that examples clearly demonstrate the target lexeme or an acceptable inflected form.","ngưỡng mộ","Jemanden oder etwas mit großem Respekt und Anerkennung betrachten.","Ich bewundere die Arbeit dieses Malers sehr.","",""
"content/b1/vocabulary/13-reisen-abenteuer.json#words[25]","P3","B1","content/b1/vocabulary/13-reisen-abenteuer.json","25","begegnen","VERB","","","","","example_lexeme_presence_needs_review","Check that examples clearly demonstrate the target lexeme or an acceptable inflected form.","gặp gỡ, đối mặt","Jemanden zufällig treffen.","Auf Reisen begegnet man vielen interessanten Menschen.","",""
"content/b1/vocabulary/14-feste-traditionen.json#words[15]","P3","B1","content/b1/vocabulary/14-feste-traditionen.json","15","feiern","VERB","","","","","example_lexeme_presence_needs_review","Check that examples clearly demonstrate the target lexeme or an acceptable inflected form.","ăn mừng, kỷ niệm","Ein besonderes Ereignis mit einer Zusammenkunft oder einer Zeremonie markieren.","Wir haben ihren Geburtstag bis spät in die Nacht gefeiert.","",""
"content/b1/vocabulary/15-psychologie-wohlbefinden.json#words[13]","P3","B1","content/b1/vocabulary/15-psychologie-wohlbefinden.json","13","umgehen mit","VERB","","","","","example_lexeme_presence_needs_review","Check that examples clearly demonstrate the target lexeme or an acceptable inflected form.","đối phó với, xử lý","Wissen, wie man mit einer Person oder einer Situation handelt","Man muss lernen, mit Stress umzugehen.","",""
"content/b1/vocabulary/16-digitales-leben-internet.json#words[17]","P3","B1","content/b1/vocabulary/16-digitales-leben-internet.json","17","surfen","VERB","","","","","example_lexeme_presence_needs_review","Check that examples clearly demonstrate the target lexeme or an acceptable inflected form.","lướt (web)","sich im Internet auf verschiedenen Webseiten bewegen, um Informationen zu finden","Ich surfe gerne im Internet, um Informationen zu finden.","",""
"content/b1/vocabulary/17-recht-gerechtigkeit.json#words[20]","P3","B1","content/b1/vocabulary/17-recht-gerechtigkeit.json","20","ermitteln","VERB","","","","","example_lexeme_presence_needs_review","Check that examples clearly demonstrate the target lexeme or an acceptable inflected form.","điều tra","Informationen suchen, um einen Täter zu finden.","Die Polizei ermittelt in dem Fall.","",""
"content/b1/vocabulary/18-wirtschaft-handel.json#words[11]","P3","B1","content/b1/vocabulary/18-wirtschaft-handel.json","11","Arbeitskraft","NOMEN","FEMININ","","die Arbeitskräfte","","example_lexeme_presence_needs_review","Check that examples clearly demonstrate the target lexeme or an acceptable inflected form.","lực lượng lao động, công nhân","Eine Person, die arbeitet oder die Fähigkeit zu arbeiten.","Es gibt einen Mangel an qualifizierten Arbeitskräften in diesem Sektor.","",""
"content/b1/vocabulary/18-wirtschaft-handel.json#words[22]","P3","B1","content/b1/vocabulary/18-wirtschaft-handel.json","22","verdienen","VERB","","","","","example_lexeme_presence_needs_review","Check that examples clearly demonstrate the target lexeme or an acceptable inflected form.","kiếm tiền, xứng đáng","Geld bekommen, weil man gearbeitet hat.","Wie viel verdienst du im Monat?","",""
"content/b1/vocabulary/19-verkehr-infrastruktur.json#words[21]","P3","B1","content/b1/vocabulary/19-verkehr-infrastruktur.json","21","ausbauen","VERB","","","","","example_lexeme_presence_needs_review","Check that examples clearly demonstrate the target lexeme or an acceptable inflected form.","mở rộng, phát triển","eine Anlage oder ein System erweitern, um es leistungsfähiger zu machen","Die Stadt plant, das öffentliche Verkehrsnetz auszubauen.","",""
"content/b1/vocabulary/19-verkehr-infrastruktur.json#words[22]","P3","B1","content/b1/vocabulary/19-verkehr-infrastruktur.json","22","sanieren","VERB","","","","","example_lexeme_presence_needs_review","Check that examples clearly demonstrate the target lexeme or an acceptable inflected form.","cải tạo, sửa chữa","ein Gebäude oder eine Straße grundlegend reparieren und modernisieren","Viele alte Brücken müssen dringend saniert werden.","",""
"content/b1/vocabulary/21-medien-fernsehen.json#words[18]","P3","B1","content/b1/vocabulary/21-medien-fernsehen.json","18","senden","VERB","","","","","example_lexeme_presence_needs_review","Check that examples clearly demonstrate the target lexeme or an acceptable inflected form.","gửi, phát sóng","Ein Signal mit Informationen über Funk oder Kabel an viele Empfänger schicken.","Der Radiosender sendet 24 Stunden am Tag Musik.","",""
"content/b1/vocabulary/22-musik-instrumente.json#words[15]","P3","B1","content/b1/vocabulary/22-musik-instrumente.json","15","begleiten","VERB","","","","","example_lexeme_presence_needs_review","Check that examples clearly demonstrate the target lexeme or an acceptable inflected form.","đệm nhạc, đi kèm","ein Musikstück mit einem anderen Instrument unterstützen","Der Pianist begleitete die Sängerin bei ihrem Auftritt.","",""
"content/b1/vocabulary/22-musik-instrumente.json#words[16]","P3","B1","content/b1/vocabulary/22-musik-instrumente.json","16","aufnehmen","VERB","","","","","example_lexeme_presence_needs_review","Check that examples clearly demonstrate the target lexeme or an acceptable inflected form.","thu âm, ghi hình","etwas mit einem Gerät festhalten, wie ein Bild oder ein Geräusch","Die Band plant, im nächsten Monat ein neues Album aufzunehmen.","",""
"content/b1/vocabulary/23-sport-wettkampf.json#words[19]","P3","B1","content/b1/vocabulary/23-sport-wettkampf.json","19","trainieren","VERB","","","","","example_lexeme_presence_needs_review","Check that examples clearly demonstrate the target lexeme or an acceptable inflected form.","tập luyện","Sport machen, um fit zu bleiben oder besser zu werden.","Er trainiert jeden Tag für den Marathon, um seine Ausdauer zu verbessern.","",""
"content/b1/vocabulary/24-haustiere-tierpflege.json#words[17]","P3","B1","content/b1/vocabulary/24-haustiere-tierpflege.json","17","füttern","VERB","","","","","example_lexeme_presence_needs_review","Check that examples clearly demonstrate the target lexeme or an acceptable inflected form.","cho ăn","Einem Tier Essen geben.","Ich füttere meine Fische jeden Morgen.","",""
"content/b1/vocabulary/26-bewerbung-lebenslauf.json#words[19]","P3","B1","content/b1/vocabulary/26-bewerbung-lebenslauf.json","19","auswählen","VERB","","","","","example_lexeme_presence_needs_review","Check that examples clearly demonstrate the target lexeme or an acceptable inflected form.","lựa chọn, chọn lọc","Aus mehreren Möglichkeiten eine Sache nehmen","Aus vielen Bewerbern wird nur einer für die Stelle ausgewählt.","",""
"content/b1/vocabulary/27-mietvertrag-rechte.json#words[18]","P3","B1","content/b1/vocabulary/27-mietvertrag-rechte.json","18","haften","VERB","","","","","example_lexeme_presence_needs_review","Check that examples clearly demonstrate the target lexeme or an acceptable inflected form.","chịu trách nhiệm, chịu bồi thường","Verantwortlich sein und zum Beispiel für einen Schaden bezahlen.","Der Mieter haftet für Schäden, die er verursacht hat.","",""
"content/b1/vocabulary/28-internet-sicherheit.json#words[18]","P3","B1","content/b1/vocabulary/28-internet-sicherheit.json","18","warnen","VERB","","","","","example_lexeme_presence_needs_review","Check that examples clearly demonstrate the target lexeme or an acceptable inflected form.","cảnh báo (về)","Jemandem sagen, dass eine Gefahr existiert","Die Verbraucherzentrale warnt vor neuen Betrugsmaschen im Internet.","",""
"content/b1/vocabulary/29-ehrenamt-soziales.json#words[17]","P3","B1","content/b1/vocabulary/29-ehrenamt-soziales.json","17","betreuen","VERB","","","","","example_lexeme_presence_needs_review","Check that examples clearly demonstrate the target lexeme or an acceptable inflected form.","chăm sóc, trông nom, giám sát","Sich um jemanden kümmern, zum Beispiel um Kinder.","In der Kita werden die Kinder von erfahrenen Erziehern betreut.","",""
"content/b1/vocabulary/29-ehrenamt-soziales.json#words[18]","P3","B1","content/b1/vocabulary/29-ehrenamt-soziales.json","18","beitragen","VERB","","","","","example_lexeme_presence_needs_review","Check that examples clearly demonstrate the target lexeme or an acceptable inflected form.","đóng góp","Einen Teil zu etwas geben, damit ein Ziel erreicht wird.","Jeder kann einen Beitrag zum Umweltschutz leisten.","",""
"content/b1/vocabulary/31-landwirtschaft-ernte.json#words[24]","P3","B1","content/b1/vocabulary/31-landwirtschaft-ernte.json","24","verarbeiten","VERB","","","","","example_lexeme_presence_needs_review","Check that examples clearly demonstrate the target lexeme or an acceptable inflected form.","chế biến, xử lý","Etwas aus einem Rohstoff machen, zum Beispiel aus Weizen Mehl machen.","Die geernteten Früchte werden zu Saft verarbeitet.","",""
"content/b1/vocabulary/34-diskussion-argumentation.json#words[15]","P3","B1","content/b1/vocabulary/34-diskussion-argumentation.json","15","zustimmen","VERB","","","","","example_lexeme_presence_needs_review","Check that examples clearly demonstrate the target lexeme or an acceptable inflected form.","đồng ý, tán thành","etwas akzeptieren oder unterstützen","Ich stimme deinem Vorschlag voll und ganz zu.","",""
"content/b1/vocabulary/35-vergleich-statistik.json#words[20]","P3","B1","content/b1/vocabulary/35-vergleich-statistik.json","20","auswerten","VERB","","","","","example_lexeme_presence_needs_review","Check that examples clearly demonstrate the target lexeme or an acceptable inflected form.","đánh giá, phân tích, khai thác","Daten untersuchen, um etwas zu erfahren","Die Ergebnisse der Umfrage müssen noch ausgewertet werden.","",""
"content/b1/vocabulary/36-hotel-unterkunft.json#words[17]","P3","B1","content/b1/vocabulary/36-hotel-unterkunft.json","17","auschecken","VERB","","","","","example_lexeme_presence_needs_review","Check that examples clearly demonstrate the target lexeme or an acceptable inflected form.","trả phòng (khách sạn), làm thủ tục trả phòng","Das Hotel verlassen und die Rechnung bezahlen.","Bitte vergessen Sie nicht, vor 11 Uhr auszuchecken.","",""
"content/b1/vocabulary/38-notfall-erste-hilfe.json#words[18]","P3","B1","content/b1/vocabulary/38-notfall-erste-hilfe.json","18","bluten","VERB","","","","","example_lexeme_presence_needs_review","Check that examples clearly demonstrate the target lexeme or an acceptable inflected form.","chảy máu","Wenn Blut aus dem Körper kommt.","Die kleine Schnittwunde blutet nicht mehr.","",""
"content/b1/vocabulary/38-notfall-erste-hilfe.json#words[19]","P3","B1","content/b1/vocabulary/38-notfall-erste-hilfe.json","19","verletzen (sich)","VERB","","","","","example_lexeme_presence_needs_review","Check that examples clearly demonstrate the target lexeme or an acceptable inflected form.","làm bị thương (bản thân)","Sich selbst einen körperlichen Schaden zufügen.","Er hat sich beim Sport am Fuß verletzt.","",""
"content/b1/vocabulary/40-steuern-abgaben.json#words[22]","P3","B1","content/b1/vocabulary/40-steuern-abgaben.json","22","besteuern","VERB","","","","","example_lexeme_presence_needs_review","Check that examples clearly demonstrate the target lexeme or an acceptable inflected form.","đánh thuế","Steuer auf etwas erheben","Der Staat besteuert das Einkommen seiner Bürger.","",""
"content/b1/vocabulary/41-versicherungen.json#words[16]","P3","B1","content/b1/vocabulary/41-versicherungen.json","16","eintreten","VERB","","","","","example_lexeme_presence_needs_review","Check that examples clearly demonstrate the target lexeme or an acceptable inflected form.","xảy ra (sự kiện); vào (phòng)","Wenn ein Ereignis oder ein bestimmter Fall wirklich passiert","Die Versicherung zahlt nur, wenn der Leistungsfall wirklich eingetreten ist.","",""
"content/b1/vocabulary/41-versicherungen.json#words[18]","P3","B1","content/b1/vocabulary/41-versicherungen.json","18","decken","VERB","","","","","example_lexeme_presence_needs_review","Check that examples clearly demonstrate the target lexeme or an acceptable inflected form.","che phủ, chi trả","Die Kosten für etwas bezahlen","Meine Reiseversicherung deckt medizinische Notfälle im Ausland.","",""
"content/b2/vocabulary/04-architektur-stadtplanung.json#words[22]","P3","B2","content/b2/vocabulary/04-architektur-stadtplanung.json","22","umgestalten","VERB","","","","","example_lexeme_presence_needs_review","Check that examples clearly demonstrate the target lexeme or an acceptable inflected form.","thiết kế lại, thay đổi hình dạng","die Form oder Struktur von etwas grundlegend ändern","Der alte Marktplatz soll komplett umgestaltet werden, um ihn attraktiver zu machen.","",""
"content/b2/vocabulary/04-architektur-stadtplanung.json#words[26]","P3","B2","content/b2/vocabulary/04-architektur-stadtplanung.json","26","abreißen","VERB","","","","","example_lexeme_presence_needs_review","Check that examples clearly demonstrate the target lexeme or an acceptable inflected form.","phá hủy, dỡ bỏ","ein Gebäude oder Bauwerk vollständig entfernen oder zerstören","Viele Bürger protestierten dagegen, dass das historische Gebäude abgerissen werden sollte.","",""
"content/b2/vocabulary/05-oekologie-artenvielfalt.json#words[0]","P3","B2","content/b2/vocabulary/05-oekologie-artenvielfalt.json","0","Lebensraum","NOMEN","MASKULIN","","die Lebensräume","","example_lexeme_presence_needs_review","Check that examples clearly demonstrate the target lexeme or an acceptable inflected form.","môi trường sống, sinh cảnh","die natürliche Umgebung, in der eine bestimmte Tier- oder Pflanzenart existiert","Die Zerstörung natürlicher Lebensräume ist eine Hauptursache für den Rückgang der Artenvielfalt.","",""
"content/b2/vocabulary/06-ernaehrungswissenschaft.json#words[19]","P3","B2","content/b2/vocabulary/06-ernaehrungswissenschaft.json","19","verstoffwechseln","VERB","","","","","example_lexeme_presence_needs_review","Check that examples clearly demonstrate the target lexeme or an acceptable inflected form.","chuyển hóa (trao đổi chất)","Stoffe im Körper chemisch umwandeln, um Energie zu gewinnen.","Die Leber ist ein zentrales Organ, das viele Substanzen wie Alkohol und Medikamente verstoffwechselt.","",""
"content/b2/vocabulary/06-ernaehrungswissenschaft.json#words[20]","P3","B2","content/b2/vocabulary/06-ernaehrungswissenschaft.json","20","aufnehmen","VERB","","","","","example_lexeme_presence_needs_review","Check that examples clearly demonstrate the target lexeme or an acceptable inflected form.","hấp thụ, tiếp nhận","Etwas in den Körper oder in ein System hineinlassen.","Pflanzen nehmen Kohlendioxid aus der Luft auf und wandeln es in Sauerstoff um.","",""
"content/b2/vocabulary/12-medienlandschaft-ethik.json#words[24]","P3","B2","content/b2/vocabulary/12-medienlandschaft-ethik.json","24","aufklären","VERB","","","","","example_lexeme_presence_needs_review","Check that examples clearly demonstrate the target lexeme or an acceptable inflected form.","làm sáng tỏ, giáo dục, thông báo","Jemandem notwendige Informationen geben, um ihn über einen Sachverhalt zu informieren.","Die Medien haben die Aufgabe, die Öffentlichkeit über wichtige gesellschaftliche Themen aufzuklären.","",""
"content/b2/vocabulary/14-kulturvergleich-vielfalt.json#words[18]","P3","B2","content/b2/vocabulary/14-kulturvergleich-vielfalt.json","18","wahrnehmen","VERB","","","","","example_lexeme_presence_needs_review","Check that examples clearly demonstrate the target lexeme or an acceptable inflected form.","nhận thức, cảm nhận","mit den Sinnen bemerken oder erkennen","Man muss lernen, kulturelle Nuancen bewusst wahrzunehmen, um Missverständnisse zu vermeiden.","",""
"content/b2/vocabulary/14-kulturvergleich-vielfalt.json#words[26]","P3","B2","content/b2/vocabulary/14-kulturvergleich-vielfalt.json","26","ausgrenzen","VERB","","","","","example_lexeme_presence_needs_review","Check that examples clearly demonstrate the target lexeme or an acceptable inflected form.","loại trừ, gạt ra ngoài lề","jemanden oder etwas von einer Gruppe ausschließen","Niemand sollte aufgrund seiner Herkunft oder seines Aussehens aus der Gesellschaft ausgegrenzt werden.","",""
"content/b2/vocabulary/15-emotionale-intelligenz.json#words[19]","P3","B2","content/b2/vocabulary/15-emotionale-intelligenz.json","19","wahrnehmen","VERB","","","","","example_lexeme_presence_needs_review","Check that examples clearly demonstrate the target lexeme or an acceptable inflected form.","nhận thức, cảm nhận","Etwas mit den Sinnen bemerken oder registrieren.","Es ist entscheidend, die Bedürfnisse der Kunden genau wahrzunehmen, um erfolgreiche Produkte zu entwickeln.","",""
"content/b2/vocabulary/19-mobilitaet-zukunft.json#words[22]","P3","B2","content/b2/vocabulary/19-mobilitaet-zukunft.json","22","umsetzen","VERB","","","","","example_lexeme_presence_needs_review","Check that examples clearly demonstrate the target lexeme or an acceptable inflected form.","thực hiện, triển khai","einen Plan oder eine Idee in die Praxis umwandeln","Viele Kommunen arbeiten an Konzepten, um emissionsfreie Zonen in ihren Innenstädten umzusetzen.","",""
"content/b2/vocabulary/20-energiewende-innovation.json#words[18]","P3","B2","content/b2/vocabulary/20-energiewende-innovation.json","18","umsetzen","VERB","","","","","example_lexeme_presence_needs_review","Check that examples clearly demonstrate the target lexeme or an acceptable inflected form.","thực hiện, triển khai","Einen Plan oder eine Idee in die Praxis übertragen.","Die Regierung plant, die neuen Klimaschutzmaßnahmen bis zum nächsten Jahr umzusetzen.","",""
"content/b2/vocabulary/20-energiewende-innovation.json#words[27]","P3","B2","content/b2/vocabulary/20-energiewende-innovation.json","27","beitragen","VERB","","","","","example_lexeme_presence_needs_review","Check that examples clearly demonstrate the target lexeme or an acceptable inflected form.","đóng góp","Einen Teil zu einem Ergebnis liefern oder mithelfen, dass ein Ziel erreicht wird.","Jeder Einzelne kann einen Beitrag zum Klimaschutz leisten.","",""
"content/b2/vocabulary/22-wahlen-demokratie.json#words[23]","P3","B2","content/b2/vocabulary/22-wahlen-demokratie.json","23","protestieren","VERB","","","","","example_lexeme_presence_needs_review","Check that examples clearly demonstrate the target lexeme or an acceptable inflected form.","biểu tình / phản đối","Öffentlich zeigen, dass man mit etwas nicht einverstanden ist.","Tausende Menschen protestierten friedlich gegen die geplante Rentenreform.","",""
"content/b2/vocabulary/22-wahlen-demokratie.json#words[26]","P3","B2","content/b2/vocabulary/22-wahlen-demokratie.json","26","legitimieren","VERB","","","","","example_lexeme_presence_needs_review","Check that examples clearly demonstrate the target lexeme or an acceptable inflected form.","hợp pháp hóa / xác nhận tính hợp pháp","Etwas rechtlich gültig machen oder begründen.","Durch freie und faire Wahlen legitimiert sich eine Regierung.","",""
"content/b2/vocabulary/23-demographischer-wandel.json#words[18]","P3","B2","content/b2/vocabulary/23-demographischer-wandel.json","18","altern","VERB","","","","","example_lexeme_presence_needs_review","Check that examples clearly demonstrate the target lexeme or an acceptable inflected form.","già đi, lão hóa","Mit der Zeit älter werden.","Unsere Gesellschaft altert stetig, was weitreichende Folgen für alle Lebensbereiche hat.","",""
"content/b2/vocabulary/23-demographischer-wandel.json#words[20]","P3","B2","content/b2/vocabulary/23-demographischer-wandel.json","20","einwandern","VERB","","","","","example_lexeme_presence_needs_review","Check that examples clearly demonstrate the target lexeme or an acceptable inflected form.","nhập cư","In ein anderes Land ziehen, um dort zu leben.","Jedes Jahr wandern Tausende Menschen nach Deutschland ein, um hier eine neue Heimat zu finden.","",""
"content/b2/vocabulary/24-soziale-ungleichheit.json#words[2]","P3","B2","content/b2/vocabulary/24-soziale-ungleichheit.json","2","sozialer Status","NOMEN","MASKULIN","","die sozialen Status","","example_lexeme_presence_needs_review","Check that examples clearly demonstrate the target lexeme or an acceptable inflected form.","địa vị xã hội","Die gesellschaftliche Stellung einer Person, die oft durch Beruf, Bildung oder Einkommen bestimmt wird.","Der soziale Status einer Person wird oft durch Faktoren wie Bildung, Beruf und Einkommen bestimmt.","",""
"content/b2/vocabulary/24-soziale-ungleichheit.json#words[25]","P3","B2","content/b2/vocabulary/24-soziale-ungleichheit.json","25","aufweisen","VERB","","","","","example_lexeme_presence_needs_review","Check that examples clearly demonstrate the target lexeme or an acceptable inflected form.","cho thấy, thể hiện","Etwas besitzen oder zeigen, zum Beispiel eine Eigenschaft","Die neuesten Statistiken weisen einen deutlichen Anstieg der Altersarmut auf.","",""
"content/b2/vocabulary/26-soziale-medien-einfluss.json#words[11]","P3","B2","content/b2/vocabulary/26-soziale-medien-einfluss.json","11","digitaler Fußabdruck","NOMEN","MASKULIN","","die digitalen Fußabdrücke","","example_lexeme_presence_needs_review","Check that examples clearly demonstrate the target lexeme or an acceptable inflected form.","dấu chân kỹ thuật số","Die Gesamtheit aller Daten, die durch die Nutzung des Internets über eine Person gespeichert werden.","Jede Online-Aktivität hinterlässt einen digitalen Fußabdruck, der gesammelt werden kann.","",""
"content/b2/vocabulary/29-aktienmarkt-investment.json#words[17]","P3","B2","content/b2/vocabulary/29-aktienmarkt-investment.json","17","Leerverkauf","NOMEN","MASKULIN","","die Leerverkäufe","","example_lexeme_presence_needs_review","Check that examples clearly demonstrate the target lexeme or an acceptable inflected form.","bán khống","das Verkaufen von Aktien, die man nicht besitzt, um Gewinn zu machen, wenn der Preis fällt","Leerverkäufe werden oft von Spekulanten genutzt, die auf fallende Kurse wetten.","",""
"content/b2/vocabulary/30-berufliche-weiterbildung.json#words[21]","P3","B2","content/b2/vocabulary/30-berufliche-weiterbildung.json","21","anerkennen","VERB","","","","","example_lexeme_presence_needs_review","Check that examples clearly demonstrate the target lexeme or an acceptable inflected form.","công nhận, thừa nhận","Offiziell bestätigen, dass etwas, zum Beispiel ein Diplom, gültig ist","Ihre im Ausland erworbenen Abschlüsse werden in Deutschland leider nicht immer anerkannt.","",""
"content/b2/vocabulary/30-berufliche-weiterbildung.json#words[25]","P3","B2","content/b2/vocabulary/30-berufliche-weiterbildung.json","25","fördern","VERB","","","","","example_lexeme_presence_needs_review","Check that examples clearly demonstrate the target lexeme or an acceptable inflected form.","thúc đẩy, hỗ trợ, phát triển","Jemanden oder etwas unterstützen, damit es besser wird","Die Regierung fördert die berufliche Weiterbildung durch verschiedene Zuschüsse.","",""
"content/b2/vocabulary/30-berufliche-weiterbildung.json#words[26]","P3","B2","content/b2/vocabulary/30-berufliche-weiterbildung.json","26","anstreben","VERB","","","","","example_lexeme_presence_needs_review","Check that examples clearly demonstrate the target lexeme or an acceptable inflected form.","phấn đấu vì, hướng tới","Ein Ziel haben und versuchen, es zu erreichen","Er strebt eine Karriere im internationalen Management an und lernt dafür mehrere Sprachen.","",""
"content/b2/vocabulary/31-arbeitsrecht-gewerkschaft.json#words[21]","P3","B2","content/b2/vocabulary/31-arbeitsrecht-gewerkschaft.json","21","einstellen","VERB","","","","","example_lexeme_presence_needs_review","Check that examples clearly demonstrate the target lexeme or an acceptable inflected form.","Tuyển dụng, thuê (nhân viên)","Jemanden als neuen Mitarbeiter annehmen.","Aufgrund der guten Auftragslage plant das Unternehmen, weitere Mitarbeiter einzustellen.","",""
"content/b2/vocabulary/31-arbeitsrecht-gewerkschaft.json#words[23]","P3","B2","content/b2/vocabulary/31-arbeitsrecht-gewerkschaft.json","23","vertreten","VERB","","","","","example_lexeme_presence_needs_review","Check that examples clearly demonstrate the target lexeme or an acceptable inflected form.","Đại diện, bảo vệ quyền lợi","Für jemanden sprechen oder handeln, um dessen Interessen zu wahren.","Der Betriebsrat vertritt die Interessen der gesamten Belegschaft gegenüber der Unternehmensleitung.","",""
"content/b2/vocabulary/31-arbeitsrecht-gewerkschaft.json#words[24]","P3","B2","content/b2/vocabulary/31-arbeitsrecht-gewerkschaft.json","24","anfechten","VERB","","","","","example_lexeme_presence_needs_review","Check that examples clearly demonstrate the target lexeme or an acceptable inflected form.","Phản đối, khiếu nại (pháp lý)","Etwas rechtlich als ungültig oder falsch bezeichnen.","Der Arbeitnehmer hat die Kündigung als ungerechtfertigt angefochten und Klage eingereicht.","",""
"content/b2/vocabulary/33-datenschutz-dsgvo.json#words[16]","P3","B2","content/b2/vocabulary/33-datenschutz-dsgvo.json","16","digitaler Fußabdruck","NOMEN","MASKULIN","","die digitalen Fußabdrücke","","example_lexeme_presence_needs_review","Check that examples clearly demonstrate the target lexeme or an acceptable inflected form.","dấu chân kỹ thuật số","Alle Spuren, die man im Internet hinterlässt","Jede Online-Aktivität hinterlässt einen digitalen Fußabdruck, der Rückschlüsse auf das Nutzerverhalten zulässt.","",""
"content/b2/vocabulary/33-datenschutz-dsgvo.json#words[23]","P3","B2","content/b2/vocabulary/33-datenschutz-dsgvo.json","23","offenlegen","VERB","","","","","example_lexeme_presence_needs_review","Check that examples clearly demonstrate the target lexeme or an acceptable inflected form.","tiết lộ, công khai","Geheime oder private Informationen für andere sichtbar und zugänglich machen.","Unternehmen sind verpflichtet, bei einem Datenleck die Details den Behörden und Betroffenen offenzulegen.","",""
"content/b2/vocabulary/33-datenschutz-dsgvo.json#words[30]","P3","B2","content/b2/vocabulary/33-datenschutz-dsgvo.json","30","sensibel","ADJEKTIV","","","","","example_lexeme_presence_needs_review","Check that examples clearly demonstrate the target lexeme or an acceptable inflected form.","nhạy cảm","empfindlich oder besonders schützenswert","Gesundheitsdaten oder Informationen über die ethnische Herkunft gelten als besonders sensible Daten.","",""
"content/b2/vocabulary/34-erneuerbare-energien.json#words[24]","P3","B2","content/b2/vocabulary/34-erneuerbare-energien.json","24","ausbauen","VERB","","","","","example_lexeme_presence_needs_review","Check that examples clearly demonstrate the target lexeme or an acceptable inflected form.","mở rộng, phát triển","Ein bestehendes System oder eine Anlage durch Ergänzungen verbessern oder vergrößern.","Die Bundesregierung plant, die Windenergie in Norddeutschland weiter auszubauen.","",""
"content/b2/vocabulary/34-erneuerbare-energien.json#words[25]","P3","B2","content/b2/vocabulary/34-erneuerbare-energien.json","25","beitragen","VERB","","","","","example_lexeme_presence_needs_review","Check that examples clearly demonstrate the target lexeme or an acceptable inflected form.","đóng góp","Helfen, dass ein bestimmtes Ziel erreicht wird.","Jeder Einzelne kann einen Beitrag zum Klimaschutz leisten.","",""
"content/b2/vocabulary/35-wissenschaftsjournalismus.json#words[21]","P3","B2","content/b2/vocabulary/35-wissenschaftsjournalismus.json","21","validieren","VERB","","","","","example_lexeme_presence_needs_review","Check that examples clearly demonstrate the target lexeme or an acceptable inflected form.","xác nhận, xác thực","Prüfen, ob etwas gültig, richtig oder korrekt ist.","Die Ergebnisse müssen durch unabhängige Studien validiert werden, um ihre Gültigkeit zu bestätigen.","",""
"content/b2/vocabulary/35-wissenschaftsjournalismus.json#words[22]","P3","B2","content/b2/vocabulary/35-wissenschaftsjournalismus.json","22","darlegen","VERB","","","","","example_lexeme_presence_needs_review","Check that examples clearly demonstrate the target lexeme or an acceptable inflected form.","trình bày, giải thích","Etwas ausführlich und klar erklären.","Der Forscher legte seine Hypothese in einem ausführlichen Vortrag dar.","",""
"content/b2/vocabulary/37-pflege-altenhilfe.json#words[26]","P3","B2","content/b2/vocabulary/37-pflege-altenhilfe.json","26","aufrechterhalten","VERB","","","","","example_lexeme_presence_needs_review","Check that examples clearly demonstrate the target lexeme or an acceptable inflected form.","duy trì, giữ vững","Etwas bewahren oder in einem bestimmten Zustand halten.","Es ist wichtig, die Lebensqualität und die sozialen Kontakte älterer Menschen aufrechtzuerhalten.","",""
"content/b2/vocabulary/38-gesundheitssystem.json#words[19]","P3","B2","content/b2/vocabulary/38-gesundheitssystem.json","19","erstatten","VERB","","","","","example_lexeme_presence_needs_review","Check that examples clearly demonstrate the target lexeme or an acceptable inflected form.","hoàn trả, bồi hoàn","Geld zurückgeben, das man vorher selbst bezahlt hat","Die Krankenkasse erstattet die Kosten für die Behandlung nur, wenn diese medizinisch notwendig war.","",""
"content/b2/vocabulary/38-gesundheitssystem.json#words[20]","P3","B2","content/b2/vocabulary/38-gesundheitssystem.json","20","bezuschussen","VERB","","","","","example_lexeme_presence_needs_review","Check that examples clearly demonstrate the target lexeme or an acceptable inflected form.","trợ cấp, hỗ trợ tài chính","Einen Teil der Kosten für jemanden bezahlen","Bestimmte Präventionskurse werden von den Krankenkassen bezuschusst, um die Gesundheitsförderung zu unterstützen.","",""
"content/b2/vocabulary/40-strafrecht-prozess.json#words[18]","P3","B2","content/b2/vocabulary/40-strafrecht-prozess.json","18","verurteilen","VERB","","","","","example_lexeme_presence_needs_review","Check that examples clearly demonstrate the target lexeme or an acceptable inflected form.","kết án, lên án","Offiziell sagen, dass jemand schuldig ist und eine Strafe bekommt.","Das Gericht verurteilte ihn wegen Betrugs zu einer Geldstrafe.","",""
"content/b2/vocabulary/40-strafrecht-prozess.json#words[19]","P3","B2","content/b2/vocabulary/40-strafrecht-prozess.json","19","freisprechen","VERB","","","","","example_lexeme_presence_needs_review","Check that examples clearly demonstrate the target lexeme or an acceptable inflected form.","tuyên bố vô tội, tha bổng","Offiziell sagen, dass jemand nicht schuldig ist.","Nach Abwägung aller Beweise wurde der Angeklagte freigesprochen.","",""
"content/b2/vocabulary/40-strafrecht-prozess.json#words[20]","P3","B2","content/b2/vocabulary/40-strafrecht-prozess.json","20","ermitteln","VERB","","","","","example_lexeme_presence_needs_review","Check that examples clearly demonstrate the target lexeme or an acceptable inflected form.","điều tra, tìm hiểu","Informationen über ein Verbrechen sammeln und untersuchen.","Die Kriminalpolizei ermittelt in einem komplexen Fall von Wirtschaftskriminalität.","",""
"content/b2/vocabulary/40-strafrecht-prozess.json#words[22]","P3","B2","content/b2/vocabulary/40-strafrecht-prozess.json","22","gestehen","VERB","","","","","example_lexeme_presence_needs_review","Check that examples clearly demonstrate the target lexeme or an acceptable inflected form.","thú nhận, thừa nhận","Zugeben, dass man etwas Falsches gemacht hat.","Nach stundenlangen Verhören gestand der Verdächtige die Tat.","",""
"content/b2/vocabulary/40-strafrecht-prozess.json#words[24]","P3","B2","content/b2/vocabulary/40-strafrecht-prozess.json","24","plädieren","VERB","","","","","example_lexeme_presence_needs_review","Check that examples clearly demonstrate the target lexeme or an acceptable inflected form.","biện hộ, bào chữa; ủng hộ","Vor Gericht eine bestimmte Meinung oder Strafe fordern.","Der Verteidiger plädierte auf Freispruch für seinen Mandanten.","",""
"content/b2/vocabulary/40-strafrecht-prozess.json#words[25]","P3","B2","content/b2/vocabulary/40-strafrecht-prozess.json","25","vollstrecken","VERB","","","","","example_lexeme_presence_needs_review","Check that examples clearly demonstrate the target lexeme or an acceptable inflected form.","thi hành, thực hiện (bản án, lệnh)","Eine Strafe oder ein Urteil tatsächlich ausführen.","Das Urteil wurde nach Ablauf der Berufungsfrist vollstreckt.","",""
"content/b2/vocabulary/41-vertragsrecht.json#words[18]","P3","B2","content/b2/vocabulary/41-vertragsrecht.json","18","abschließen","VERB","","","","","example_lexeme_presence_needs_review","Check that examples clearly demonstrate the target lexeme or an acceptable inflected form.","ký kết (hợp đồng), hoàn thành","Einen Vertrag offiziell unterschreiben und damit beginnen.","Es ist wichtig, einen umfassenden Vertrag abzuschließen, bevor man mit einem Bauprojekt beginnt.","",""
"content/b2/vocabulary/41-vertragsrecht.json#words[19]","P3","B2","content/b2/vocabulary/41-vertragsrecht.json","19","haften","VERB","","","","","example_lexeme_presence_needs_review","Check that examples clearly demonstrate the target lexeme or an acceptable inflected form.","chịu trách nhiệm pháp lý","Rechtlich für einen Fehler oder Schaden verantwortlich sein.","Der Verkäufer haftet für Mängel an der Ware, die zum Zeitpunkt des Verkaufs bereits bestanden.","",""
"content/b2/vocabulary/41-vertragsrecht.json#words[22]","P3","B2","content/b2/vocabulary/41-vertragsrecht.json","22","verletzen","VERB","","","","","example_lexeme_presence_needs_review","Check that examples clearly demonstrate the target lexeme or an acceptable inflected form.","vi phạm, xâm phạm","Gegen eine Regel, ein Gesetz oder ein Recht verstoßen.","Werden die Vertragsbedingungen verletzt, kann dies rechtliche Konsequenzen nach sich ziehen.","",""
"content/b2/vocabulary/41-vertragsrecht.json#words[24]","P3","B2","content/b2/vocabulary/41-vertragsrecht.json","24","einhalten","VERB","","","","","example_lexeme_presence_needs_review","Check that examples clearly demonstrate the target lexeme or an acceptable inflected form.","tuân thủ, giữ (lời hứa, thời hạn)","Eine Regel, einen Termin oder eine Zusage genau so befolgen, wie es gefordert ist.","Es ist unerlässlich, die vereinbarten Lieferfristen genau einzuhalten.","",""
"content/b2/vocabulary/42-kulturfoerderung.json#words[16]","P3","B2","content/b2/vocabulary/42-kulturfoerderung.json","16","Kulturgut","NOMEN","NEUTRUM","","die Kulturgüter","","example_lexeme_presence_needs_review","Check that examples clearly demonstrate the target lexeme or an acceptable inflected form.","tài sản văn hóa, di sản văn hóa vật thể","Ein Objekt, das für die Geschichte, die Kunst oder die Identität einer Gesellschaft wichtig ist.","Alte Manuskripte und seltene Bücher gelten als wertvolle Kulturgüter.","",""
"content/b2/vocabulary/43-religionen-dialog.json#words[24]","P3","B2","content/b2/vocabulary/43-religionen-dialog.json","24","eintreten für","VERB","","","","","example_lexeme_presence_needs_review","Check that examples clearly demonstrate the target lexeme or an acceptable inflected form.","ủng hộ, bảo vệ (một điều gì đó)","Sich aktiv für eine Sache oder eine Person einsetzen.","Sie tritt leidenschaftlich für die Rechte religiöser Minderheiten ein.","",""
"content/b2/vocabulary/43-religionen-dialog.json#words[5]","P3","B2","content/b2/vocabulary/43-religionen-dialog.json","5","interreligiöser Dialog","NOMEN","MASKULIN","","die interreligiösen Dialoge","","example_lexeme_presence_needs_review","Check that examples clearly demonstrate the target lexeme or an acceptable inflected form.","đối thoại liên tôn","Ein Gespräch zwischen Menschen verschiedener Religionen, um Verständnis zu fördern.","Der interreligiöse Dialog fördert das gegenseitige Verständnis und den Abbau von Vorurteilen zwischen verschiedenen Glaubensrichtungen.","",""
"content/b2/vocabulary/44-bildungspolitik.json#words[19]","P3","B2","content/b2/vocabulary/44-bildungspolitik.json","19","benachteiligen","VERB","","","","","example_lexeme_presence_needs_review","Check that examples clearly demonstrate the target lexeme or an acceptable inflected form.","gây thiệt thòi, làm bất lợi","Jemanden schlechter behandeln als andere.","Niemand sollte aufgrund seiner Herkunft oder seines Geschlechts benachteiligt werden.","",""
"content/b2/vocabulary/44-bildungspolitik.json#words[26]","P3","B2","content/b2/vocabulary/44-bildungspolitik.json","26","qualifizieren","VERB","","","","","example_lexeme_presence_needs_review","Check that examples clearly demonstrate the target lexeme or an acceptable inflected form.","đào tạo, đủ điều kiện","Jemanden so ausbilden, dass er für eine Aufgabe geeignet ist.","Das duale Ausbildungssystem qualifiziert junge Menschen für den Arbeitsmarkt.","",""
"content/b2/vocabulary/47-gentechnik-landwirtschaft.json#words[19]","P3","B2","content/b2/vocabulary/47-gentechnik-landwirtschaft.json","19","anbauen","VERB","","","","","example_lexeme_presence_needs_review","Check that examples clearly demonstrate the target lexeme or an acceptable inflected form.","Trồng trọt, canh tác","Nutzpflanzen auf einem Feld züchten, um daraus Lebensmittel oder Rohstoffe zu gewinnen.","Viele Bauern entscheiden sich dafür, biologische Produkte anzubauen, um den Einsatz von Chemikalien zu vermeiden.","",""
"content/b2/vocabulary/48-wohnungsmarkt.json#words[27]","P3","B2","content/b2/vocabulary/48-wohnungsmarkt.json","27","nachfragen","VERB","","","","","example_lexeme_presence_needs_review","Check that examples clearly demonstrate the target lexeme or an acceptable inflected form.","hỏi, tìm kiếm thông tin (trong ngữ cảnh thị trường: có nhu cầu)","Noch einmal fragen, um eine Information zu bestätigen oder weitere Details zu erfahren.","Viele potenzielle Mieter fragen bei Maklern nach bezahlbaren Wohnungen.","",""
"content/b2/vocabulary/49-sport-doping.json#words[23]","P3","B2","content/b2/vocabulary/49-sport-doping.json","23","betrügen","VERB","","","","","example_lexeme_presence_needs_review","Check that examples clearly demonstrate the target lexeme or an acceptable inflected form.","lừa dối, gian lận","Unfair handeln, um andere zu täuschen","Wer dopt, betrügt nicht nur seine Gegner, sondern auch die Zuschauer und sich selbst.","",""
"content/b2/vocabulary/49-sport-doping.json#words[25]","P3","B2","content/b2/vocabulary/49-sport-doping.json","25","einnehmen","VERB","","","","","example_lexeme_presence_needs_review","Check that examples clearly demonstrate the target lexeme or an acceptable inflected form.","uống, dùng (thuốc); chiếm, thu nhập","Medikamente zu sich nehmen oder einen Ort gewaltsam besetzen.","Der Arzt warnte davor, Medikamente ohne Rücksprache einzunehmen.","",""
"content/b2/vocabulary/49-sport-doping.json#words[26]","P3","B2","content/b2/vocabulary/49-sport-doping.json","26","entziehen","VERB","","","","","example_lexeme_presence_needs_review","Check that examples clearly demonstrate the target lexeme or an acceptable inflected form.","rút lại, tước bỏ","Etwas offiziell zurücknehmen, zum Beispiel eine Lizenz","Dem gedopten Athleten wurden nachträglich alle Titel und Medaillen entzogen.","",""
"content/b2/vocabulary/51-rhetorik-ueberzeugung.json#words[18]","P3","B2","content/b2/vocabulary/51-rhetorik-ueberzeugung.json","18","behaupten","VERB","","","","","example_lexeme_presence_needs_review","Check that examples clearly demonstrate the target lexeme or an acceptable inflected form.","khẳng định, tuyên bố","Sagen, dass etwas wahr ist, auch wenn man keinen Beweis hat.","Sie behauptet, die beste Lösung für das Problem gefunden zu haben.","",""
"content/b2/vocabulary/51-rhetorik-ueberzeugung.json#words[20]","P3","B2","content/b2/vocabulary/51-rhetorik-ueberzeugung.json","20","appellieren","VERB","","","","","example_lexeme_presence_needs_review","Check that examples clearly demonstrate the target lexeme or an acceptable inflected form.","kêu gọi","Jemanden dringend bitten, etwas Bestimmtes zu tun.","Die Regierung appelliert an die Bürger, die neuen Regeln zu befolgen.","",""
"content/b2/vocabulary/51-rhetorik-ueberzeugung.json#words[22]","P3","B2","content/b2/vocabulary/51-rhetorik-ueberzeugung.json","22","darlegen","VERB","","","","","example_lexeme_presence_needs_review","Check that examples clearly demonstrate the target lexeme or an acceptable inflected form.","trình bày, giải thích","Etwas detailliert erklären oder präsentieren.","In seinem Vortrag legte er die komplexen Zusammenhänge verständlich dar.","",""
"content/b2/vocabulary/52-interkulturelle-kommunikation.json#words[23]","P3","B2","content/b2/vocabulary/52-interkulturelle-kommunikation.json","23","wahrnehmen","VERB","","","","","example_lexeme_presence_needs_review","Check that examples clearly demonstrate the target lexeme or an acceptable inflected form.","nhận thức, cảm nhận, nhận thấy","Etwas mit den Sinnen bemerken oder eine bestimmte Meinung über etwas haben.","Wir nehmen die Welt oft durch unsere eigene kulturelle Brille wahr.","",""
"content/b2/vocabulary/52-interkulturelle-kommunikation.json#words[8]","P3","B2","content/b2/vocabulary/52-interkulturelle-kommunikation.json","8","interkultureller Dialog","NOMEN","MASKULIN","","die interkulturellen Dialoge","","example_lexeme_presence_needs_review","Check that examples clearly demonstrate the target lexeme or an acceptable inflected form.","đối thoại liên văn hóa","Ein Austausch von Ansichten und Werten zwischen Personen mit unterschiedlichen kulturellen Hintergründen.","Der interkulturelle Dialog ist entscheidend für das gegenseitige Verständnis.","",""
"content/b2/vocabulary/53-konfliktloesung.json#words[21]","P3","B2","content/b2/vocabulary/53-konfliktloesung.json","21","aushandeln","VERB","","","","","example_lexeme_presence_needs_review","Check that examples clearly demonstrate the target lexeme or an acceptable inflected form.","đàm phán, thương lượng","Durch Gespräche eine Vereinbarung treffen.","Die Vertragsbedingungen wurden in einer langwierigen Sitzung ausgehandelt.","",""
"content/b2/vocabulary/53-konfliktloesung.json#words[26]","P3","B2","content/b2/vocabulary/53-konfliktloesung.json","26","austragen (einen Konflikt)","VERB","","","","","example_lexeme_presence_needs_review","Check that examples clearly demonstrate the target lexeme or an acceptable inflected form.","giải quyết (xung đột)","Einen Streit durch Diskussion oder Kampf klären.","Es ist wichtig, Konflikte konstruktiv auszutragen, anstatt sie zu ignorieren.","",""
"content/b2/vocabulary/56-geschichtsbewusstsein.json#words[19]","P3","B2","content/b2/vocabulary/56-geschichtsbewusstsein.json","19","aufarbeiten","VERB","","","","","example_lexeme_presence_needs_review","Check that examples clearly demonstrate the target lexeme or an acceptable inflected form.","xử lý, đối diện, giải quyết (vấn đề, quá khứ)","sich intensiv mit einem Thema aus der Vergangenheit beschäftigen, um es zu verstehen und zu akzeptieren","Die deutsche Gesellschaft hat sich intensiv mit ihrer nationalsozialistischen Vergangenheit auseinandergesetzt und diese aufgearbeitet.","",""
"content/b2/vocabulary/57-europaeische-integration.json#words[21]","P3","B2","content/b2/vocabulary/57-europaeische-integration.json","21","umsetzen","VERB","","","","","example_lexeme_presence_needs_review","Check that examples clearly demonstrate the target lexeme or an acceptable inflected form.","thực hiện, thi hành","eine Idee oder ein Plan in die Praxis umwandeln","Es ist entscheidend, dass die beschlossenen Maßnahmen schnell und effektiv umgesetzt werden.","",""
"content/b2/vocabulary/58-stressmanagement.json#words[23]","P3","B2","content/b2/vocabulary/58-stressmanagement.json","23","wahrnehmen","VERB","","","","","example_lexeme_presence_needs_review","Check that examples clearly demonstrate the target lexeme or an acceptable inflected form.","Nhận thức, cảm nhận, nhận thấy","Etwas mit den Sinnen bemerken oder verstehen.","Es ist wichtig, die ersten Anzeichen von Stress frühzeitig wahrzunehmen.","",""
"content/b2/vocabulary/59-persoenlichkeitsentwicklung.json#words[25]","P3","B2","content/b2/vocabulary/59-persoenlichkeitsentwicklung.json","25","anstreben","VERB","","","","","example_lexeme_presence_needs_review","Check that examples clearly demonstrate the target lexeme or an acceptable inflected form.","phấn đấu, theo đuổi","Ein Ziel mit Absicht verfolgen.","Er strebt eine berufliche Karriere an, die ihm auch persönliche Erfüllung bringt.","",""
"content/b2/vocabulary/59-persoenlichkeitsentwicklung.json#words[26]","P3","B2","content/b2/vocabulary/59-persoenlichkeitsentwicklung.json","26","wahrnehmen","VERB","","","","","example_lexeme_presence_needs_review","Check that examples clearly demonstrate the target lexeme or an acceptable inflected form.","nhận thức, cảm nhận; nắm bắt (cơ hội)","Etwas mit den Sinnen bemerken oder eine Chance nutzen.","Manchmal nehmen wir die kleinen Fortschritte im Alltag nicht bewusst wahr.","",""
"content/b2/vocabulary/60-film-filmkritik.json#words[25]","P3","B2","content/b2/vocabulary/60-film-filmkritik.json","25","widerspiegeln","VERB","","","","","example_lexeme_presence_needs_review","Check that examples clearly demonstrate the target lexeme or an acceptable inflected form.","phản ánh","Ein Bild von etwas zeigen oder eine Situation so repräsentieren, wie sie in der Realität ist.","Der Film versucht, die sozialen Spannungen der damaligen Zeit widerzuspiegeln.","",""
"content/c1/vocabulary/01-gesellschaftskritik-diskurs.json#words[26]","P3","C1","content/c1/vocabulary/01-gesellschaftskritik-diskurs.json","26","prangern (an)","VERB","","","","","example_lexeme_presence_needs_review","Check that examples clearly demonstrate the target lexeme or an acceptable inflected form.","tố cáo, lên án, chỉ trích công khai","Etwas öffentlich und scharf kritisieren","Die Menschenrechtsorganisation prangert die Verletzung der Bürgerrechte in mehreren Ländern an.","",""
"content/c1/vocabulary/03-bioethik-gentechnik.json#words[21]","P3","C1","content/c1/vocabulary/03-bioethik-gentechnik.json","21","implizieren","VERB","","","","","example_lexeme_presence_needs_review","Check that examples clearly demonstrate the target lexeme or an acceptable inflected form.","ngụ ý, hàm ý","etwas indirekt ausdrücken oder als logische Folge beinhalten","Die Möglichkeit, genetische Defekte zu korrigieren, impliziert die Notwendigkeit einer klaren ethischen Richtlinie.","",""
"content/c1/vocabulary/03-bioethik-gentechnik.json#words[24]","P3","C1","content/c1/vocabulary/03-bioethik-gentechnik.json","24","verankern","VERB","","","","","example_lexeme_presence_needs_review","Check that examples clearly demonstrate the target lexeme or an acceptable inflected form.","neo giữ, cố định, thiết lập vững chắc","etwas fest in einem System oder Gesetz etablieren","Ethische Prinzipien sollten fest in der Gesetzgebung verankert sein, um den Missbrauch neuer Technologien zu verhindern.","",""
"content/c1/vocabulary/04-urbanisierung-raumplanung.json#words[20]","P3","C1","content/c1/vocabulary/04-urbanisierung-raumplanung.json","20","erschließen","VERB","","","","","example_lexeme_presence_needs_review","Check that examples clearly demonstrate the target lexeme or an acceptable inflected form.","khai thác, mở đường (cho khu vực)","Ein Gebiet für die Nutzung zugänglich machen, z. B. durch Straßenbau","Neue Wohngebiete müssen durch den Bau von Straßen, Leitungen und Anschlüssen erschlossen werden, bevor sie bebaut werden können.","",""
"content/c1/vocabulary/04-urbanisierung-raumplanung.json#words[23]","P3","C1","content/c1/vocabulary/04-urbanisierung-raumplanung.json","23","entgegenwirken","VERB","","","","","example_lexeme_presence_needs_review","Check that examples clearly demonstrate the target lexeme or an acceptable inflected form.","chống lại, ngăn chặn","Maßnahmen ergreifen, um eine negative Entwicklung zu bremsen oder zu verhindern","Die Stadtverwaltung ergreift Maßnahmen, um der fortschreitenden Verödung der Innenstadt entgegenzuwirken und neue Impulse zu setzen.","",""
"content/c1/vocabulary/04-urbanisierung-raumplanung.json#words[24]","P3","C1","content/c1/vocabulary/04-urbanisierung-raumplanung.json","24","sanieren","VERB","","","","","example_lexeme_presence_needs_review","Check that examples clearly demonstrate the target lexeme or an acceptable inflected form.","cải tạo, phục hồi, sửa chữa lớn","Ein Gebäude grundlegend reparieren oder modernisieren","Historische Gebäude im Stadtkern sollen denkmalgerecht saniert werden, um ihren ursprünglichen Charakter zu bewahren.","",""
"content/c1/vocabulary/04-urbanisierung-raumplanung.json#words[25]","P3","C1","content/c1/vocabulary/04-urbanisierung-raumplanung.json","25","aufwerten","VERB","","","","","example_lexeme_presence_needs_review","Check that examples clearly demonstrate the target lexeme or an acceptable inflected form.","nâng cấp, làm tăng giá trị","Den Wert oder die Qualität von etwas steigern","Durch die Neugestaltung des öffentlichen Raums versucht die Stadt, das Quartier visuell und funktional aufzuwerten.","",""
"content/c1/vocabulary/04-urbanisierung-raumplanung.json#words[9]","P3","C1","content/c1/vocabulary/04-urbanisierung-raumplanung.json","9","demografischer Wandel","NOMEN","MASKULIN","","-","duden_compound_headword_singular_only_needs_native_signoff","example_lexeme_presence_needs_review","Check that examples clearly demonstrate the target lexeme or an acceptable inflected form.","sự biến đổi dân số","Die langfristige Veränderung der Struktur und Zusammensetzung einer Bevölkerung, etwa durch Alterung oder Migration","Der demografische Wandel mit einer alternden Gesellschaft und sinkenden Geburtenraten beeinflusst maßgeblich die Anforderungen an Wohnraum und soziale Infrastruktur.","",""
"content/c1/vocabulary/05-klimapolitik-nachhaltigkeit.json#words[19]","P3","C1","content/c1/vocabulary/05-klimapolitik-nachhaltigkeit.json","19","eindämmen","VERB","","","","","example_lexeme_presence_needs_review","Check that examples clearly demonstrate the target lexeme or an acceptable inflected form.","ngăn chặn, kiềm chế","Etwas unter Kontrolle bringen oder die Ausbreitung verhindern.","Internationale Anstrengungen sind unerlässlich, um die Erderwärmung wirksam einzudämmen und ihre katastrophalen Folgen abzuwenden.","",""
"content/c1/vocabulary/05-klimapolitik-nachhaltigkeit.json#words[22]","P3","C1","content/c1/vocabulary/05-klimapolitik-nachhaltigkeit.json","22","verankern","VERB","","","","","example_lexeme_presence_needs_review","Check that examples clearly demonstrate the target lexeme or an acceptable inflected form.","neo giữ, ghi nhận (trong luật)","Etwas fest in einem Gesetz oder einer Regelung festschreiben.","Das Recht auf eine gesunde Umwelt sollte in der Verfassung verankert werden, um zukünftige Generationen zu schützen.","",""
"content/c1/vocabulary/07-wirtschaftstheorie-globalisierung.json#words[21]","P3","C1","content/c1/vocabulary/07-wirtschaftstheorie-globalisierung.json","21","proklamieren","VERB","","","","","example_lexeme_presence_needs_review","Check that examples clearly demonstrate the target lexeme or an acceptable inflected form.","tuyên bố, công bố","Etwas öffentlich und offiziell bekannt geben","Der Präsident proklamierte die Notwendigkeit einer neuen globalen Wirtschaftsordnung, die gerechter sei.","",""
"content/c1/vocabulary/07-wirtschaftstheorie-globalisierung.json#words[26]","P3","C1","content/c1/vocabulary/07-wirtschaftstheorie-globalisierung.json","26","befeueren","VERB","","","","","example_lexeme_presence_needs_review","Check that examples clearly demonstrate the target lexeme or an acceptable inflected form.","thúc đẩy, kích thích (theo nghĩa tiêu cực hoặc tích cực)","Etwas verstärken oder beschleunigen","Die lockere Geldpolitik könnte die Inflation befeuern und die Kaufkraft der Bürger mindern.","",""
"content/c1/vocabulary/09-forschungsmethodik-akademie.json#words[24]","P3","C1","content/c1/vocabulary/09-forschungsmethodik-akademie.json","24","postulieren","VERB","","","","","example_lexeme_presence_needs_review","Check that examples clearly demonstrate the target lexeme or an acceptable inflected form.","đặt ra tiên đề, giả định","Etwas als Grundannahme aufstellen.","Einstein postulierte die Konstanz der Lichtgeschwindigkeit, was eine Revolution in der Physik auslöste.","",""
"content/c1/vocabulary/11-literaturkritik-textanalyse.json#words[19]","P3","C1","content/c1/vocabulary/11-literaturkritik-textanalyse.json","19","rezipieren","VERB","","","","","example_lexeme_presence_needs_review","Check that examples clearly demonstrate the target lexeme or an acceptable inflected form.","tiếp nhận, lĩnh hội","Ein Werk aufnehmen und es geistig verarbeiten.","Der Autor hoffte, dass sein komplexes Werk von einem breiten Publikum rezipiert werden würde, auch wenn es anspruchsvoll war.","",""
"content/c1/vocabulary/12-medientheorie-propaganda.json#words[18]","P3","C1","content/c1/vocabulary/12-medientheorie-propaganda.json","18","manipulieren","VERB","","","","","example_lexeme_presence_needs_review","Check that examples clearly demonstrate the target lexeme or an acceptable inflected form.","thao túng, điều khiển","Jemanden geschickt beeinflussen, um ein bestimmtes Ziel zu erreichen","Die Daten wurden bewusst manipuliert, um ein gewünschtes Ergebnis vorzutäuschen und die Öffentlichkeit zu täuschen.","",""
"content/c1/vocabulary/13-kultursoziologie-identitaet.json#words[16]","P3","C1","content/c1/vocabulary/13-kultursoziologie-identitaet.json","16","Identitätsentwurf","NOMEN","MASKULIN","","die Identitätsentwürfe","","example_lexeme_presence_needs_review","Check that examples clearly demonstrate the target lexeme or an acceptable inflected form.","phác thảo/khái niệm về bản sắc","ein Konzept oder eine Vorstellung von der eigenen Identität","Jugendliche experimentieren oft mit verschiedenen Identitätsentwürfen, um ihren Platz in der Welt zu finden.","",""
"content/c1/vocabulary/13-kultursoziologie-identitaet.json#words[19]","P3","C1","content/c1/vocabulary/13-kultursoziologie-identitaet.json","19","konstruieren","VERB","","","","","example_lexeme_presence_needs_review","Check that examples clearly demonstrate the target lexeme or an acceptable inflected form.","kiến tạo, xây dựng (xã hội, văn hóa)","etwas (oft eine soziale Realität oder Theorie) durch gezielte Zusammenfügung von Elementen erschaffen","Geschlechterrollen werden in vielen Kulturen als sozial konstruiert und nicht als biologisch determiniert angesehen.","",""
"content/c1/vocabulary/13-kultursoziologie-identitaet.json#words[26]","P3","C1","content/c1/vocabulary/13-kultursoziologie-identitaet.json","26","verorten","VERB","","","","","example_lexeme_presence_needs_review","Check that examples clearly demonstrate the target lexeme or an acceptable inflected form.","định vị, đặt vào bối cảnh","In einen bestimmten Kontext einordnen","Die eigene Identität lässt sich oft nicht eindeutig einer einzelnen Kategorie zuordnen, sondern muss in einem komplexen Geflecht verortet werden.","",""
"content/c1/vocabulary/15-neurowissenschaft-bewusstsein.json#words[13]","P3","C1","content/c1/vocabulary/15-neurowissenschaft-bewusstsein.json","13","phänomenales Bewusstsein","NOMEN","NEUTRUM","","die phänomenalen Bewusstseine","","example_lexeme_presence_needs_review","Check that examples clearly demonstrate the target lexeme or an acceptable inflected form.","ý thức hiện tượng (trải nghiệm chủ quan về thế giới)","Die subjektive Qualität des Erlebens, also die Art und Weise, wie sich eine Empfindung für das Individuum anfühlt.","Das phänomenale Bewusstsein umfasst die subjektive Qualität von Empfindungen, wie das Rotsehen oder das Schmecken von Schokolade.","",""
"content/c1/vocabulary/15-neurowissenschaft-bewusstsein.json#words[18]","P3","C1","content/c1/vocabulary/15-neurowissenschaft-bewusstsein.json","18","wahrnehmen","VERB","","","","","example_lexeme_presence_needs_review","Check that examples clearly demonstrate the target lexeme or an acceptable inflected form.","tri giác, nhận thức, cảm nhận","Etwas mit den Sinnen bemerken oder registrieren.","Es ist entscheidend, subtile Veränderungen in der Umgebung präzise wahrzunehmen, um angemessen reagieren zu können.","",""
"content/c1/vocabulary/15-neurowissenschaft-bewusstsein.json#words[25]","P3","C1","content/c1/vocabulary/15-neurowissenschaft-bewusstsein.json","25","abrufen","VERB","","","","","example_lexeme_presence_needs_review","Check that examples clearly demonstrate the target lexeme or an acceptable inflected form.","truy xuất (thông tin, ký ức), gọi ra","Gespeicherte Informationen aus dem Gedächtnis wieder hervorholen.","Das Langzeitgedächtnis ermöglicht es uns, Informationen auch nach langer Zeit noch zuverlässig abzurufen.","",""
"content/c1/vocabulary/15-neurowissenschaft-bewusstsein.json#words[26]","P3","C1","content/c1/vocabulary/15-neurowissenschaft-bewusstsein.json","26","verschalten","VERB","","","","","example_lexeme_presence_needs_review","Check that examples clearly demonstrate the target lexeme or an acceptable inflected form.","đấu nối, kết nối điện/thần kinh","Zwei oder mehr Komponenten so verbinden, dass ein Signal fließen kann.","Fehlgeleitete neuronale Verschaltungen im Gehirn können die Ursache für bestimmte neurologische Störungen sein.","",""
"content/c1/vocabulary/16-datenschutz-digitalethik.json#words[20]","P3","C1","content/c1/vocabulary/16-datenschutz-digitalethik.json","20","anonymisieren","VERB","","","","","example_lexeme_presence_needs_review","Check that examples clearly demonstrate the target lexeme or an acceptable inflected form.","ẩn danh hóa","Daten so verändern, dass sie keiner Person mehr zugeordnet werden können.","Vor der Weitergabe an Forschungseinrichtungen sollten Datensätze umfassend anonymisiert werden, um Rückschlüsse auf Einzelpersonen zu vermeiden.","",""
"content/c1/vocabulary/16-datenschutz-digitalethik.json#words[24]","P3","C1","content/c1/vocabulary/16-datenschutz-digitalethik.json","24","verankern","VERB","","","","","example_lexeme_presence_needs_review","Check that examples clearly demonstrate the target lexeme or an acceptable inflected form.","neo giữ, củng cố, ghi sâu","Etwas fest in einem Gesetz oder einem System etablieren.","Das Recht auf Datenschutz sollte stärker in den Verfassungen der Mitgliedstaaten verankert werden.","",""
"content/c1/vocabulary/16-datenschutz-digitalethik.json#words[9]","P3","C1","content/c1/vocabulary/16-datenschutz-digitalethik.json","9","digitaler Fußabdruck","NOMEN","MASKULIN","","die digitale Fußabdrücke","","example_lexeme_presence_needs_review","Check that examples clearly demonstrate the target lexeme or an acceptable inflected form.","dấu chân số","Die Gesamtheit aller Spuren, die eine Person bei der Nutzung des Internets hinterlässt.","Jeder Klick und jede Interaktion im Netz hinterlässt einen digitalen Fußabdruck, der Rückschlüsse auf das Verhalten zulässt.","",""
"content/c1/vocabulary/17-verfassungsrecht-staatstheorie.json#words[26]","P3","C1","content/c1/vocabulary/17-verfassungsrecht-staatstheorie.json","26","suspendieren","VERB","","","","","example_lexeme_presence_needs_review","Check that examples clearly demonstrate the target lexeme or an acceptable inflected form.","đình chỉ, tạm ngừng","Jemanden vorübergehend von seinen Aufgaben entheben oder eine Regel vorerst außer Kraft setzen.","Bei schwerwiegenden Pflichtverletzungen kann ein Beamter vorläufig vom Dienst suspendiert werden.","",""
"content/c1/vocabulary/18-finanzmaerkte-regulierung.json#words[18]","P3","C1","content/c1/vocabulary/18-finanzmaerkte-regulierung.json","18","aufsichtsführen","VERB","","","","","example_lexeme_presence_needs_review","Check that examples clearly demonstrate the target lexeme or an acceptable inflected form.","giám sát, trông coi","etwas überwachen und kontrollieren, um Ordnung zu gewährleisten","Die Europäische Zentralbank ist befugt, über die größten Banken der Eurozone direkt aufsichtszuführen, um systemische Risiken zu minimieren.","",""
"content/c1/vocabulary/18-finanzmaerkte-regulierung.json#words[27]","P3","C1","content/c1/vocabulary/18-finanzmaerkte-regulierung.json","27","verbriefen","VERB","","","","","example_lexeme_presence_needs_review","Check that examples clearly demonstrate the target lexeme or an acceptable inflected form.","chứng khoán hóa","etwas in Wertpapiere umwandeln, um es handelbar zu machen","Hypothekendarlehen werden häufig verbrieft und als Wertpapiere an Investoren verkauft, was den Banken neue Liquidität verschafft.","",""
"content/c1/vocabulary/19-verkehrswende-infrastruktur.json#words[18]","P3","C1","content/c1/vocabulary/19-verkehrswende-infrastruktur.json","18","vorantreiben","VERB","","","","","example_lexeme_presence_needs_review","Check that examples clearly demonstrate the target lexeme or an acceptable inflected form.","thúc đẩy, đẩy mạnh","einen Prozess oder eine Entwicklung durch gezielte Maßnahmen beschleunigen.","Die Regierung ist bestrebt, die Digitalisierung der Verwaltung mit Hochdruck voranzutreiben.","",""
"content/c1/vocabulary/19-verkehrswende-infrastruktur.json#words[20]","P3","C1","content/c1/vocabulary/19-verkehrswende-infrastruktur.json","20","subventionieren","VERB","","","","","example_lexeme_presence_needs_review","Check that examples clearly demonstrate the target lexeme or an acceptable inflected form.","trợ cấp","finanzielle Unterstützung durch den Staat geben","Der Staat subventioniert den öffentlichen Nahverkehr, um die Fahrpreise erschwinglich zu halten.","",""
"content/c1/vocabulary/20-energiepolitik-ressourcen.json#words[18]","P3","C1","content/c1/vocabulary/20-energiepolitik-ressourcen.json","18","etwas dekarbonisieren","VERB","","","","","example_lexeme_presence_needs_review","Check that examples clearly demonstrate the target lexeme or an acceptable inflected form.","khử cacbon (một cái gì đó)","Den Anteil an Kohlenstoff oder CO2-Emissionen in einem Prozess reduzieren.","Es ist eine immense Aufgabe, die gesamte Industrie zu dekarbonisieren, ohne die Wettbewerbsfähigkeit auf dem Weltmarkt zu gefährden.","",""
"content/c1/vocabulary/20-energiepolitik-ressourcen.json#words[19]","P3","C1","content/c1/vocabulary/20-energiepolitik-ressourcen.json","19","etwas subventionieren","VERB","","","","","example_lexeme_presence_needs_review","Check that examples clearly demonstrate the target lexeme or an acceptable inflected form.","trợ cấp (cho cái gì đó)","Einem Projekt oder einer Branche finanzielle Hilfe vom Staat gewähren.","Um den Umstieg auf umweltfreundliche Technologien zu fördern, werden diese von der Regierung stark subventioniert.","",""
"content/c1/vocabulary/20-energiepolitik-ressourcen.json#words[20]","P3","C1","content/c1/vocabulary/20-energiepolitik-ressourcen.json","20","etwas substituieren","VERB","","","","","example_lexeme_presence_needs_review","Check that examples clearly demonstrate the target lexeme or an acceptable inflected form.","thay thế (cái gì đó)","Ein Element oder eine Substanz durch ein anderes mit einer ähnlichen Funktion oder Wirkung austauschen.","Alte, ineffiziente Heizsysteme sollen durch moderne, energieeffiziente Alternativen substituiert werden, um den Verbrauch zu senken.","",""
"content/c1/vocabulary/20-energiepolitik-ressourcen.json#words[21]","P3","C1","content/c1/vocabulary/20-energiepolitik-ressourcen.json","21","etwas konsolidieren","VERB","","","","","example_lexeme_presence_needs_review","Check that examples clearly demonstrate the target lexeme or an acceptable inflected form.","củng cố, hợp nhất","Eine instabile Lage durch gezielte Maßnahmen stabilisieren oder verschiedene Einzelteile zu einer starken Einheit vereinen.","Die Bemühungen zur Sicherung der Energieversorgung müssen konsolidiert werden, um langfristige Stabilität zu gewährleisten.","",""
"content/c1/vocabulary/20-energiepolitik-ressourcen.json#words[22]","P3","C1","content/c1/vocabulary/20-energiepolitik-ressourcen.json","22","etwas verknappen","VERB","","","","","example_lexeme_presence_needs_review","Check that examples clearly demonstrate the target lexeme or an acceptable inflected form.","làm cho khan hiếm, làm cạn kiệt","Die Menge einer Sache reduzieren, sodass sie schwerer verfügbar wird.","Naturkatastrophen können die Verfügbarkeit von Rohstoffen drastisch verknappen und somit Preise in die Höhe treiben.","",""
"content/c1/vocabulary/20-energiepolitik-ressourcen.json#words[23]","P3","C1","content/c1/vocabulary/20-energiepolitik-ressourcen.json","23","etwas divergieren","VERB","","","","","example_lexeme_presence_needs_review","Check that examples clearly demonstrate the target lexeme or an acceptable inflected form.","phân kỳ, khác biệt","In verschiedene Richtungen verlaufen oder sich stark voneinander unterscheiden.","Die Meinungen über die optimale Strategie zur Bewältigung der Energiekrise divergieren stark zwischen den politischen Parteien.","",""
"content/c1/vocabulary/20-energiepolitik-ressourcen.json#words[24]","P3","C1","content/c1/vocabulary/20-energiepolitik-ressourcen.json","24","etwas evaluieren","VERB","","","","","example_lexeme_presence_needs_review","Check that examples clearly demonstrate the target lexeme or an acceptable inflected form.","đánh giá, thẩm định","Den Wert oder die Qualität einer Sache anhand festgelegter Kriterien systematisch analysieren.","Die Wirksamkeit der eingeführten Maßnahmen zur Energieeinsparung muss regelmäßig evaluiert werden, um Anpassungen vorzunehmen.","",""
"content/c1/vocabulary/20-energiepolitik-ressourcen.json#words[26]","P3","C1","content/c1/vocabulary/20-energiepolitik-ressourcen.json","26","etwas optimieren","VERB","","","","","example_lexeme_presence_needs_review","Check that examples clearly demonstrate the target lexeme or an acceptable inflected form.","tối ưu hóa (cái gì đó)","Etwas so verbessern, dass es das bestmögliche Ergebnis liefert.","Um den Energieverbrauch zu senken, müssen die Produktionsprozesse kontinuierlich optimiert werden.","",""
"content/c1/vocabulary/21-voelkerrecht-souveraenitaet.json#words[19]","P3","C1","content/c1/vocabulary/21-voelkerrecht-souveraenitaet.json","19","proklamieren","VERB","","","","","example_lexeme_presence_needs_review","Check that examples clearly demonstrate the target lexeme or an acceptable inflected form.","Tuyên bố, công bố","Etwas öffentlich und offiziell verkünden.","Die neue Republik proklamierte ihre Unabhängigkeit feierlich vor der Weltöffentlichkeit.","",""
"content/c1/vocabulary/21-voelkerrecht-souveraenitaet.json#words[21]","P3","C1","content/c1/vocabulary/21-voelkerrecht-souveraenitaet.json","21","ratifizieren","VERB","","","","","example_lexeme_presence_needs_review","Check that examples clearly demonstrate the target lexeme or an acceptable inflected form.","Phê chuẩn","Einen Vertrag offiziell bestätigen und gültig machen.","Ein internationaler Vertrag muss von den Mitgliedstaaten ratifiziert werden, um rechtsverbindlich zu werden.","",""
"content/c1/vocabulary/22-verwaltungsrecht-behörden.json#words[21]","P3","C1","content/c1/vocabulary/22-verwaltungsrecht-behörden.json","21","evaluieren","VERB","","","","","example_lexeme_presence_needs_review","Check that examples clearly demonstrate the target lexeme or an acceptable inflected form.","đánh giá, thẩm định","Den Wert oder die Wirksamkeit einer Maßnahme anhand festgelegter Kriterien systematisch analysieren.","Die Wirksamkeit neuer Verwaltungsvorschriften muss regelmäßig evaluiert werden, um ihre Relevanz und Effizienz zu überprüfen.","",""
"content/c1/vocabulary/23-grundrechte-verfassung.json#words[18]","P3","C1","content/c1/vocabulary/23-grundrechte-verfassung.json","18","verankern","VERB","","","","","example_lexeme_presence_needs_review","Check that examples clearly demonstrate the target lexeme or an acceptable inflected form.","neo giữ, ghi nhận (trong hiến pháp)","Etwas fest in einem Gesetz oder einer Verfassung festschreiben.","Die Grundrechte sind in der Verfassung fest verankert und bilden die Basis der Rechtsordnung.","",""
"content/c1/vocabulary/23-grundrechte-verfassung.json#words[23]","P3","C1","content/c1/vocabulary/23-grundrechte-verfassung.json","23","entziehen","VERB","","","","","example_lexeme_presence_needs_review","Check that examples clearly demonstrate the target lexeme or an acceptable inflected form.","tước bỏ, rút lại","Jemandem etwas wegnehmen, das er zuvor hatte.","Einem Bürger darf die Staatsbürgerschaft nicht willkürlich entzogen werden.","",""
"content/c1/vocabulary/23-grundrechte-verfassung.json#words[24]","P3","C1","content/c1/vocabulary/23-grundrechte-verfassung.json","24","überschreiten","VERB","","","","","example_lexeme_presence_needs_review","Check that examples clearly demonstrate the target lexeme or an acceptable inflected form.","vượt quá, lạm quyền","Über eine festgelegte Grenze oder eine zugewiesene Kompetenz hinausgehen.","Ein Verwaltungsakt, der die gesetzlichen Kompetenzen überschreitet, ist rechtswidrig.","",""
"content/c1/vocabulary/23-grundrechte-verfassung.json#words[25]","P3","C1","content/c1/vocabulary/23-grundrechte-verfassung.json","25","kodifizieren","VERB","","","","","example_lexeme_presence_needs_review","Check that examples clearly demonstrate the target lexeme or an acceptable inflected form.","pháp điển hóa","Gesetze in einem systematischen Werk zusammenfassen.","Viele Staaten haben ihre Verfassungen im 20. Jahrhundert kodifiziert, um eine klare Rechtsgrundlage zu schaffen.","",""
"content/c1/vocabulary/23-grundrechte-verfassung.json#words[26]","P3","C1","content/c1/vocabulary/23-grundrechte-verfassung.json","26","konstituieren","VERB","","","","","example_lexeme_presence_needs_review","Check that examples clearly demonstrate the target lexeme or an acceptable inflected form.","thành lập, cấu thành","Etwas offiziell gründen oder bilden.","Die Bürger bilden das Volk, das die Staatsgewalt durch Wahlen und Abstimmungen konstituiert.","",""
"content/c1/vocabulary/24-justizwesen-strafvollzug.json#words[21]","P3","C1","content/c1/vocabulary/24-justizwesen-strafvollzug.json","21","ahnden","VERB","","","","","example_lexeme_presence_needs_review","Check that examples clearly demonstrate the target lexeme or an acceptable inflected form.","Trừng phạt, xử phạt","eine Strafe verhängen, z.B. für eine Verletzung der Gesetze","Schwere Verbrechen müssen konsequent und gerecht geahndet werden, um das Rechtsgefühl der Bevölkerung zu stärken.","",""
"content/c1/vocabulary/25-geldpolitik-zentralbank.json#words[20]","P3","C1","content/c1/vocabulary/25-geldpolitik-zentralbank.json","20","abschöpfen","VERB","","","","","example_lexeme_presence_needs_review","Check that examples clearly demonstrate the target lexeme or an acceptable inflected form.","Hút bớt (thanh khoản), loại bỏ","Einen Teil von etwas, zum Beispiel Geld aus dem Markt, entfernen oder entnehmen.","Um überschüssige Liquidität vom Markt abzuschöpfen, könnte die Zentralbank Wertpapiere verkaufen oder Einlagen annehmen.","",""
"content/c1/vocabulary/25-geldpolitik-zentralbank.json#words[8]","P3","C1","content/c1/vocabulary/25-geldpolitik-zentralbank.json","8","geldpolitischer Ausschuss","NOMEN","MASKULIN","","die geldpolitischen Ausschüsse","","example_lexeme_presence_needs_review","Check that examples clearly demonstrate the target lexeme or an acceptable inflected form.","Ủy ban chính sách tiền tệ","Ein Gremium einer Zentralbank, das über die Ausrichtung der Geldpolitik und die Zinsentwicklung entscheidet.","Der geldpolitische Ausschuss der Zentralbank tagt regelmäßig, um die aktuelle Wirtschaftslage zu bewerten und über Zinsanpassungen zu beraten.","",""
"content/c1/vocabulary/26-handelsabkommen-zoll.json#words[21]","P3","C1","content/c1/vocabulary/26-handelsabkommen-zoll.json","21","subventionieren","VERB","","","","","example_lexeme_presence_needs_review","Check that examples clearly demonstrate the target lexeme or an acceptable inflected form.","trợ cấp","Einem Unternehmen oder einer Branche finanzielle Hilfe vom Staat gewähren.","Die heimische Landwirtschaft wird in vielen Ländern stark subventioniert, um ihre Wettbewerbsfähigkeit zu erhalten.","",""
"content/c1/vocabulary/26-handelsabkommen-zoll.json#words[23]","P3","C1","content/c1/vocabulary/26-handelsabkommen-zoll.json","23","aufheben","VERB","","","","","example_lexeme_presence_needs_review","Check that examples clearly demonstrate the target lexeme or an acceptable inflected form.","bãi bỏ, hủy bỏ","Eine Regel, ein Gesetz oder ein Verbot ungültig machen.","Die Regierung plant, die verbleibenden Zölle auf Industrieprodukte vollständig aufzuheben.","",""
"content/c1/vocabulary/27-konjunktur-wirtschaftskrise.json#words[18]","P3","C1","content/c1/vocabulary/27-konjunktur-wirtschaftskrise.json","18","ankurbeln","VERB","","","","","example_lexeme_presence_needs_review","Check that examples clearly demonstrate the target lexeme or an acceptable inflected form.","kích thích, thúc đẩy","Die Aktivität eines Prozesses, insbesondere der Wirtschaft, durch gezielte Maßnahmen fördern.","Durch Steuersenkungen und Investitionen versucht die Regierung, die schwächelnde Wirtschaft anzukurbeln.","",""
"content/c1/vocabulary/27-konjunktur-wirtschaftskrise.json#words[19]","P3","C1","content/c1/vocabulary/27-konjunktur-wirtschaftskrise.json","19","schrumpfen","VERB","","","","","example_lexeme_presence_needs_review","Check that examples clearly demonstrate the target lexeme or an acceptable inflected form.","thu hẹp, co lại","In seinem Umfang, seiner Größe oder seinem Wert kontinuierlich abnehmen.","Das Bruttoinlandsprodukt ist im letzten Quartal um 0,5 Prozent geschrumpft, was Besorgnis über eine bevorstehende Rezession auslöst.","",""
"content/c1/vocabulary/28-steuerpolitik-haushalt.json#words[24]","P3","C1","content/c1/vocabulary/28-steuerpolitik-haushalt.json","24","eindämmen","VERB","","","","","example_lexeme_presence_needs_review","Check that examples clearly demonstrate the target lexeme or an acceptable inflected form.","Kiềm chế, ngăn chặn","Etwas Negatives begrenzen oder unter Kontrolle bringen","Die Zentralbank ergriff drastische Maßnahmen, um die Inflation einzudämmen und die Kaufkraft der Währung zu erhalten.","",""
"content/c1/vocabulary/29-quantenphysik-grundlagen.json#words[21]","P3","C1","content/c1/vocabulary/29-quantenphysik-grundlagen.json","21","postulieren","VERB","","","","","example_lexeme_presence_needs_review","Check that examples clearly demonstrate the target lexeme or an acceptable inflected form.","Đề xuất, giả định","eine Aussage oder These als grundlegend annehmen","Niels Bohr postulierte, dass Elektronen nur auf bestimmten diskreten Bahnen um den Atomkern kreisen können.","",""
"content/c1/vocabulary/30-genetik-evolution.json#words[25]","P3","C1","content/c1/vocabulary/30-genetik-evolution.json","25","aufschlüsseln","VERB","","","","","example_lexeme_presence_needs_review","Check that examples clearly demonstrate the target lexeme or an acceptable inflected form.","Giải mã, làm sáng tỏ","etwas Komplexes in seine Einzelteile zerlegen, um es besser zu verstehen.","Es ist eine große Herausforderung für die Forschung, die komplexen Wechselwirkungen im Genom aufzuschlüsseln.","",""
"content/c1/vocabulary/30-genetik-evolution.json#words[26]","P3","C1","content/c1/vocabulary/30-genetik-evolution.json","26","begünstigen","VERB","","","","","example_lexeme_presence_needs_review","Check that examples clearly demonstrate the target lexeme or an acceptable inflected form.","Ưu ái, tạo điều kiện thuận lợi","die Bedingungen so gestalten, dass etwas leichter möglich ist oder gefördert wird.","Natürliche Selektion begünstigt Merkmale, die die Überlebens- und Reproduktionschancen eines Organismus erhöhen.","",""
"content/c1/vocabulary/31-kuenstliche-intelligenz-ml.json#words[18]","P3","C1","content/c1/vocabulary/31-kuenstliche-intelligenz-ml.json","18","kalibrieren","VERB","","","","","example_lexeme_presence_needs_review","Check that examples clearly demonstrate the target lexeme or an acceptable inflected form.","hiệu chỉnh","Ein Messgerät so einstellen, dass es präzise Werte liefert","Bevor das Sensorsystem in Betrieb genommen wird, muss es sorgfältig kalibriert werden, um genaue Messwerte zu gewährleisten.","",""
"content/c1/vocabulary/31-kuenstliche-intelligenz-ml.json#words[23]","P3","C1","content/c1/vocabulary/31-kuenstliche-intelligenz-ml.json","23","aggregieren","VERB","","","","","example_lexeme_presence_needs_review","Check that examples clearly demonstrate the target lexeme or an acceptable inflected form.","tập hợp, tổng hợp","Einzelne Daten zu einer Gesamtheit zusammenfassen","Verschiedene Datenquellen müssen zunächst aggregiert werden, um eine umfassende Analyse zu ermöglichen.","",""
"content/c1/vocabulary/32-klimaforschung-modellierung.json#words[20]","P3","C1","content/c1/vocabulary/32-klimaforschung-modellierung.json","20","kalibrieren","VERB","","","","","example_lexeme_presence_needs_review","Check that examples clearly demonstrate the target lexeme or an acceptable inflected form.","Hiệu chuẩn","Ein Messinstrument so einstellen, dass es exakte und vergleichbare Werte liefert.","Um präzise Messungen zu gewährleisten, müssen alle Sensoren und Instrumente regelmäßig kalibriert werden.","",""
"content/c1/vocabulary/32-klimaforschung-modellierung.json#words[4]","P3","C1","content/c1/vocabulary/32-klimaforschung-modellierung.json","4","Szenario","NOMEN","NEUTRUM","","die Szenarien","","example_lexeme_presence_needs_review","Check that examples clearly demonstrate the target lexeme or an acceptable inflected form.","Kịch bản","Eine mögliche zukünftige Entwicklung oder ein hypothetischer Ablauf von Ereignissen.","Die Klimaforschung arbeitet mit verschiedenen Emissionsszenarien, um mögliche zukünftige Entwicklungen des Klimasystems abzubilden.","",""
"content/c1/vocabulary/33-migrationsdebatte.json#words[20]","P3","C1","content/c1/vocabulary/33-migrationsdebatte.json","20","konsolidieren","VERB","","","","","example_lexeme_presence_needs_review","Check that examples clearly demonstrate the target lexeme or an acceptable inflected form.","Củng cố, hợp nhất","Eine Position oder einen Zustand durch gezielte Maßnahmen dauerhaft absichern und stabilisieren.","Die Integration von Geflüchteten muss durch gezielte Maßnahmen auf dem Arbeitsmarkt konsolidiert werden.","",""
"content/c1/vocabulary/33-migrationsdebatte.json#words[22]","P3","C1","content/c1/vocabulary/33-migrationsdebatte.json","22","verankern","VERB","","","","","example_lexeme_presence_needs_review","Check that examples clearly demonstrate the target lexeme or an acceptable inflected form.","Cố định, neo giữ, ăn sâu vào","Etwas so fest in einem System oder Gesetz integrieren, dass es dauerhaft Bestand hat.","Menschenrechte sind in der Verfassung verankert und müssen für alle gleichermaßen gelten.","",""
"content/c1/vocabulary/33-migrationsdebatte.json#words[25]","P3","C1","content/c1/vocabulary/33-migrationsdebatte.json","25","evaluieren","VERB","","","","","example_lexeme_presence_needs_review","Check that examples clearly demonstrate the target lexeme or an acceptable inflected form.","Đánh giá, thẩm định","Etwas systematisch prüfen und bewerten.","Die Wirksamkeit von Integrationsprogrammen muss regelmäßig evaluiert werden, um Anpassungen vorzunehmen.","",""
"content/c1/vocabulary/35-urbanisierung-smart-city.json#words[18]","P3","C1","content/c1/vocabulary/35-urbanisierung-smart-city.json","18","vorantreiben","VERB","","","","","example_lexeme_presence_needs_review","Check that examples clearly demonstrate the target lexeme or an acceptable inflected form.","Thúc đẩy; đẩy mạnh","Einen Prozess durch gezielte Maßnahmen beschleunigen, um ein gewünschtes Ergebnis schneller zu erzielen.","Die Regierung plant, die Entwicklung von Smart-City-Technologien durch gezielte Förderprogramme aktiv voranzutreiben.","",""
"content/c1/vocabulary/36-generationenkonflikt.json#words[23]","P3","C1","content/c1/vocabulary/36-generationenkonflikt.json","23","prägen","VERB","","","","","example_lexeme_presence_needs_review","Check that examples clearly demonstrate the target lexeme or an acceptable inflected form.","Định hình, tạo dấu ấn, ảnh hưởng sâu sắc","Einen starken, bleibenden Einfluss auf jemanden oder etwas ausüben.","Kriegs- und Nachkriegszeiten haben die Elterngeneration nachhaltig geprägt und ihre Werte grundlegend beeinflusst.","",""
"content/c1/vocabulary/37-desinformation-faktencheck.json#words[22]","P3","C1","content/c1/vocabulary/37-desinformation-faktencheck.json","22","instrumentalisieren","VERB","","","","","example_lexeme_presence_needs_review","Check that examples clearly demonstrate the target lexeme or an acceptable inflected form.","Công cụ hóa, lợi dụng, sử dụng như một công cụ","Jemanden oder etwas für die eigenen Zwecke benutzen.","Emotionen werden oft instrumentalisiert, um die rationale Entscheidungsfindung zu untergraben.","",""
"content/c1/vocabulary/37-desinformation-faktencheck.json#words[7]","P3","C1","content/c1/vocabulary/37-desinformation-faktencheck.json","7","Algorithmus","NOMEN","MASKULIN","","die Algorithmen","","example_lexeme_presence_needs_review","Check that examples clearly demonstrate the target lexeme or an acceptable inflected form.","Thuật toán","Eine festgelegte Abfolge von Rechenschritten zur Lösung eines Problems.","Soziale Medien nutzen komplexe Algorithmen, um Inhalte zu personalisieren, was zur Bildung von Filterblasen beitragen kann.","",""
"content/c1/vocabulary/41-entwicklungspsychologie.json#words[15]","P3","C1","content/c1/vocabulary/41-entwicklungspsychologie.json","15","normativer Wandel","NOMEN","MASKULIN","","die normativen Wandel","","example_lexeme_presence_needs_review","Check that examples clearly demonstrate the target lexeme or an acceptable inflected form.","Sự thay đổi chuẩn mực (những thay đổi điển hình hoặc dự kiến xảy ra trong quá trình phát triển)","Entwicklungsveränderungen, die altersgemäß für die Mehrheit einer Bevölkerungsgruppe charakteristisch sind.","Der normative Wandel im Jugendalter umfasst sowohl physische als auch psychische Transformationen, die von den meisten Individuen erfahren werden.","",""
"content/c1/vocabulary/43-kreislaufwirtschaft.json#words[13]","P3","C1","content/c1/vocabulary/43-kreislaufwirtschaft.json","13","ökologischer Fußabdruck","NOMEN","MASKULIN","","die ökologischen Fußabdrücke","","example_lexeme_presence_needs_review","Check that examples clearly demonstrate the target lexeme or an acceptable inflected form.","Dấu chân sinh thái","Ein Maß dafür, wie stark ein Mensch oder ein Land die Umwelt belastet.","Die Reduzierung des ökologischen Fußabdrucks ist ein globales Ziel zur Bewältigung der Klimakrise.","",""
"content/c1/vocabulary/43-kreislaufwirtschaft.json#words[25]","P3","C1","content/c1/vocabulary/43-kreislaufwirtschaft.json","25","verstromen","VERB","","","","","example_lexeme_presence_needs_review","Check that examples clearly demonstrate the target lexeme or an acceptable inflected form.","Đốt để phát điện","Energie aus einer Quelle in elektrische Energie umwandeln.","Die Verstromung von Abfällen ist eine Form der energetischen Verwertung, die jedoch kritisch betrachtet wird.","",""
"content/c1/vocabulary/44-biotechnologie-pharma.json#words[20]","P3","C1","content/c1/vocabulary/44-biotechnologie-pharma.json","20","validieren","VERB","","","","","example_lexeme_presence_needs_review","Check that examples clearly demonstrate the target lexeme or an acceptable inflected form.","xác nhận, kiểm định","Die Gültigkeit oder Richtigkeit von etwas offiziell bestätigen.","Bevor ein Analysegerät im Routinebetrieb eingesetzt wird, müssen seine Messverfahren umfassend validiert werden.","",""
"content/c1/vocabulary/44-biotechnologie-pharma.json#words[25]","P3","C1","content/c1/vocabulary/44-biotechnologie-pharma.json","25","verstoffwechseln","VERB","","","","","example_lexeme_presence_needs_review","Check that examples clearly demonstrate the target lexeme or an acceptable inflected form.","chuyển hóa","Einen Stoff im Körper chemisch umwandeln, um ihn zu nutzen oder auszuscheiden.","Die Leber ist das Hauptorgan, das Medikamente und Toxine verstoffwechselt.","",""
"content/c1/vocabulary/45-nanotechnologie.json#words[18]","P3","C1","content/c1/vocabulary/45-nanotechnologie.json","18","dotieren","VERB","","","","","example_lexeme_presence_needs_review","Check that examples clearly demonstrate the target lexeme or an acceptable inflected form.","Pha tạp","Stoffe mit Fremdatomen versehen, um ihre Eigenschaften zu verändern","Um die elektrische Leitfähigkeit zu erhöhen, muss das Halbleitermaterial gezielt mit Fremdatomen dotiert werden.","",""
"content/c1/vocabulary/46-wirtschaftsethik.json#words[18]","P3","C1","content/c1/vocabulary/46-wirtschaftsethik.json","18","verankern","VERB","","","","","example_lexeme_presence_needs_review","Check that examples clearly demonstrate the target lexeme or an acceptable inflected form.","Neo vào, gắn chặt, củng cố","Etwas fest in einem System, einem Gesetz oder im Bewusstsein etablieren.","Ethische Prinzipien müssen fest in der Unternehmenskultur verankert werden, um wirksam zu sein.","",""
"content/c1/vocabulary/46-wirtschaftsethik.json#words[25]","P3","C1","content/c1/vocabulary/46-wirtschaftsethik.json","25","mandatieren","VERB","","","","","example_lexeme_presence_needs_review","Check that examples clearly demonstrate the target lexeme or an acceptable inflected form.","Ủy nhiệm, giao phó","Jemandem den offiziellen Auftrag geben, eine bestimmte Aufgabe zu erledigen.","Die Aktionäre haben den Aufsichtsrat mandatiert, eine unabhängige Untersuchung der Vorfälle einzuleiten.","",""
"content/c1/vocabulary/46-wirtschaftsethik.json#words[26]","P3","C1","content/c1/vocabulary/46-wirtschaftsethik.json","26","kontrahieren","VERB","","","","","example_lexeme_presence_needs_review","Check that examples clearly demonstrate the target lexeme or an acceptable inflected form.","Ký hợp đồng, giao kèo (một cách chính thức)","Einen offiziellen Vertrag mit jemandem schließen.","Das Unternehmen kontrahiert ausschließlich mit Lieferanten, die sich zur Einhaltung internationaler Arbeitsstandards verpflichten.","",""
"content/c1/vocabulary/46-wirtschaftsethik.json#words[5]","P3","C1","content/c1/vocabulary/46-wirtschaftsethik.json","5","ökologischer Fußabdruck","NOMEN","MASKULIN","","die ökologischen Fußabdrücke","","example_lexeme_presence_needs_review","Check that examples clearly demonstrate the target lexeme or an acceptable inflected form.","Dấu chân sinh thái","Ein Maß dafür, wie stark die Ressourcen der Erde durch die Lebensweise eines Menschen oder die Aktivitäten eines Unternehmens beansprucht werden.","Viele Unternehmen streben danach, ihren ökologischen Fußabdruck durch innovative Produktionsmethoden zu minimieren.","",""
"content/c1/vocabulary/48-tierethik-tierschutz.json#words[18]","P3","C1","content/c1/vocabulary/48-tierethik-tierschutz.json","18","ausbeuten","VERB","","","","","example_lexeme_presence_needs_review","Check that examples clearly demonstrate the target lexeme or an acceptable inflected form.","Bóc lột, khai thác triệt để","Jemanden oder etwas rücksichtslos für den eigenen Nutzen verwenden.","Es ist ethisch fragwürdig, Tiere ausschließlich für menschliche Zwecke auszubeuten, ohne Rücksicht auf ihr Wohl.","",""
"content/c1/vocabulary/48-tierethik-tierschutz.json#words[19]","P3","C1","content/c1/vocabulary/48-tierethik-tierschutz.json","19","verankern","VERB","","","","","example_lexeme_presence_needs_review","Check that examples clearly demonstrate the target lexeme or an acceptable inflected form.","Neo giữ, cắm sâu, ghi nhận (vào luật)","Etwas fest in einem Gesetz oder einer Regelung festschreiben.","Die Rechte von Tieren sollten stärker in der Gesetzgebung verankert werden, um ihnen einen besseren Schutz zu bieten.","",""
"content/c1/vocabulary/48-tierethik-tierschutz.json#words[24]","P3","C1","content/c1/vocabulary/48-tierethik-tierschutz.json","24","missachten","VERB","","","","","example_lexeme_presence_needs_review","Check that examples clearly demonstrate the target lexeme or an acceptable inflected form.","Coi thường, không tuân thủ, vi phạm","Etwas ignorieren oder eine Regel bewusst nicht befolgen.","Wer Tierschutzgesetze missachtet, sollte mit ernsthaften Konsequenzen rechnen müssen.","",""
"content/c1/vocabulary/49-theaterwissenschaft.json#words[10]","P3","C1","content/c1/vocabulary/49-theaterwissenschaft.json","10","Hermeneutik","NOMEN","FEMININ","","-","duden_singular_only_needs_native_signoff","example_lexeme_presence_needs_review","Check that examples clearly demonstrate the target lexeme or an acceptable inflected form.","Giải thích học, thông diễn học (lý thuyết giải thích văn bản)","Die Theorie und Methode der Interpretation und Auslegung von Texten.","Die hermeneutische Herangehensweise ermöglicht eine tiefgründige Interpretation komplexer dramatischer Texte.","",""
"content/c1/vocabulary/49-theaterwissenschaft.json#words[19]","P3","C1","content/c1/vocabulary/49-theaterwissenschaft.json","19","rezipieren","VERB","","","","","example_lexeme_presence_needs_review","Check that examples clearly demonstrate the target lexeme or an acceptable inflected form.","Tiếp nhận, lĩnh hội (một tác phẩm nghệ thuật, một ý tưởng)","Ein Kunstwerk oder eine Idee aufnehmen und sie geistig verarbeiten.","Das Publikum rezipierte die provokante Performance mit einer Mischung aus Faszination und Irritation.","",""
"content/c1/vocabulary/49-theaterwissenschaft.json#words[23]","P3","C1","content/c1/vocabulary/49-theaterwissenschaft.json","23","interpretieren","VERB","","","","","example_lexeme_presence_needs_review","Check that examples clearly demonstrate the target lexeme or an acceptable inflected form.","Diễn giải, giải thích (một văn bản, một vai diễn)","Die Bedeutung eines Textes oder einer Handlung erklären oder auslegen.","Jede Generation interpretiert die klassischen Dramen auf ihre eigene Weise, um sie für die Gegenwart relevant zu machen.","",""
"content/c1/vocabulary/50-kunstgeschichte-epochen.json#words[26]","P3","C1","content/c1/vocabulary/50-kunstgeschichte-epochen.json","26","hervorbringen","VERB","","","","","example_lexeme_presence_needs_review","Check that examples clearly demonstrate the target lexeme or an acceptable inflected form.","Sản sinh, tạo ra, mang lại","etwas Neues erschaffen, produzieren oder bewirken","Jede kulturelle Epoche bringt spezifische künstlerische Ausdrucksformen hervor, die ihren Charakter widerspiegeln.","",""
"content/c1/vocabulary/51-filmtheorie-analyse.json#words[27]","P3","C1","content/c1/vocabulary/51-filmtheorie-analyse.json","27","kontrastieren","VERB","","","","","example_lexeme_presence_needs_review","Check that examples clearly demonstrate the target lexeme or an acceptable inflected form.","Đối lập, tương phản","etwas mit etwas anderem vergleichen, um Unterschiede zu zeigen","Der Film kontrastiert geschickt die idyllische Landschaft mit der inneren Zerrissenheit der Protagonisten.","",""
"content/c1/vocabulary/53-entwicklungshilfe-ngos.json#words[18]","P3","C1","content/c1/vocabulary/53-entwicklungshilfe-ngos.json","18","aufrechterhalten","VERB","","","","","example_lexeme_presence_needs_review","Check that examples clearly demonstrate the target lexeme or an acceptable inflected form.","Duy trì, giữ vững","Etwas in seinem jetzigen Zustand bewahren oder fortführen","Es ist eine Herausforderung, die humanitäre Hilfe in schwer zugänglichen Konfliktgebieten aufrechtzuerhalten.","",""
"content/c1/vocabulary/53-entwicklungshilfe-ngos.json#words[19]","P3","C1","content/c1/vocabulary/53-entwicklungshilfe-ngos.json","19","evaluieren","VERB","","","","","example_lexeme_presence_needs_review","Check that examples clearly demonstrate the target lexeme or an acceptable inflected form.","Đánh giá, thẩm định","Eine systematische Bewertung oder Prüfung der Ergebnisse eines Projekts oder einer Maßnahme","Alle Entwicklungsprojekte müssen regelmäßig evaluiert werden, um ihre Wirksamkeit und Effizienz zu überprüfen.","",""
"content/c1/vocabulary/53-entwicklungshilfe-ngos.json#words[25]","P3","C1","content/c1/vocabulary/53-entwicklungshilfe-ngos.json","25","flankieren","VERB","","","","","example_lexeme_presence_needs_review","Check that examples clearly demonstrate the target lexeme or an acceptable inflected form.","Hỗ trợ, đi kèm, bảo vệ","Eine Maßnahme durch zusätzliche unterstützende Schritte begleiten","Wirtschaftliche Reformen sollten stets von sozialen Maßnahmen flankiert werden, um Ungleichheiten zu minimieren.","",""
"content/c1/vocabulary/54-flucht-asylrecht.json#words[17]","P3","C1","content/c1/vocabulary/54-flucht-asylrecht.json","17","Ankerzentrum","NOMEN","NEUTRUM","","die Ankerzentren","","example_lexeme_presence_needs_review","Check that examples clearly demonstrate the target lexeme or an acceptable inflected form.","Trung tâm tiếp nhận và hồi hương (cho người xin tị nạn)","Eine spezielle Einrichtung für die erste Aufnahme und Prüfung von Asylanträgen.","Die Einführung von Ankerzentren sollte das Asylverfahren beschleunigen und die Rückführung erleichtern, ist jedoch umstritten.","",""
"content/c1/vocabulary/54-flucht-asylrecht.json#words[20]","P3","C1","content/c1/vocabulary/54-flucht-asylrecht.json","20","verfolgen","VERB","","","","","example_lexeme_presence_needs_review","Check that examples clearly demonstrate the target lexeme or an acceptable inflected form.","Đàn áp, truy tố","Jemanden aus politischen, religiösen oder anderen Gründen bedrohen oder jagen.","Viele Menschen sehen sich gezwungen, ihre Heimat zu verlassen, weil sie dort politisch oder religiös verfolgt werden.","",""
"content/c1/vocabulary/54-flucht-asylrecht.json#words[5]","P3","C1","content/c1/vocabulary/54-flucht-asylrecht.json","5","subsidiärer Schutz","NOMEN","MASKULIN","","-","regular_rule_needs_native_signoff","example_lexeme_presence_needs_review","Check that examples clearly demonstrate the target lexeme or an acceptable inflected form.","Bảo vệ bổ sung","Ein Schutzstatus für Personen, denen im Heimatland ernsthafter Schaden droht, die aber nicht die Kriterien für die Flüchtlingseigenschaft erfüllen.","Personen, die zwar nicht als Flüchtling anerkannt werden, denen aber ernsthafter Schaden im Herkunftsland droht, erhalten subsidiären Schutz.","",""
"content/c1/vocabulary/55-epidemiologie-pandemie.json#words[18]","P3","C1","content/c1/vocabulary/55-epidemiologie-pandemie.json","18","eindämmen","VERB","","","","","example_lexeme_presence_needs_review","Check that examples clearly demonstrate the target lexeme or an acceptable inflected form.","Kiềm chế, ngăn chặn","Die Ausbreitung eines unerwünschten Prozesses durch gezielte Maßnahmen begrenzen.","Ohne drastische Maßnahmen wäre es unmöglich gewesen, die rasche Ausbreitung des Virus einzudämmen.","",""
"content/c1/vocabulary/55-epidemiologie-pandemie.json#words[19]","P3","C1","content/c1/vocabulary/55-epidemiologie-pandemie.json","19","grassieren","VERB","","","","","example_lexeme_presence_needs_review","Check that examples clearly demonstrate the target lexeme or an acceptable inflected form.","Lây lan tràn lan, hoành hành","Weit verbreitet sein und viele Menschen befallen","In den Slums der Großstädte grassierte die Krankheit aufgrund mangelnder Hygiene und medizinischer Versorgung.","",""
"content/c1/vocabulary/56-psychosomatik.json#words[24]","P3","C1","content/c1/vocabulary/56-psychosomatik.json","24","korrelieren","VERB","","","","","example_lexeme_presence_needs_review","Check that examples clearly demonstrate the target lexeme or an acceptable inflected form.","Tương quan","in einem wechselseitigen statistischen oder logischen Zusammenhang stehen","Es wurde festgestellt, dass ein hoher sozioökonomischer Status positiv mit einer längeren Lebenserwartung korreliert.","",""
"content/c1/vocabulary/58-cybersicherheit-cyberkrieg.json#words[20]","P3","C1","content/c1/vocabulary/58-cybersicherheit-cyberkrieg.json","20","Bedrohungsszenario","NOMEN","NEUTRUM","","die Bedrohungsszenarien","","example_lexeme_presence_needs_review","Check that examples clearly demonstrate the target lexeme or an acceptable inflected form.","Kịch bản mối đe dọa","Eine detaillierte Beschreibung einer möglichen Gefahr oder eines Angriffs.","Die Entwicklung realistischer Bedrohungsszenarien ist entscheidend für die Planung effektiver Abwehrmaßnahmen.","",""
"content/c1/vocabulary/58-cybersicherheit-cyberkrieg.json#words[8]","P3","C1","content/c1/vocabulary/58-cybersicherheit-cyberkrieg.json","8","abwenden","VERB","","","","","example_lexeme_presence_needs_review","Check that examples clearly demonstrate the target lexeme or an acceptable inflected form.","Ngăn chặn, tránh khỏi, đẩy lùi","Etwas Negatives verhindern, bevor es passiert.","Durch proaktive Maßnahmen konnte ein größerer Cyberangriff erfolgreich abgewendet werden.","",""
"content/c1/vocabulary/59-soziale-netzwerke-analyse.json#words[21]","P3","C1","content/c1/vocabulary/59-soziale-netzwerke-analyse.json","21","evaluieren","VERB","","","","","example_lexeme_presence_needs_review","Check that examples clearly demonstrate the target lexeme or an acceptable inflected form.","đánh giá, thẩm định","Etwas systematisch prüfen und bewerten.","Die Effektivität von Social-Media-Kampagnen muss regelmäßig anhand spezifischer Kennzahlen evaluiert werden.","",""
"content/c1/vocabulary/60-arbeitssoziologie-prekaritaet.json#words[23]","P3","C1","content/c1/vocabulary/60-arbeitssoziologie-prekaritaet.json","23","subordinieren","VERB","","","","","example_lexeme_presence_needs_review","Check that examples clearly demonstrate the target lexeme or an acceptable inflected form.","Đặt dưới quyền, phụ thuộc hóa","Jemanden oder etwas in eine hierarchische Abhängigkeit bringen.","In vielen Unternehmen werden individuelle Bedürfnisse oft den Unternehmenszielen subordiniert.","",""
"content/c1/vocabulary/61-forensik-kriminalistik.json#words[17]","P3","C1","content/c1/vocabulary/61-forensik-kriminalistik.json","17","ermitteln","VERB","","","","","example_lexeme_presence_needs_review","Check that examples clearly demonstrate the target lexeme or an acceptable inflected form.","điều tra","Nachforschen, um Informationen über eine Tat oder eine Person zu finden.","Die Polizei ermittelt in einem Fall von schwerem Betrug.","",""
"content/c1/vocabulary/61-forensik-kriminalistik.json#words[19]","P3","C1","content/c1/vocabulary/61-forensik-kriminalistik.json","19","asservieren","VERB","","","","","example_lexeme_presence_needs_review","Check that examples clearly demonstrate the target lexeme or an acceptable inflected form.","thu giữ, bảo toàn (bằng chứng)","Beweismittel offiziell sicherstellen und für das Verfahren verwahren.","Alle potenziellen Beweismittel am Tatort wurden umgehend asserviert.","",""
"content/c1/vocabulary/62-logistik-lieferkette.json#words[20]","P3","C1","content/c1/vocabulary/62-logistik-lieferkette.json","20","steuern","VERB","","","","","example_lexeme_presence_needs_review","Check that examples clearly demonstrate the target lexeme or an acceptable inflected form.","điều khiển, quản lý","ein System oder eine Richtung leiten und beeinflussen","Ein zentrales System steuert alle logistischen Abläufe im Lager.","",""
"content/c1/vocabulary/62-logistik-lieferkette.json#words[22]","P3","C1","content/c1/vocabulary/62-logistik-lieferkette.json","22","abwickeln","VERB","","","","","example_lexeme_presence_needs_review","Check that examples clearly demonstrate the target lexeme or an acceptable inflected form.","xử lý, giải quyết, thực hiện","etwas vollständig abschließen oder durchführen","Alle Bestellungen werden von unserem Team schnell und präzise abgewickelt.","",""
"content/c1/vocabulary/62-logistik-lieferkette.json#words[26]","P3","C1","content/c1/vocabulary/62-logistik-lieferkette.json","26","auslagern","VERB","","","","","example_lexeme_presence_needs_review","Check that examples clearly demonstrate the target lexeme or an acceptable inflected form.","gia công bên ngoài, thuê ngoài; chuyển ra khỏi kho","etwas an einen anderen Ort oder Anbieter übergeben","Viele Unternehmen entscheiden sich dafür, ihre Logistikdienstleistungen auszulagern.","",""
"content/c1/vocabulary/62-logistik-lieferkette.json#words[7]","P3","C1","content/c1/vocabulary/62-logistik-lieferkette.json","7","Engpass","NOMEN","MASKULIN","","die Engpässe","","example_lexeme_presence_needs_review","Check that examples clearly demonstrate the target lexeme or an acceptable inflected form.","nút thắt cổ chai, tắc nghẽn","ein Punkt in einem Prozess, der den Gesamtablauf verlangsamt","Lieferengpässe bei Rohstoffen können die Produktion stark beeinträchtigen.","",""
"content/c1/vocabulary/65-lebensmittelrecht.json#words[20]","P3","C1","content/c1/vocabulary/65-lebensmittelrecht.json","20","beanstanden","VERB","","","","","example_lexeme_presence_needs_review","Check that examples clearly demonstrate the target lexeme or an acceptable inflected form.","Khiếu nại, phản đối, chê trách","Einen Mangel an einer Sache oder eine Fehlleistung offiziell rügen.","Der Kunde beanstandete die mangelhafte Lieferung und forderte Ersatz.","",""
"content/c1/vocabulary/65-lebensmittelrecht.json#words[22]","P3","C1","content/c1/vocabulary/65-lebensmittelrecht.json","22","einhalten","VERB","","","","","example_lexeme_presence_needs_review","Check that examples clearly demonstrate the target lexeme or an acceptable inflected form.","Tuân thủ, giữ (quy tắc, thời hạn)","Eine vorgeschriebene Regel, einen Termin oder eine Vereinbarung genau befolgen.","Hersteller sind verpflichtet, strenge Hygienevorschriften einzuhalten.","",""
"content/c1/vocabulary/65-lebensmittelrecht.json#words[23]","P3","C1","content/c1/vocabulary/65-lebensmittelrecht.json","23","zurückrufen","VERB","","","","","example_lexeme_presence_needs_review","Check that examples clearly demonstrate the target lexeme or an acceptable inflected form.","Thu hồi (sản phẩm)","Ein fehlerhaftes Produkt vom Markt zurückholen","Ein kontaminiertes Produkt musste sofort vom Markt zurückgerufen werden.","",""
"content/c1/vocabulary/65-lebensmittelrecht.json#words[26]","P3","C1","content/c1/vocabulary/65-lebensmittelrecht.json","26","verstoßen gegen","VERB","","","","","example_lexeme_presence_needs_review","Check that examples clearly demonstrate the target lexeme or an acceptable inflected form.","Vi phạm (luật, quy tắc)","Eine Regel oder ein Gesetz nicht beachten","Wer gegen das Lebensmittelgesetz verstößt, muss mit empfindlichen Strafen rechnen.","",""
"content/c1/vocabulary/67-wasserversorgung.json#words[18]","P3","C1","content/c1/vocabulary/67-wasserversorgung.json","18","aufbereiten","VERB","","","","","example_lexeme_presence_needs_review","Check that examples clearly demonstrate the target lexeme or an acceptable inflected form.","Xử lý, tinh chế","Wasser oder Materialien chemisch oder mechanisch reinigen und verbessern","Das Rohwasser muss sorgfältig aufbereitet werden, bevor es als Trinkwasser genutzt werden kann.","",""
"content/c1/vocabulary/67-wasserversorgung.json#words[21]","P3","C1","content/c1/vocabulary/67-wasserversorgung.json","21","einleiten","VERB","","","","","example_lexeme_presence_needs_review","Check that examples clearly demonstrate the target lexeme or an acceptable inflected form.","Xả thải, dẫn vào, bắt đầu","Eine Flüssigkeit in ein anderes Gewässer oder Rohr fließen lassen","Gereinigtes Abwasser darf nur unter strengen Auflagen in Flüsse eingeleitet werden.","",""
"content/c1/vocabulary/67-wasserversorgung.json#words[23]","P3","C1","content/c1/vocabulary/67-wasserversorgung.json","23","bewirtschaften","VERB","","","","","example_lexeme_presence_needs_review","Check that examples clearly demonstrate the target lexeme or an acceptable inflected form.","Quản lý, khai thác, canh tác","Land oder Ressourcen gezielt nutzen und verwalten","Wasservorräte müssen nachhaltig bewirtschaftet werden, um zukünftige Generationen nicht zu gefährden.","",""
"content/c1/vocabulary/67-wasserversorgung.json#words[26]","P3","C1","content/c1/vocabulary/67-wasserversorgung.json","26","abdichten","VERB","","","","","example_lexeme_presence_needs_review","Check that examples clearly demonstrate the target lexeme or an acceptable inflected form.","Làm kín, chống thấm","Etwas so schließen, dass keine Flüssigkeit oder Luft hindurchkommt","Um Wasserverluste zu vermeiden, müssen alte Rohre und Verbindungsstellen sorgfältig abgedichtet werden.","",""
"content/c1/vocabulary/68-krisenmanagement.json#words[21]","P3","C1","content/c1/vocabulary/68-krisenmanagement.json","21","eindämmen","VERB","","","","","example_lexeme_presence_needs_review","Check that examples clearly demonstrate the target lexeme or an acceptable inflected form.","Kiềm chế, ngăn chặn (lây lan, phát triển)","Die Ausbreitung von etwas Negativem, wie einer Krankheit, begrenzen oder stoppen.","Schnelle Maßnahmen sind erforderlich, um die Ausbreitung des Virus einzudämmen.","",""
"content/c1/vocabulary/69-patentrecht.json#words[1]","P3","C1","content/c1/vocabulary/69-patentrecht.json","1","geistiges Eigentum","NOMEN","NEUTRUM","","die geistigen Eigentümer","","example_lexeme_presence_needs_review","Check that examples clearly demonstrate the target lexeme or an acceptable inflected form.","Sở hữu trí tuệ","Die Gesamtheit der immateriellen Schöpfungen eines Menschen, die rechtlich geschützt werden können.","Der Schutz des geistigen Eigentums ist entscheidend für die Innovationsförderung.","",""
"content/c1/vocabulary/69-patentrecht.json#words[20]","P3","C1","content/c1/vocabulary/69-patentrecht.json","20","anmelden","VERB","","","","","example_lexeme_presence_needs_review","Check that examples clearly demonstrate the target lexeme or an acceptable inflected form.","Đăng ký, nộp đơn","Ein Dokument bei einer Behörde einreichen, um eine offizielle Registrierung zu beantragen.","Wir planen, die neue Technologie noch in diesem Jahr als Patent anzumelden.","",""
"content/c1/vocabulary/69-patentrecht.json#words[22]","P3","C1","content/c1/vocabulary/69-patentrecht.json","22","erteilen","VERB","","","","","example_lexeme_presence_needs_review","Check that examples clearly demonstrate the target lexeme or an acceptable inflected form.","Cấp, ban hành","Jemandem etwas offiziell geben, zum Beispiel eine Erlaubnis","Das Patentamt hat das Patent nach Prüfung erteilt.","",""
"content/c1/vocabulary/69-patentrecht.json#words[23]","P3","C1","content/c1/vocabulary/69-patentrecht.json","23","gewähren","VERB","","","","","example_lexeme_presence_needs_review","Check that examples clearly demonstrate the target lexeme or an acceptable inflected form.","Cấp, ban cho","Jemandem einen Wunsch oder ein Recht zugestehen","Der Schutz des geistigen Eigentums gewährt Innovatoren exklusive Rechte.","",""
"content/c1/vocabulary/69-patentrecht.json#words[26]","P3","C1","content/c1/vocabulary/69-patentrecht.json","26","beanspruchen","VERB","","","","","example_lexeme_presence_needs_review","Check that examples clearly demonstrate the target lexeme or an acceptable inflected form.","Tuyên bố, yêu cầu","Etwas als sein Eigentum bezeichnen oder fordern","Der Antragsteller beansprucht die Neuheit seiner Erfindung.","",""
"content/c1/vocabulary/70-energiespeicherung.json#words[19]","P3","C1","content/c1/vocabulary/70-energiespeicherung.json","19","umwandeln","VERB","","","","","example_lexeme_presence_needs_review","Check that examples clearly demonstrate the target lexeme or an acceptable inflected form.","chuyển đổi, biến đổi","Die Form, den Zustand oder die Funktion einer Sache grundlegend ändern.","Elektrolyseure wandeln elektrischen Strom in chemische Energie in Form von Wasserstoff um.","",""
"content/c1/vocabulary/71-neuroplastizitaet.json#words[20]","P3","C1","content/c1/vocabulary/71-neuroplastizitaet.json","20","verschalten","VERB","","","","","example_lexeme_presence_needs_review","Check that examples clearly demonstrate the target lexeme or an acceptable inflected form.","Đấu nối, kết nối các mạch điện hoặc thần kinh.","Zwei oder mehr Komponenten so verbinden, dass sie funktional zusammenarbeiten.","Das Gehirn ist so verschaltet, dass bestimmte Regionen für spezifische Aufgaben zuständig sind.","",""
"content/c1/vocabulary/71-neuroplastizitaet.json#words[32]","P3","C1","content/c1/vocabulary/71-neuroplastizitaet.json","32","irreversibel","ADJEKTIV","","","","","example_lexeme_presence_needs_review","Check that examples clearly demonstrate the target lexeme or an acceptable inflected form.","Không thể đảo ngược, không thể quay trở lại trạng thái ban đầu.","So beschaffen, dass ein Vorgang oder ein Zustand nicht mehr in seinen ursprünglichen Zustand zurückgeführt werden kann.","Schwere Hirnschäden können zu irreversiblen Funktionsverlusten führen.","",""
"content/c1/vocabulary/73-bibliothekswesen.json#words[23]","P3","C1","content/c1/vocabulary/73-bibliothekswesen.json","23","verzeichnen","VERB","","","","","example_lexeme_presence_needs_review","Check that examples clearly demonstrate the target lexeme or an acceptable inflected form.","Ghi chép, lập danh mục","Etwas in eine Liste oder einen Katalog eintragen.","Alle neu erworbenen Dokumente müssen detailliert im Archivinformationssystem verzeichnet werden.","",""
"content/c1/vocabulary/74-qualitaetsmanagement.json#words[24]","P3","C1","content/c1/vocabulary/74-qualitaetsmanagement.json","24","nachvollziehen","VERB","","","","","example_lexeme_presence_needs_review","Check that examples clearly demonstrate the target lexeme or an acceptable inflected form.","Hiểu rõ, truy vết, nắm bắt được","Einen logischen Ablauf verstehen oder eine Entscheidung begründen können.","Es ist wichtig, dass alle Schritte des Entscheidungsprozesses nachvollziehbar sind.","",""
"content/c1/vocabulary/75-steuerberatung.json#words[21]","P3","C1","content/c1/vocabulary/75-steuerberatung.json","21","mandatieren","VERB","","","","","example_lexeme_presence_needs_review","Check that examples clearly demonstrate the target lexeme or an acceptable inflected form.","Ủy quyền, Chỉ định (khách hàng)","Jemandem den offiziellen Auftrag geben, eine bestimmte Aufgabe zu übernehmen.","Das Unternehmen mandatierte uns für die steuerliche Beratung bei der Umstrukturierung.","",""
"content/c1/vocabulary/75-steuerberatung.json#words[26]","P3","C1","content/c1/vocabulary/75-steuerberatung.json","26","rückstellen","VERB","","","","","example_lexeme_presence_needs_review","Check that examples clearly demonstrate the target lexeme or an acceptable inflected form.","Trích lập dự phòng","Geld für zukünftige, noch nicht genau bekannte Ausgaben beiseitelegen.","Unternehmen müssen für zukünftige Verpflichtungen Rückstellungen bilden.","",""
"content/c2/vocabulary/01-epistemologie-wissenschaftstheorie.json#words[20]","P3","C2","content/c2/vocabulary/01-epistemologie-wissenschaftstheorie.json","20","postulieren","VERB","","","","","example_lexeme_presence_needs_review","Check that examples clearly demonstrate the target lexeme or an acceptable inflected form.","đề xuất, giả định, đặt ra (không cần chứng minh)","Etwas als wahr annehmen oder fordern, ohne es zwingend zu beweisen.","Kant postulierte die Existenz Gottes, die Freiheit des Willens und die Unsterblichkeit der Seele als notwendige Bedingungen der praktischen Vernunft.","",""
"content/c2/vocabulary/01-epistemologie-wissenschaftstheorie.json#words[22]","P3","C2","content/c2/vocabulary/01-epistemologie-wissenschaftstheorie.json","22","implizieren","VERB","","","","","example_lexeme_presence_needs_review","Check that examples clearly demonstrate the target lexeme or an acceptable inflected form.","ngụ ý, hàm ý","Etwas logisch einschließen oder indirekt bedeuten.","Die Annahme einer absoluten Wahrheit impliziert oft eine metaphysische Position, die von vielen modernen Philosophen kritisch hinterfragt wird.","",""
"content/c2/vocabulary/02-rechtsphilosophie-justiz.json#words[0]","P3","C2","content/c2/vocabulary/02-rechtsphilosophie-justiz.json","0","Rechtsdogma","NOMEN","NEUTRUM","","die Rechtsdogmen","","example_lexeme_presence_needs_review","Check that examples clearly demonstrate the target lexeme or an acceptable inflected form.","giáo điều pháp lý","ein unveränderliches Prinzip im Recht, das als selbstverständlich gilt","Die kritische Auseinandersetzung mit etablierten Rechtsdogmen ist unerlässlich für eine dynamische Rechtsentwicklung.","",""
"content/c2/vocabulary/05-aesthetik-kunstkritik.json#words[11]","P3","C2","content/c2/vocabulary/05-aesthetik-kunstkritik.json","11","konnotieren","VERB","","","","","example_lexeme_presence_needs_review","Check that examples clearly demonstrate the target lexeme or an acceptable inflected form.","ám chỉ, gợi ý (nghĩa phụ)","Eine zusätzliche, oft emotionale Bedeutung mit einem Wort oder Zeichen verbinden","Die Farbe Blau konnotiert in vielen Kulturen nicht nur Ruhe, sondern auch Melancholie und Weite.","",""
"content/c2/vocabulary/09-transkulturalitaet-postkolonialismus.json#words[1]","P3","C2","content/c2/vocabulary/09-transkulturalitaet-postkolonialismus.json","1","hegemonialer Diskurs","NOMEN","MASKULIN","","die hegemonialen Diskurse","","example_lexeme_presence_needs_review","Check that examples clearly demonstrate the target lexeme or an acceptable inflected form.","diễn ngôn bá quyền","Ein Diskurs, der die Überlegenheit einer Gruppe oder Machtstellung betont und andere Perspektiven unterdrückt","Der hegemoniale Diskurs legitimiert oft Machtstrukturen, indem er bestimmte Weltbilder als universell und alternativlos darstellt.","",""
"content/c2/vocabulary/10-oekonomische-paradigmen-kritik.json#words[11]","P3","C2","content/c2/vocabulary/10-oekonomische-paradigmen-kritik.json","11","inherent","ADJEKTIV","","","","","example_lexeme_presence_needs_review","Check that examples clearly demonstrate the target lexeme or an acceptable inflected form.","vốn có, cố hữu","Als untrennbarer und natürlicher Teil einer Sache vorhanden sein.","Die dem Kapitalismus inhärente Tendenz zur Krisenanfälligkeit wird von vielen heterodoxen Ökonomen als unüberwindbar angesehen.","",""
"content/c2/vocabulary/100-konzeptkunst-minimalismus.json#words[17]","P3","C2","content/c2/vocabulary/100-konzeptkunst-minimalismus.json","17","rezipieren","VERB","","","","","example_lexeme_presence_needs_review","Check that examples clearly demonstrate the target lexeme or an acceptable inflected form.","Tiếp nhận (nghệ thuật, văn bản, ý tưởng)","Ein Kunstwerk oder einen Text aufnehmen und ihn interpretieren.","Die Art und Weise, wie ein Konzeptkunstwerk rezipiert wird, ist oft ein integraler Bestandteil seiner Bedeutung.","",""
"content/c2/vocabulary/101-aufklaerung-kant.json#words[3]","P3","C2","content/c2/vocabulary/101-aufklaerung-kant.json","3","Kategorischer Imperativ","NOMEN","MASKULIN","","die Kategorischen Imperative","","example_lexeme_presence_needs_review","Check that examples clearly demonstrate the target lexeme or an acceptable inflected form.","Nguyên tắc đạo đức tối cao của Kant, một mệnh lệnh vô điều kiện, tức là hành động chỉ theo quy tắc mà bạn có thể muốn nó trở thành luật phổ quát.","Ein moralisches Prinzip, nach dem man nur nach Regeln handeln soll, die als allgemeines Gesetz gelten könnten.","Der Kategorische Imperativ ist das Herzstück von Kants Pflichtethik und fordert eine Verallgemeinerbarkeit unserer Handlungsmaximen.","",""
"content/c2/vocabulary/102-kalter-krieg-bipolaritaet.json#words[23]","P3","C2","content/c2/vocabulary/102-kalter-krieg-bipolaritaet.json","23","eindämmen","VERB","","","","","example_lexeme_presence_needs_review","Check that examples clearly demonstrate the target lexeme or an acceptable inflected form.","Ngăn chặn, kiềm chế","Etwas begrenzen oder unter Kontrolle bringen, um eine Ausbreitung zu verhindern.","Ziel war es, die Verbreitung der kommunistischen Ideologie einzudämmen.","",""
"content/c2/vocabulary/102-kalter-krieg-bipolaritaet.json#words[24]","P3","C2","content/c2/vocabulary/102-kalter-krieg-bipolaritaet.json","24","aufrüsten","VERB","","","","","example_lexeme_presence_needs_review","Check that examples clearly demonstrate the target lexeme or an acceptable inflected form.","Tăng cường vũ trang, tái vũ trang","Die militärische Ausrüstung eines Landes verstärken.","Beide Seiten begannen, massiv militärisch aufzurüsten.","",""
"content/c2/vocabulary/102-kalter-krieg-bipolaritaet.json#words[9]","P3","C2","content/c2/vocabulary/102-kalter-krieg-bipolaritaet.json","9","ideologisches Schisma","NOMEN","NEUTRUM","","die ideologischen Schismen","","example_lexeme_presence_needs_review","Check that examples clearly demonstrate the target lexeme or an acceptable inflected form.","Sự chia rẽ ý thức hệ","Eine tiefe Spaltung oder Trennung aufgrund unterschiedlicher Weltanschauungen.","Das ideologische Schisma zwischen Kapitalismus und Kommunismus war unüberwindbar.","",""
"content/c2/vocabulary/105-religionskritik-feuerbach.json#words[20]","P3","C2","content/c2/vocabulary/105-religionskritik-feuerbach.json","20","objektivieren","VERB","","","","","example_lexeme_presence_needs_review","Check that examples clearly demonstrate the target lexeme or an acceptable inflected form.","Khách quan hóa, vật hóa","etwas Subjektives oder Abstraktes als eine sachliche, unabhängig existierende Tatsache darstellen","Der Mensch objektiviert seine inneren Gefühle und Gedanken, indem er sie in Kunstwerken oder religiösen Symbolen ausdrückt.","",""
"content/c2/vocabulary/107-dekonstruktivismus-architektur.json#words[12]","P3","C2","content/c2/vocabulary/107-dekonstruktivismus-architektur.json","12","dislozieren","VERB","","","","","example_lexeme_presence_needs_review","Check that examples clearly demonstrate the target lexeme or an acceptable inflected form.","Dịch chuyển, làm sai lệch; di chuyển một cái gì đó khỏi vị trí ban đầu của nó; làm lệch, bóp méo.","Etwas aus seiner ursprünglichen Position verschieben.","Geometrische Volumen werden bewusst disloziert, um ein Gefühl der Instabilität zu erzeugen.","",""
"content/c2/vocabulary/107-dekonstruktivismus-architektur.json#words[16]","P3","C2","content/c2/vocabulary/107-dekonstruktivismus-architektur.json","16","überschreiten","VERB","","","","","example_lexeme_presence_needs_review","Check that examples clearly demonstrate the target lexeme or an acceptable inflected form.","Vượt qua, vượt ranh giới; vượt quá hoặc siêu việt một giới hạn, chuẩn mực hoặc kỳ vọng.","Über eine festgelegte Grenze, einen definierten Wert oder eine Norm hinausgehen.","Der Entwurf überschreitet die Grenzen des traditionellen Bauens und wagt neue Formen.","",""
"content/c2/vocabulary/108-atonalitaet-schoenberg.json#words[14]","P3","C2","content/c2/vocabulary/108-atonalitaet-schoenberg.json","14","atonales Repertoire","NOMEN","NEUTRUM","","die atonalen Repertoires","","example_lexeme_presence_needs_review","Check that examples clearly demonstrate the target lexeme or an acceptable inflected form.","Tiết mục vô điệu tính, kho tác phẩm vô điệu tính","Eine Sammlung von Musikstücken, die ohne Tonart komponiert wurden","Das atonale Repertoire umfasst eine Vielzahl von Werken, die die Vielfalt der Ausdrucksmöglichkeiten ohne Tonalität demonstrieren.","",""
"content/c2/vocabulary/108-atonalitaet-schoenberg.json#words[15]","P3","C2","content/c2/vocabulary/108-atonalitaet-schoenberg.json","15","serielles Prinzip","NOMEN","NEUTRUM","","die seriellen Prinzipien","","example_lexeme_presence_needs_review","Check that examples clearly demonstrate the target lexeme or an acceptable inflected form.","Các nguyên tắc chuỗi, các nguyên tắc serial","Regeln, bei denen verschiedene musikalische Parameter in festen Reihen organisiert werden","Über die Zwölftontechnik hinaus wurden serielle Prinzipien auf andere musikalische Parameter wie Rhythmus und Dynamik angewendet.","",""
"content/c2/vocabulary/108-atonalitaet-schoenberg.json#words[5]","P3","C2","content/c2/vocabulary/108-atonalitaet-schoenberg.json","5","atonales Idiom","NOMEN","NEUTRUM","","die atonalen Idiome","","example_lexeme_presence_needs_review","Check that examples clearly demonstrate the target lexeme or an acceptable inflected form.","Ngôn ngữ vô điệu tính, phong cách vô điệu tính","Eine spezifische musikalische Ausdrucksweise ohne tonale Bindung","Das atonale Idiom forderte von den Hörern eine Neuausrichtung ihrer Erwartungen an musikalische Kohärenz.","",""
"content/c2/vocabulary/108-atonalitaet-schoenberg.json#words[6]","P3","C2","content/c2/vocabulary/108-atonalitaet-schoenberg.json","6","tonaler Bezug","NOMEN","MASKULIN","","die tonalen Bezüge","","example_lexeme_presence_needs_review","Check that examples clearly demonstrate the target lexeme or an acceptable inflected form.","Mối liên hệ điệu tính, tham chiếu điệu tính","Die Orientierung an einer bestimmten Grundtonart","Im Zuge der atonalen Entwicklung wurde der tonale Bezug bewusst aufgelöst, um neue Strukturen zu ermöglichen.","",""
"content/c2/vocabulary/109-elektronische-musik.json#words[20]","P3","C2","content/c2/vocabulary/109-elektronische-musik.json","20","modulieren","VERB","","","","","example_lexeme_presence_needs_review","Check that examples clearly demonstrate the target lexeme or an acceptable inflected form.","Điều biến, điều chỉnh","Eine Eigenschaft eines Signals gezielt verändern","Der Künstler modulierte die Parameter des granularen Synthesizers, um eine sich ständig wandelnde Klangtextur zu schaffen.","",""
"content/c2/vocabulary/110-strukturalismus-levi-strauss.json#words[6]","P3","C2","content/c2/vocabulary/110-strukturalismus-levi-strauss.json","6","Synchronie","NOMEN","FEMININ","","die Synchronien","","example_lexeme_presence_needs_review","Check that examples clearly demonstrate the target lexeme or an acceptable inflected form.","Đồng đại (nghiên cứu một hệ thống ngôn ngữ hoặc văn hóa tại một thời điểm cụ thể)","die Betrachtung eines Systems zu einem bestimmten Zeitpunkt","Die synchronische Analyse der Sprache konzentriert sich auf ihren Zustand zu einem bestimmten Zeitpunkt, ohne ihre historische Entwicklung zu berücksichtigen.","",""
"content/c2/vocabulary/111-neuroethik.json#words[16]","P3","C2","content/c2/vocabulary/111-neuroethik.json","16","neurokognitives Potenzial","NOMEN","NEUTRUM","","die neurokognitiven Potenziale","","example_lexeme_presence_needs_review","Check that examples clearly demonstrate the target lexeme or an acceptable inflected form.","Tiềm năng nhận thức thần kinh","Die theoretisch maximal mögliche Leistungsfähigkeit des Gehirns in Bezug auf kognitive Prozesse wie Lernen und Denken.","Das neurokognitive Potenzial eines Individuums kann durch Training und gezielte Interventionen beeinflusst werden.","",""
"content/c2/vocabulary/111-neuroethik.json#words[18]","P3","C2","content/c2/vocabulary/111-neuroethik.json","18","transhumanistisches Weltbild","NOMEN","NEUTRUM","","die transhumanistischen Weltbilder","","example_lexeme_presence_needs_review","Check that examples clearly demonstrate the target lexeme or an acceptable inflected form.","Thế giới quan siêu nhân học (Transhumanist)","Ein philosophisches Weltbild, das die Überzeugung vertritt, dass die menschliche Natur durch technologische Fortschritte grundlegend optimiert werden sollte.","Das transhumanistische Weltbild strebt die Überwindung menschlicher Grenzen durch Technologie an.","",""
"content/c2/vocabulary/112-palliativmedizin.json#words[12]","P3","C2","content/c2/vocabulary/112-palliativmedizin.json","12","würdevoller Abschied","NOMEN","MASKULIN","","die würdevollen Abschiede","","example_lexeme_presence_needs_review","Check that examples clearly demonstrate the target lexeme or an acceptable inflected form.","Lời từ biệt trang trọng/đầy phẩm giá","Eine respektvolle und angemessene Verabschiedung von einem sterbenden Menschen.","Jeder Mensch hat das Recht auf einen würdevolle Abschied, der seinen individuellen Wünschen und Werten entspricht.","",""
"content/c2/vocabulary/112-palliativmedizin.json#words[23]","P3","C2","content/c2/vocabulary/112-palliativmedizin.json","23","aufrechterhalten","VERB","","","","","example_lexeme_presence_needs_review","Check that examples clearly demonstrate the target lexeme or an acceptable inflected form.","Duy trì, giữ vững","Etwas in seinem jetzigen Zustand bewahren oder fortführen","Das Ziel der Palliativmedizin ist es, die bestmögliche Lebensqualität bis zum Ende aufrechtzuerhalten.","",""
"content/c2/vocabulary/113-epigenetik.json#words[23]","P3","C2","content/c2/vocabulary/113-epigenetik.json","23","transkribieren","VERB","","","","","example_lexeme_presence_needs_review","Check that examples clearly demonstrate the target lexeme or an acceptable inflected form.","Sao chép thông tin di truyền từ một đoạn DNA thành một phân tử RNA; quá trình phiên mã.","genetische Information von der DNA in RNA umschreiben.","RNA-Polymerase transkribiert die DNA in mRNA.","",""
"content/c2/vocabulary/113-epigenetik.json#words[25]","P3","C2","content/c2/vocabulary/113-epigenetik.json","25","vererben","VERB","","","","","example_lexeme_presence_needs_review","Check that examples clearly demonstrate the target lexeme or an acceptable inflected form.","Truyền lại các đặc điểm hoặc thông tin di truyền từ thế hệ này sang thế hệ khác.","genetische Merkmale an die nächste Generation weitergeben.","Manche epigenetischen Muster können an die Nachkommen vererbt werden.","",""
"content/c2/vocabulary/113-epigenetik.json#words[9]","P3","C2","content/c2/vocabulary/113-epigenetik.json","9","regulatorisches RNA-Molekül","NOMEN","NEUTRUM","","die regulatorischen RNA-Moleküle","","example_lexeme_presence_needs_review","Check that examples clearly demonstrate the target lexeme or an acceptable inflected form.","Một loại phân tử RNA không mã hóa cho protein, nhưng có chức năng điều hòa biểu hiện gen ở cấp độ phiên mã hoặc hậu phiên mã.","Ein RNA-Molekül, das nicht in Proteine übersetzt wird, sondern die Aktivität anderer Gene steuert.","Kleine regulatorische RNA-Moleküle wie miRNAs sind wichtige Modulatoren der Genexpression.","",""
"content/c2/vocabulary/116-digitaler-humanismus.json#words[0]","P3","C2","content/c2/vocabulary/116-digitaler-humanismus.json","0","Digitaler Humanismus","NOMEN","MASKULIN","","-","regular_rule_needs_native_signoff","example_lexeme_presence_needs_review","Check that examples clearly demonstrate the target lexeme or an acceptable inflected form.","Chủ nghĩa nhân văn kỹ thuật số","eine philosophische Strömung, die darauf abzielt, die menschliche Würde und ethische Werte im Kontext technologischer Entwicklungen zu bewahren","Der Digitale Humanismus strebt danach, Technologie menschenzentriert zu entwickeln und zu nutzen.","",""
"content/c2/vocabulary/116-digitaler-humanismus.json#words[29]","P3","C2","content/c2/vocabulary/116-digitaler-humanismus.json","29","interoperabel","ADJEKTIV","","","","","example_lexeme_presence_needs_review","Check that examples clearly demonstrate the target lexeme or an acceptable inflected form.","có khả năng tương tác","in der Lage, mit anderen Systemen oder Technologien zusammenzuarbeiten","Offene und interoperable Systeme sind entscheidend, um Vendor Lock-in zu vermeiden und Wettbewerb zu fördern.","",""
"content/c2/vocabulary/117-tiefenökologie.json#words[15]","P3","C2","content/c2/vocabulary/117-tiefenökologie.json","15","ökologischer Fußabdruck","NOMEN","MASKULIN","","die ökologischen Fußabdrücke","","example_lexeme_presence_needs_review","Check that examples clearly demonstrate the target lexeme or an acceptable inflected form.","Dấu chân sinh thái","Ein Maß für die biologisch produktive Fläche, die notwendig ist, um den Ressourcenverbrauch und die Abfallproduktion eines Individuums oder einer Gesellschaft auszugleichen.","Der ökologische Fußabdruck misst den menschlichen Bedarf an natürlichen Ressourcen im Vergleich zur Biokapazität der Erde.","",""
"content/c2/vocabulary/118-anthropozaen.json#words[12]","P3","C2","content/c2/vocabulary/118-anthropozaen.json","12","Stoffkreislauf","NOMEN","MASKULIN","","die Stoffkreisläufe","","example_lexeme_presence_needs_review","Check that examples clearly demonstrate the target lexeme or an acceptable inflected form.","Chu trình vật chất","Der kontinuierliche Umlauf von chemischen Elementen zwischen lebenden Organismen und ihrer Umwelt.","Menschliche Aktivitäten beeinflussen die globalen Stoffkreisläufe von Stickstoff und Phosphor erheblich.","",""
"content/c2/vocabulary/118-anthropozaen.json#words[8]","P3","C2","content/c2/vocabulary/118-anthropozaen.json","8","planetares Belastungslimit","NOMEN","NEUTRUM","","die planetaren Belastungslimits","","example_lexeme_presence_needs_review","Check that examples clearly demonstrate the target lexeme or an acceptable inflected form.","Giới hạn chịu tải của hành tinh","Eine ökologische Grenzschwelle, deren Überschreitung die Stabilität und Funktionsfähigkeit der globalen Biosphäre gefährdet.","Mehrere planetare Belastungslimits, wie die des Klimawandels, sind bereits überschritten.","",""
"content/c2/vocabulary/120-republikanismus.json#words[18]","P3","C2","content/c2/vocabulary/120-republikanismus.json","18","deliberieren","VERB","","","","","example_lexeme_presence_needs_review","Check that examples clearly demonstrate the target lexeme or an acceptable inflected form.","Nghị luận, thảo luận kỹ lưỡng và cẩn trọng, thường với mục đích đưa ra quyết định.","Über eine Angelegenheit ausführlich und gründlich beraten, um zu einer Entscheidung zu gelangen.","Das Parlament deliberierte stundenlang über den umstrittenen Gesetzesentwurf.","",""
"content/c2/vocabulary/120-republikanismus.json#words[20]","P3","C2","content/c2/vocabulary/120-republikanismus.json","20","verankern","VERB","","","","","example_lexeme_presence_needs_review","Check that examples clearly demonstrate the target lexeme or an acceptable inflected form.","Neo, củng cố, ghi nhận vững chắc (một nguyên tắc, quyền) trong luật hoặc một hệ thống.","Eine Regelung oder ein Recht dauerhaft und rechtlich bindend in einem offiziellen Dokument integrieren.","Die Menschenrechte sind in vielen nationalen Verfassungen und internationalen Abkommen verankert.","",""
"content/c2/vocabulary/120-republikanismus.json#words[21]","P3","C2","content/c2/vocabulary/120-republikanismus.json","21","kontestieren","VERB","","","","","example_lexeme_presence_needs_review","Check that examples clearly demonstrate the target lexeme or an acceptable inflected form.","Tranh chấp, phản đối, đặt câu hỏi về (một tuyên bố, tính hợp pháp, kết quả).","Die Gültigkeit oder Richtigkeit einer Aussage oder Entscheidung bestreiten.","Die Opposition kontestierte die Rechtmäßigkeit der Wahl und forderte eine Neuauszählung.","",""
"content/c2/vocabulary/123-eigentumstheorie.json#words[2]","P3","C2","content/c2/vocabulary/123-eigentumstheorie.json","2","Gemeingut","NOMEN","NEUTRUM","","die Gemeingüter","","example_lexeme_presence_needs_review","Check that examples clearly demonstrate the target lexeme or an acceptable inflected form.","Tài sản công, tài nguyên chung, lợi ích chung (có thể là vật chất hoặc phi vật chất).","Güter oder Ressourcen, die allen Menschen zur Verfügung stehen und nicht in privatem Besitz sind.","Saubere Luft und Wasser sind unverzichtbare Gemeingüter, deren Schutz kollektive Anstrengungen erfordert.","",""
"content/c2/vocabulary/123-eigentumstheorie.json#words[21]","P3","C2","content/c2/vocabulary/123-eigentumstheorie.json","21","verfügen über","VERB","","","","","example_lexeme_presence_needs_review","Check that examples clearly demonstrate the target lexeme or an acceptable inflected form.","Có (cái gì đó) để sử dụng/định đoạt; sở hữu.","Etwas besitzen oder die Macht haben, über etwas zu entscheiden.","Der Staat verfügt über das Recht, in bestimmten Fällen Privateigentum zu regulieren.","",""
"content/c2/vocabulary/124-arbeitswerttheorie.json#words[20]","P3","C2","content/c2/vocabulary/124-arbeitswerttheorie.json","20","entäußern","VERB","","","","","example_lexeme_presence_needs_review","Check that examples clearly demonstrate the target lexeme or an acceptable inflected form.","Biểu hiện ra bên ngoài, bán đi, từ bỏ quyền sở hữu","Sich einer Sache entledigen oder die Verfügungsgewalt darüber an einen anderen übertragen.","Im Akt der Lohnarbeit entäußert der Arbeiter seine Arbeitskraft für einen bestimmten Zeitraum an den Kapitalisten.","",""
"content/c2/vocabulary/126-freire-paedagogik.json#words[12]","P3","C2","content/c2/vocabulary/126-freire-paedagogik.json","12","kontextualisieren","VERB","","","","","example_lexeme_presence_needs_review","Check that examples clearly demonstrate the target lexeme or an acceptable inflected form.","Đặt vào ngữ cảnh, ngữ cảnh hóa","Etwas in einen Zusammenhang bringen, um es besser verstehen oder einordnen zu können.","Historische Ereignisse müssen stets kontextualisiert werden, um ihre volle Bedeutung zu erfassen.","",""
"content/c2/vocabulary/126-freire-paedagogik.json#words[9]","P3","C2","content/c2/vocabulary/126-freire-paedagogik.json","9","emanzipatorischer Anspruch","NOMEN","MASKULIN","","die emanzipatorischen Ansprüche","","example_lexeme_presence_needs_review","Check that examples clearly demonstrate the target lexeme or an acceptable inflected form.","Yêu cầu/khát vọng giải phóng","Die Forderung oder das Ziel, Menschen aus Abhängigkeiten zu befreien und ihre Selbstbestimmung zu fördern.","Der emanzipatorische Anspruch der kritischen Pädagogik zielt auf die Befreiung von Unterdrückung ab.","",""
"content/c2/vocabulary/128-naturrecht-rechtspositivismus.json#words[16]","P3","C2","content/c2/vocabulary/128-naturrecht-rechtspositivismus.json","16","affirmieren","VERB","","","","","example_lexeme_presence_needs_review","Check that examples clearly demonstrate the target lexeme or an acceptable inflected form.","Khẳng định, xác nhận; tuyên bố hoặc xác nhận một điều gì đó là đúng hoặc có giá trị.","Etwas als wahr, richtig oder gültig bestätigen oder bejahen.","Der Rechtspositivismus affirmiert die Trennung von Recht und Moral als methodisches Postulat.","",""
"content/c2/vocabulary/129-restorative-justice.json#words[19]","P3","C2","content/c2/vocabulary/129-restorative-justice.json","19","restituieren","VERB","","","","","example_lexeme_presence_needs_review","Check that examples clearly demonstrate the target lexeme or an acceptable inflected form.","Phục hồi, trả lại hoặc đưa cái gì đó về trạng thái ban đầu, thường trong bối cảnh tài sản hoặc quyền lợi.","Etwas in den ursprünglichen Zustand zurückbringen, oft im Kontext von Eigentum oder Rechten","Die Kunstwerke, die während des Krieges entwendet wurden, sollen den rechtmäßigen Erben restituiert werden.","",""
"content/c2/vocabulary/13-geschichtswissenschaft-erinnerungskultur.json#words[16]","P3","C2","content/c2/vocabulary/13-geschichtswissenschaft-erinnerungskultur.json","16","kolportieren","VERB","","","","","example_lexeme_presence_needs_review","Check that examples clearly demonstrate the target lexeme or an acceptable inflected form.","lan truyền tin đồn, lưu hành (thường là thông tin chưa được xác minh)","Gerüchte oder Informationen in der Öffentlichkeit verbreiten.","Es wurden Gerüchte kolportiert, die die Glaubwürdigkeit des Zeugen erheblich diskreditierten.","",""
"content/c2/vocabulary/130-erhabene-sublime.json#words[15]","P3","C2","content/c2/vocabulary/130-erhabene-sublime.json","15","ästhetischer Diskurs","NOMEN","MASKULIN","","die ästhetischen Diskurse","","example_lexeme_presence_needs_review","Check that examples clearly demonstrate the target lexeme or an acceptable inflected form.","Diễn ngôn thẩm mỹ","Ein systematischer Austausch von Argumenten und Theorien über die Natur der Schönheit und Kunst.","Der ästhetische Diskurs über das Erhabene hat sich seit der Aufklärung stark gewandelt.","",""
"content/c2/vocabulary/135-geschichtsphilosophie.json#words[4]","P3","C2","content/c2/vocabulary/135-geschichtsphilosophie.json","4","Synchronie","NOMEN","FEMININ","","die Synchronien","","example_lexeme_presence_needs_review","Check that examples clearly demonstrate the target lexeme or an acceptable inflected form.","Tính đồng đại (nghiên cứu một hiện tượng tại một thời điểm cụ thể, không xét đến lịch sử phát triển của nó)","Die Betrachtung eines Phänomens zu einem einzigen, festgelegten Zeitpunkt ohne Berücksichtigung der Zeitentwicklung.","Die synchrone Betrachtung einer Gesellschaft erfasst ihren Zustand zu einem bestimmten Zeitpunkt.","",""
"content/c2/vocabulary/139-kosmologie-astrophysik.json#words[20]","P3","C2","content/c2/vocabulary/139-kosmologie-astrophysik.json","20","expandieren","VERB","","","","","example_lexeme_presence_needs_review","Check that examples clearly demonstrate the target lexeme or an acceptable inflected form.","Giãn nở","In einem bestimmten Raum oder Volumen zunehmen oder sich ausweiten.","Das Universum dehnt sich stetig aus, was bedeutet, dass der Raum zwischen Galaxien expandiert.","",""
"content/c2/vocabulary/142-informationsarchitektur.json#words[15]","P3","C2","content/c2/vocabulary/142-informationsarchitektur.json","15","begriffliches Gerüst","NOMEN","NEUTRUM","","die begrifflichen Gerüste","","example_lexeme_presence_needs_review","Check that examples clearly demonstrate the target lexeme or an acceptable inflected form.","Khung khái niệm","Ein systematisches Gefüge von Konzepten, das als theoretische Basis für die Analyse oder das Verständnis eines Themas dient.","Jede wissenschaftliche Disziplin basiert auf einem spezifischen begrifflichen Gerüst, das ihre Konzepte ordnet.","",""
"content/c2/vocabulary/142-informationsarchitektur.json#words[22]","P3","C2","content/c2/vocabulary/142-informationsarchitektur.json","22","validieren","VERB","","","","","example_lexeme_presence_needs_review","Check that examples clearly demonstrate the target lexeme or an acceptable inflected form.","Xác thực, kiểm định","Die Gültigkeit oder Richtigkeit von etwas prüfen und bestätigen.","Bevor eine Ontologie produktiv eingesetzt wird, muss sie umfassend validiert werden.","",""
"content/c2/vocabulary/144-trauma-forschung.json#words[1]","P3","C2","content/c2/vocabulary/144-trauma-forschung.json","1","transgenerationales Trauma","NOMEN","NEUTRUM","","die transgenerationalen Traumata","","example_lexeme_presence_needs_review","Check that examples clearly demonstrate the target lexeme or an acceptable inflected form.","Sang chấn xuyên thế hệ","Ein psychisches Trauma, dessen Auswirkungen über die betroffene Person hinaus auf nachfolgende Generationen übertragen werden.","Das transgenerationale Trauma beschreibt die Weitergabe traumatischer Erfahrungen über Generationen hinweg, auch ohne direkte Exposition.","",""
"content/c2/vocabulary/144-trauma-forschung.json#words[11]","P3","C2","content/c2/vocabulary/144-trauma-forschung.json","11","Bewältigungsmechanismus","NOMEN","MASKULIN","","die Bewältigungsmechanismen","","example_lexeme_presence_needs_review","Check that examples clearly demonstrate the target lexeme or an acceptable inflected form.","Cơ chế đối phó","Eine Strategie, mit der eine Person versucht, mit schwierigen Emotionen oder Stress umzugehen.","Die Entwicklung adaptiver Bewältigungsmechanismen ist entscheidend für die langfristige psychische Gesundheit nach traumatischen Erlebnissen.","",""
"content/c2/vocabulary/144-trauma-forschung.json#words[8]","P3","C2","content/c2/vocabulary/144-trauma-forschung.json","8","kollektives Gedächtnis","NOMEN","NEUTRUM","","die kollektiven Gedächtnisse","","example_lexeme_presence_needs_review","Check that examples clearly demonstrate the target lexeme or an acceptable inflected form.","Ký ức tập thể","Die Gesamtheit der geteilten Erinnerungen, Mythen und Identitätsmerkmale einer Gesellschaft oder sozialen Gruppe.","Das kollektive Gedächtnis einer Gesellschaft wird maßgeblich durch gemeinsame traumatische Erfahrungen wie Kriege oder Naturkatastrophen geprägt.","",""
"content/c2/vocabulary/145-raumtheorie-lefebvre.json#words[7]","P3","C2","content/c2/vocabulary/145-raumtheorie-lefebvre.json","7","konzipierter Raum","NOMEN","MASKULIN","","die konzipierten Räume","","example_lexeme_presence_needs_review","Check that examples clearly demonstrate the target lexeme or an acceptable inflected form.","Không gian được hình dung/khái niệm hóa; một trong ba hình thái không gian của Lefebvre, liên quan đến các khái niệm, kế hoạch và mô hình của kiến trúc sư, quy hoạch sư, nhà khoa học.","Ein Raum, der durch abstrakte Planung, theoretische Entwürfe oder Expertenmodelle definiert wird.","Der konzipierte Raum ist oft der Raum der Experten und Planer, der sich in Karten und Bauplänen manifestiert.","",""
"content/c2/vocabulary/145-raumtheorie-lefebvre.json#words[8]","P3","C2","content/c2/vocabulary/145-raumtheorie-lefebvre.json","8","wahrgenommener Raum","NOMEN","MASKULIN","","die wahrgenommenen Räume","","example_lexeme_presence_needs_review","Check that examples clearly demonstrate the target lexeme or an acceptable inflected form.","Không gian được cảm nhận; một trong ba hình thái không gian của Lefebvre, liên quan đến thực hành vật lý và trải nghiệm hàng ngày về không gian.","Ein Raum, der durch die unmittelbare körperliche Erfahrung und die täglichen Gewohnheiten der Nutzer entsteht.","Der wahrgenommene Raum ist der Raum des Alltags, in dem sich Menschen bewegen und interagieren.","",""
"content/c2/vocabulary/15-sprachphilosophie-semantik.json#words[6]","P3","C2","content/c2/vocabulary/15-sprachphilosophie-semantik.json","6","korrelieren","VERB","","","","","example_lexeme_presence_needs_review","Check that examples clearly demonstrate the target lexeme or an acceptable inflected form.","tương quan, có mối liên hệ","in einem wechselseitigen Zusammenhang stehen, sodass die Änderung eines Wertes mit der Änderung eines anderen einhergeht.","Es lässt sich empirisch nachweisen, dass die Häufigkeit bestimmter sprachlicher Muster mit spezifischen kognitiven Prozessen korreliert.","",""
"content/c2/vocabulary/18-umweltethik-ressourcengerechtigkeit.json#words[12]","P3","C2","content/c2/vocabulary/18-umweltethik-ressourcengerechtigkeit.json","12","aushöhlen","VERB","","","","","example_lexeme_presence_needs_review","Check that examples clearly demonstrate the target lexeme or an acceptable inflected form.","làm suy yếu, khoét rỗng","das Schwächen oder Zerstören von Strukturen, oft durch gezielte Einflüsse","Die fortgesetzte Deregulierung von Umweltstandards droht die Schutzmechanismen für Biodiversität in Europa schleichend auszuhöhlen.","",""
"content/c2/vocabulary/18-umweltethik-ressourcengerechtigkeit.json#words[13]","P3","C2","content/c2/vocabulary/18-umweltethik-ressourcengerechtigkeit.json","13","aufoktroyieren","VERB","","","","","example_lexeme_presence_needs_review","Check that examples clearly demonstrate the target lexeme or an acceptable inflected form.","áp đặt, cưỡng chế","das Erzwingen von etwas durch Macht oder Zwang, ohne Rücksicht auf andere","Entwicklungsparadigmen, die von außen aufoktroyiert werden, ohne die lokalen Bedürfnisse und Kulturen zu berücksichtigen, scheitern oft an mangelnder Akzeptanz und Nachhaltigkeit.","",""
"content/c2/vocabulary/18-umweltethik-ressourcengerechtigkeit.json#words[6]","P3","C2","content/c2/vocabulary/18-umweltethik-ressourcengerechtigkeit.json","6","Teleologie","NOMEN","FEMININ","","die Teleologien","","example_lexeme_presence_needs_review","Check that examples clearly demonstrate the target lexeme or an acceptable inflected form.","thuyết mục đích luận","die Lehre von der Ausrichtung von Prozessen auf ein Ziel oder eine Zukunft","Die teleologische Argumentation in der Umweltethik beurteilt Handlungen nach ihren beabsichtigten Zielen oder den daraus resultierenden Konsequenzen für die Natur.","",""
"content/c2/vocabulary/20-diplomatische-sprache-voelkerrecht.json#words[12]","P3","C2","content/c2/vocabulary/20-diplomatische-sprache-voelkerrecht.json","12","konstatieren","VERB","","","","","example_lexeme_presence_needs_review","Check that examples clearly demonstrate the target lexeme or an acceptable inflected form.","xác nhận, khẳng định, ghi nhận","eine Tatsache nach einer Beobachtung oder Prüfung sachlich feststellen","Der Bericht konstatiert eine signifikante Zunahme der Menschenrechtsverletzungen in der betroffenen Region, was internationale Besorgnis hervorruft.","",""
"content/c2/vocabulary/20-diplomatische-sprache-voelkerrecht.json#words[16]","P3","C2","content/c2/vocabulary/20-diplomatische-sprache-voelkerrecht.json","16","ratifizieren","VERB","","","","","example_lexeme_presence_needs_review","Check that examples clearly demonstrate the target lexeme or an acceptable inflected form.","phê chuẩn (hiệp ước)","einen Vertrag oder eine Vereinbarung offiziell bestätigen","Um die volle völkerrechtliche Gültigkeit zu erlangen, muss das Abkommen von den Unterzeichnerstaaten noch ratifiziert werden.","",""
"content/c2/vocabulary/24-kritische-theorie.json#words[9]","P3","C2","content/c2/vocabulary/24-kritische-theorie.json","9","Geltungsanspruch","NOMEN","MASKULIN","","die Geltungsansprüche","","example_lexeme_presence_needs_review","Check that examples clearly demonstrate the target lexeme or an acceptable inflected form.","Yêu sách giá trị (khái niệm của Habermas chỉ những yêu cầu ngầm hoặc rõ ràng về tính đúng đắn, sự thật, sự chân thành trong giao tiếp)","Die Forderung eines Sprechers, dass seine Äußerung in Bezug auf Wahrheit, Richtigkeit oder Wahrhaftigkeit akzeptiert wird.","Im kommunikativen Handeln erheben Sprecher Geltungsansprüche, die von den Zuhörern akzeptiert oder problematisiert werden können.","",""
"content/c2/vocabulary/26-soziolinguistik.json#words[18]","P3","C2","content/c2/vocabulary/26-soziolinguistik.json","18","stigmatisieren","VERB","","","","","example_lexeme_presence_needs_review","Check that examples clearly demonstrate the target lexeme or an acceptable inflected form.","Kỳ thị; đóng dấu xấu","Jemanden oder etwas als minderwertig oder negativ kennzeichnen.","Bestimmte Sprachvarietäten oder Akzente werden in der Gesellschaft oft negativ stigmatisiert, was soziale Diskriminierung zur Folge haben kann.","",""
"content/c2/vocabulary/35-lyrikanalyse-metrik.json#words[5]","P3","C2","content/c2/vocabulary/35-lyrikanalyse-metrik.json","5","lyrisches Ich","NOMEN","NEUTRUM","","die lyrischen Ichs","","example_lexeme_presence_needs_review","Check that examples clearly demonstrate the target lexeme or an acceptable inflected form.","cái tôi trữ tình","Die fiktive Stimme oder Person, die in einem Gedicht spricht.","Die Differenzierung zwischen dem Autor und dem lyrischen Ich ist eine hermeneutische Grundannahme in der modernen Lyrikanalyse.","",""
"content/c2/vocabulary/38-klassentheorie-ungleichheit.json#words[3]","P3","C2","content/c2/vocabulary/38-klassentheorie-ungleichheit.json","3","Exklusionsmechanismus","NOMEN","MASKULIN","","die Exklusionsmechanismen","","example_lexeme_presence_needs_review","Check that examples clearly demonstrate the target lexeme or an acceptable inflected form.","cơ chế loại trừ","Ein Prozess oder eine Regelung, die bestimmte Personen oder Gruppen systematisch aus einem Bereich ausschließt.","Bildungsbarrieren fungieren oft als Exklusionsmechanismen für sozial benachteiligte Gruppen.","",""
"content/c2/vocabulary/40-ordoliberalismus.json#words[17]","P3","C2","content/c2/vocabulary/40-ordoliberalismus.json","17","subventionieren","VERB","","","","","example_lexeme_presence_needs_review","Check that examples clearly demonstrate the target lexeme or an acceptable inflected form.","Trợ cấp, tài trợ","einem Unternehmen oder einem Projekt finanzielle Unterstützung durch staatliche Mittel gewähren","Um den Übergang zu erneuerbaren Energien zu beschleunigen, wurden in der Vergangenheit bestimmte Technologien stark subventioniert.","",""
"content/c2/vocabulary/40-ordoliberalismus.json#words[20]","P3","C2","content/c2/vocabulary/40-ordoliberalismus.json","20","flankieren","VERB","","","","","example_lexeme_presence_needs_review","Check that examples clearly demonstrate the target lexeme or an acceptable inflected form.","Hỗ trợ, bổ trợ (các biện pháp)","eine Hauptmaßnahme durch ergänzende Schritte unterstützen, um deren Erfolg zu sichern","Arbeitsmarktreformen müssen durch soziale Maßnahmen flankiert werden, um Härten für Arbeitnehmer abzufedern.","",""
"content/c2/vocabulary/40-ordoliberalismus.json#words[21]","P3","C2","content/c2/vocabulary/40-ordoliberalismus.json","21","allokieren","VERB","","","","","example_lexeme_presence_needs_review","Check that examples clearly demonstrate the target lexeme or an acceptable inflected form.","Phân bổ","begrenzte Ressourcen oder Mittel gezielt auf bestimmte Bereiche oder Personen verteilen","Ein effizientes Preissystem allokiert Ressourcen so, dass die Bedürfnisse der Konsumenten optimal befriedigt werden.","",""
"content/c2/vocabulary/40-ordoliberalismus.json#words[4]","P3","C2","content/c2/vocabulary/40-ordoliberalismus.json","4","Kollektivgut","NOMEN","NEUTRUM","","die Kollektivgüter","","example_lexeme_presence_needs_review","Check that examples clearly demonstrate the target lexeme or an acceptable inflected form.","Hàng hóa công cộng (Kollektivgut)","ein Gut, das von allen Mitgliedern einer Gemeinschaft gemeinsam genutzt werden kann","Die Bereitstellung von nationaler Sicherheit oder sauberer Luft sind klassische Beispiele für Kollektivgüter, die der Markt alleine nicht effizient bereitstellen kann.","",""
"content/c2/vocabulary/43-medienphilosophie.json#words[2]","P3","C2","content/c2/vocabulary/43-medienphilosophie.json","2","Ephemerum","NOMEN","NEUTRUM","","die Ephemera","","example_lexeme_presence_needs_review","Check that examples clearly demonstrate the target lexeme or an acceptable inflected form.","Thứ phù du, hiện tượng thoáng qua","Ein Gegenstand oder ein Ereignis, das nur für eine sehr kurze Zeit existiert.","Soziale Medien produzieren eine Fülle von Ephemera, die nur für kurze Zeit Aufmerksamkeit generieren.","",""
"content/c2/vocabulary/44-filmtheorie-auteur.json#words[12]","P3","C2","content/c2/vocabulary/44-filmtheorie-auteur.json","12","exemplifizieren","VERB","","","","","example_lexeme_presence_needs_review","Check that examples clearly demonstrate the target lexeme or an acceptable inflected form.","minh họa, làm ví dụ","Etwas durch ein Beispiel veranschaulichen oder belegen.","Godards „Außer Atem“ exemplifiziert die radikalen stilistischen Neuerungen der Nouvelle Vague und deren Bruch mit konventionellen Erzählformen.","",""
"content/c2/vocabulary/45-analytische-psychologie.json#words[16]","P3","C2","content/c2/vocabulary/45-analytische-psychologie.json","16","assimilieren","VERB","","","","","example_lexeme_presence_needs_review","Check that examples clearly demonstrate the target lexeme or an acceptable inflected form.","Đồng hóa, tiếp thu","Neue Informationen in bestehende geistige Strukturen aufnehmen und anpassen.","Neue Einsichten aus dem Unbewussten müssen bewusst assimiliert werden, um ihre transformierende Wirkung entfalten zu können.","",""
"content/c2/vocabulary/48-deontologie-konsequentialismus.json#words[16]","P3","C2","content/c2/vocabulary/48-deontologie-konsequentialismus.json","16","verpflichten","VERB","","","","","example_lexeme_presence_needs_review","Check that examples clearly demonstrate the target lexeme or an acceptable inflected form.","Bắt buộc; Cam kết; Đặt nghĩa vụ","jemanden in die Verantwortung nehmen, eine bestimmte Handlung auszuführen oder eine Regel zu befolgen","Der Kategorische Imperativ verpflichtet jeden vernunftbegabten Menschen zu Handlungen, die universalisierbar sind.","",""
"content/c2/vocabulary/49-tugendethik-aristoteles.json#words[17]","P3","C2","content/c2/vocabulary/49-tugendethik-aristoteles.json","17","herausbilden","VERB","","","","","example_lexeme_presence_needs_review","Check that examples clearly demonstrate the target lexeme or an acceptable inflected form.","Hình thành, phát triển, rèn luyện","etwas schrittweise entwickeln oder formen, z. B. eine Fähigkeit, ein Werkstück oder eine Persönlichkeit","Die Fähigkeit zur Empathie muss im Kindesalter gezielt herausgebildet werden, um soziale Kompetenzen zu fördern.","",""
"content/c2/vocabulary/51-ritualforschung.json#words[14]","P3","C2","content/c2/vocabulary/51-ritualforschung.json","14","signifizieren","VERB","","","","","example_lexeme_presence_needs_review","Check that examples clearly demonstrate the target lexeme or an acceptable inflected form.","Biểu thị; Mang ý nghĩa","Als Zeichen für etwas stehen oder eine bestimmte Bedeutung repräsentieren.","Jede Geste im rituellen Kontext kann eine spezifische Botschaft signifikanzieren, die von den Eingeweihten verstanden wird.","",""
"content/c2/vocabulary/52-historiographie-methodik.json#words[9]","P3","C2","content/c2/vocabulary/52-historiographie-methodik.json","9","synkron","ADJEKTIV","","","","","example_lexeme_presence_needs_review","Check that examples clearly demonstrate the target lexeme or an acceptable inflected form.","Đồng thời; Đồng đại","In einer Weise geschehend, bei der zwei oder mehr Vorgänge exakt zum selben Zeitpunkt stattfinden.","Eine synchrone Untersuchung analysiert den Zustand eines Systems oder einer Gesellschaft zu einem bestimmten Zeitpunkt, ohne dessen historische Entwicklung zu berücksichtigen.","",""
"content/c2/vocabulary/63-utilitarismus.json#words[1]","P3","C2","content/c2/vocabulary/63-utilitarismus.json","1","hedonistisches Kalkül","NOMEN","NEUTRUM","","die hedonistischen Kalküle","","example_lexeme_presence_needs_review","Check that examples clearly demonstrate the target lexeme or an acceptable inflected form.","Phép tính khoái lạc (phương pháp định lượng niềm vui và nỗi đau để xác định hành động đạo đức)","Eine Methode, um Freude und Leid zu messen und abzuwägen, um die moralisch beste Handlung zu finden.","Das Bentham'sche hedonistische Kalkül versucht, die moralische Richtigkeit einer Handlung durch die Bilanz aus Lust und Leid zu quantifizieren.","",""
"content/c2/vocabulary/64-marxismus-kapitalismuskritik.json#words[12]","P3","C2","content/c2/vocabulary/64-marxismus-kapitalismuskritik.json","12","ausbeuten","VERB","","","","","example_lexeme_presence_needs_review","Check that examples clearly demonstrate the target lexeme or an acceptable inflected form.","Bóc lột, khai thác","Die Arbeit oder Ressourcen von jemandem unfair nutzen, um eigenen Vorteil zu erzielen.","Einige Unternehmen sind bekannt dafür, ihre Mitarbeiter auszubeuten, um höhere Gewinne zu erzielen.","",""
"content/c2/vocabulary/66-generative-grammatik.json#words[5]","P3","C2","content/c2/vocabulary/66-generative-grammatik.json","5","angeborenes Wissen","NOMEN","NEUTRUM","","-","regular_rule_needs_native_signoff","example_lexeme_presence_needs_review","Check that examples clearly demonstrate the target lexeme or an acceptable inflected form.","Kiến thức bẩm sinh (kiến thức mà một cá nhân sinh ra đã có, không cần học hỏi)","Kenntnisse oder Fähigkeiten, die bereits bei der Geburt vorhanden sind und nicht erst durch Erfahrung oder Lernen erworben werden.","Chomsky argumentiert, dass ein Großteil unserer sprachlichen Fähigkeiten auf angeborenem Wissen basiert.","",""
"content/c2/vocabulary/67-kognitive-linguistik.json#words[10]","P3","C2","content/c2/vocabulary/67-kognitive-linguistik.json","10","semantisches Feld","NOMEN","NEUTRUM","","die semantischen Felder","","example_lexeme_presence_needs_review","Check that examples clearly demonstrate the target lexeme or an acceptable inflected form.","Trường ngữ nghĩa.","Eine Gruppe von Wörtern, die inhaltlich eng miteinander verbunden sind.","Wörter wie 'Stuhl', 'Tisch' und 'Sofa' gehören zum semantischen Feld 'Möbel'.","",""
"content/c2/vocabulary/67-kognitive-linguistik.json#words[3]","P3","C2","content/c2/vocabulary/67-kognitive-linguistik.json","3","mentales Modell","NOMEN","NEUTRUM","","die mentalen Modelle","","example_lexeme_presence_needs_review","Check that examples clearly demonstrate the target lexeme or an acceptable inflected form.","Mô hình tinh thần, mô hình trong tâm trí.","Eine kognitive Repräsentation der Wirklichkeit, die dazu dient, Abläufe zu verstehen oder vorherzusagen.","Jeder Mensch konstruiert mentale Modelle, um die Welt zu verstehen und Vorhersagen zu treffen.","",""
"content/c2/vocabulary/68-spracherwerbsforschung.json#words[12]","P3","C2","content/c2/vocabulary/68-spracherwerbsforschung.json","12","angeborenes Sprachmodul","NOMEN","NEUTRUM","","die angeborenen Sprachmodule","","example_lexeme_presence_needs_review","Check that examples clearly demonstrate the target lexeme or an acceptable inflected form.","Mô-đun ngôn ngữ bẩm sinh (một cơ chế nhận thức chuyên biệt giả định hoặc một phần của não chịu trách nhiệm tiếp nhận ngôn ngữ, thường liên quan đến các lý thuyết bẩm sinh)","ein biologisch vorgegebener Mechanismus im Gehirn, der für den Spracherwerb verantwortlich ist","Die Existenz eines angeborenen Sprachmoduls ist eine zentrale Annahme in nativistischen Theorien des Spracherwerbs.","",""
"content/c2/vocabulary/71-wirtschaftsstrafrecht.json#words[20]","P3","C2","content/c2/vocabulary/71-wirtschaftsstrafrecht.json","20","ahnden","VERB","","","","","example_lexeme_presence_needs_review","Check that examples clearly demonstrate the target lexeme or an acceptable inflected form.","Trừng phạt, truy tố (tội phạm)","Eine Strafe für ein Vergehen verhängen oder eine Tat bestrafen.","Straftaten müssen konsequent geahndet werden, um die Rechtsordnung aufrechtzuerhalten.","",""
"content/c2/vocabulary/74-wissenschaftliche-revolution.json#words[3]","P3","C2","content/c2/vocabulary/74-wissenschaftliche-revolution.json","3","heliozentrisches Weltbild","NOMEN","NEUTRUM","","die heliozentrischen Weltbilder","","example_lexeme_presence_needs_review","Check that examples clearly demonstrate the target lexeme or an acceptable inflected form.","Mô hình vũ trụ nhật tâm; quan điểm cho rằng Mặt Trời nằm ở trung tâm vũ trụ và các hành tinh quay quanh nó.","die astronomische Vorstellung, nach der die Sonne im Zentrum des Universums steht und die Planeten sie umkreisen","Kopernikus' Werk revolutionierte die Astronomie, indem es das heliozentrische Weltbild etablierte.","",""
"content/c2/vocabulary/75-hermeneutischer-zirkel.json#words[0]","P3","C2","content/c2/vocabulary/75-hermeneutischer-zirkel.json","0","hermeneutischer Zirkel","NOMEN","MASKULIN","","die hermeneutischen Zirkel","","example_lexeme_presence_needs_review","Check that examples clearly demonstrate the target lexeme or an acceptable inflected form.","Vòng tròn giải thích: ý tưởng rằng việc hiểu một phần của văn bản phụ thuộc vào việc hiểu toàn bộ, và ngược lại; một quá trình lặp đi lặp lại của sự hiểu biết từ bộ phận đến tổng thể và từ tổng thể đến bộ phận.","ein Kreislauf, bei dem das Verstehen von Teilen eines Textes vom Verstehen des Ganzen abhängt und umgekehrt","Der hermeneutische Zirkel beschreibt die dialektische Bewegung zwischen dem Ganzen und seinen Teilen beim Verstehen.","",""
"content/c2/vocabulary/78-dramentheorie-brecht.json#words[9]","P3","C2","content/c2/vocabulary/78-dramentheorie-brecht.json","9","paradigmatischer Bruch","NOMEN","MASKULIN","","die paradigmatischen Brüche","","example_lexeme_presence_needs_review","Check that examples clearly demonstrate the target lexeme or an acceptable inflected form.","Sự phá vỡ mô hình/chuẩn mực","eine grundlegende und tiefgreifende Änderung eines etablierten Denkmodells oder einer Systemstruktur","Brechts Konzept des Epischen Theaters stellt einen paradigmatischen Bruch mit der aristotelischen Dramaturgie dar.","",""
"content/c2/vocabulary/80-systemtheorie-luhmann.json#words[18]","P3","C2","content/c2/vocabulary/80-systemtheorie-luhmann.json","18","operieren","VERB","","","","","example_lexeme_presence_needs_review","Check that examples clearly demonstrate the target lexeme or an acceptable inflected form.","Vận hành, hoạt động (theo cách thức của một hệ thống)","In einem systemtheoretischen Kontext: die spezifischen internen Vorgänge eines Systems ausführen.","Ein System operiert autopoietisch, wenn es seine eigenen Elemente reproduziert.","",""
"content/c2/vocabulary/82-risikogesellschaft-beck.json#words[8]","P3","C2","content/c2/vocabulary/82-risikogesellschaft-beck.json","8","Kollateralschaden","NOMEN","MASKULIN","","die Kollateralschäden","","example_lexeme_presence_needs_review","Check that examples clearly demonstrate the target lexeme or an acceptable inflected form.","Thiệt hại ngoài dự kiến / Thiệt hại phụ trợ (thiệt hại hoặc tổn thất không mong muốn hoặc ngẫu nhiên, đặc biệt đối với người không tham chiến hoặc không phải mục tiêu, thường được sử dụng trong bối cảnh quân sự nhưng mở rộng sang bối cảnh xã hội hoặc công nghệ cho các hậu quả tiêu cực không mong muốn).","Ein Schaden, der unbeabsichtigt entsteht, oft bei Unbeteiligten.","Die Einführung neuer Technologien kann trotz ihrer Vorteile erhebliche Kollateralschäden für die Umwelt oder die soziale Kohäsion verursachen.","",""
"content/c2/vocabulary/85-spieltheorie-nash.json#words[7]","P3","C2","content/c2/vocabulary/85-spieltheorie-nash.json","7","Nicht-Kooperation","NOMEN","FEMININ","","die Nicht-Kooperationen","","example_lexeme_presence_needs_review","Check that examples clearly demonstrate the target lexeme or an acceptable inflected form.","Không hợp tác (tình trạng hoặc hành động không làm việc cùng nhau, thường dẫn đến việc mỗi người chơi theo đuổi lợi ích cá nhân).","Der Zustand, in dem Akteure nicht zusammenarbeiten, sondern ihre eigenen Interessen verfolgen.","Die nicht-kooperative Spieltheorie analysiert Situationen, in denen die Akteure ihre eigenen Interessen verfolgen, ohne bindende Vereinbarungen zu treffen.","",""
"content/c2/vocabulary/90-neuropsychologie.json#words[19]","P3","C2","content/c2/vocabulary/90-neuropsychologie.json","19","lateralisieren","VERB","","","","","example_lexeme_presence_needs_review","Check that examples clearly demonstrate the target lexeme or an acceptable inflected form.","Thiên về một bên, định vị ở một bên (định vị một chức năng hoặc quá trình chủ yếu ở một bên của não)","Eine Funktion oder einen Vorgang hauptsächlich in einer Gehirnhälfte ansiedeln.","Die Sprachfunktion ist beim Menschen typischerweise in der linken Hirnhälfte lateralisiert.","",""
"content/c2/vocabulary/95-posthumanismus.json#words[10]","P3","C2","content/c2/vocabulary/95-posthumanismus.json","10","Algorithmus","NOMEN","MASKULIN","","die Algorithmen","","example_lexeme_presence_needs_review","Check that examples clearly demonstrate the target lexeme or an acceptable inflected form.","Thuật toán (một quy trình hoặc tập hợp các quy tắc cần tuân theo trong các phép tính hoặc các hoạt động giải quyết vấn đề khác, đặc biệt là bởi máy tính)","Eine genaue Abfolge von Anweisungen oder Regeln, die ein Computer befolgt, um eine Aufgabe zu lösen.","Komplexe Algorithmen steuern heute autonome Systeme und personalisierte Empfehlungen.","",""
"content/c2/vocabulary/96-ueberwachungsstaat.json#words[3]","P3","C2","content/c2/vocabulary/96-ueberwachungsstaat.json","3","gläserner Bürger","NOMEN","MASKULIN","","die gläsernen Bürger","","example_lexeme_presence_needs_review","Check that examples clearly demonstrate the target lexeme or an acceptable inflected form.","Công dân trong suốt (người mà mọi thông tin cá nhân đều có thể bị truy cập và giám sát)","Bürger, deren persönliche Daten und Informationen für staatliche oder private Stellen leicht einsehbar und kontrollierbar sind.","Das Ideal des gläsernen Bürgers ist die Alptraumvision für Verfechter der Privatsphäre, da es die vollständige Transparenz des Privatlebens impliziert.","",""
"content/c2/vocabulary/98-diskursethik-habermas.json#words[14]","P3","C2","content/c2/vocabulary/98-diskursethik-habermas.json","14","einlösen","VERB","","","","","example_lexeme_presence_needs_review","Check that examples clearly demonstrate the target lexeme or an acceptable inflected form.","Thực hiện, đáp ứng (một yêu sách)","Eine Zusage oder einen Anspruch erfüllen.","Argumente dienen dazu, Geltungsansprüche im Diskurs rational einzulösen.","",""
"content/c2/vocabulary/98-diskursethik-habermas.json#words[6]","P3","C2","content/c2/vocabulary/98-diskursethik-habermas.json","6","Systemzwang","NOMEN","MASKULIN","","die Systemzwänge","","example_lexeme_presence_needs_review","Check that examples clearly demonstrate the target lexeme or an acceptable inflected form.","Ràng buộc hệ thống, áp lực hệ thống","Ein Druck oder eine Einschränkung, die von einem System ausgeht.","Ökonomische Systemzwänge können die freie diskursive Meinungsbildung behindern.","",""
