file_path,item_id,index,level,type,teil,answer,de_class_original,de_class_current,de_len,vi_len,prescreen_flags
"content/a1/reading/A1-T1-001.json","Q1","0","a1","richtig_falsch","1","richtig","translate-only","rich","111","181",""
"content/a1/reading/A1-T1-001.json","Q2","1","a1","richtig_falsch","1","falsch","translate-only","rich","145","186",""
"content/a1/reading/A1-T1-001.json","Q3","2","a1","richtig_falsch","1","falsch","translate-only","rich","118","178",""
"content/a1/reading/A1-T1-001.json","Q4","3","a1","richtig_falsch","1","richtig","translate-only","rich","105","178",""
"content/a1/reading/A1-T1-001.json","Q5","4","a1","richtig_falsch","1","falsch","translate-only","rich","135","178",""
"content/a1/reading/A1-T1-002.json","Q1","0","a1","richtig_falsch","1","falsch","translate-only","rich","98","182",""
"content/a1/reading/A1-T1-002.json","Q2","1","a1","richtig_falsch","1","richtig","translate-only","rich","84","178",""
"content/a1/reading/A1-T1-002.json","Q3","2","a1","richtig_falsch","1","falsch","translate-only","rich","91","171",""
"content/a1/reading/A1-T1-002.json","Q4","3","a1","richtig_falsch","1","richtig","translate-only","rich","92","196",""
"content/a1/reading/A1-T1-002.json","Q5","4","a1","richtig_falsch","1","falsch","translate-only","rich","96","201",""
"content/a1/reading/A1-T1-003.json","Q1","0","a1","richtig_falsch","1","falsch","translate-only","rich","97","178",""
"content/a1/reading/A1-T1-003.json","Q2","1","a1","richtig_falsch","1","richtig","translate-only","rich","99","190",""
"content/a1/reading/A1-T1-003.json","Q3","2","a1","richtig_falsch","1","falsch","translate-only","rich","141","176",""
"content/a1/reading/A1-T1-003.json","Q4","3","a1","richtig_falsch","1","richtig","translate-only","rich","109","214",""
"content/a1/reading/A1-T1-003.json","Q5","4","a1","richtig_falsch","1","falsch","translate-only","rich","78","186",""
"content/a1/reading/A1-T1-004.json","Q1","0","a1","richtig_falsch","1","falsch","translate-only","rich","100","184",""
"content/a1/reading/A1-T1-004.json","Q2","1","a1","richtig_falsch","1","richtig","translate-only","rich","111","226",""
"content/a1/reading/A1-T1-004.json","Q3","2","a1","richtig_falsch","1","falsch","translate-only","rich","95","181",""
"content/a1/reading/A1-T1-004.json","Q4","3","a1","richtig_falsch","1","falsch","translate-only","rich","107","200",""
"content/a1/reading/A1-T1-004.json","Q5","4","a1","richtig_falsch","1","richtig","translate-only","rich","88","179",""
"content/a1/reading/A1-T1-005.json","Q1","0","a1","richtig_falsch","1","falsch","translate-only","rich","100","186",""
"content/a1/reading/A1-T1-005.json","Q2","1","a1","richtig_falsch","1","richtig","translate-only","rich","74","193",""
"content/a1/reading/A1-T1-005.json","Q3","2","a1","richtig_falsch","1","falsch","translate-only","rich","109","162",""
"content/a1/reading/A1-T1-005.json","Q4","3","a1","richtig_falsch","1","richtig","translate-only","rich","66","168",""
"content/a1/reading/A1-T1-005.json","Q5","4","a1","richtig_falsch","1","falsch","translate-only","rich","113","167",""
"content/a1/reading/A1-T1-006.json","Q1","0","a1","richtig_falsch","1","falsch","translate-only","rich","101","193",""
"content/a1/reading/A1-T1-006.json","Q2","1","a1","richtig_falsch","1","richtig","translate-only","rich","79","190",""
"content/a1/reading/A1-T1-006.json","Q3","2","a1","richtig_falsch","1","falsch","translate-only","rich","104","165",""
"content/a1/reading/A1-T1-006.json","Q4","3","a1","richtig_falsch","1","richtig","translate-only","rich","57","159",""
"content/a1/reading/A1-T1-006.json","Q5","4","a1","richtig_falsch","1","falsch","translate-only","rich","89","188",""
"content/a1/reading/A1-T1-007.json","Q1","0","a1","richtig_falsch","1","falsch","translate-only","rich","112","162",""
"content/a1/reading/A1-T1-007.json","Q2","1","a1","richtig_falsch","1","richtig","translate-only","rich","49","189",""
"content/a1/reading/A1-T1-007.json","Q3","2","a1","richtig_falsch","1","falsch","translate-only","rich","90","180",""
"content/a1/reading/A1-T1-007.json","Q4","3","a1","richtig_falsch","1","richtig","translate-only","rich","45","180",""
"content/a1/reading/A1-T1-007.json","Q5","4","a1","richtig_falsch","1","falsch","translate-only","rich","120","183",""
"content/a1/reading/A1-T1-008.json","Q1","0","a1","richtig_falsch","1","falsch","translate-only","rich","92","194",""
"content/a1/reading/A1-T1-008.json","Q2","1","a1","richtig_falsch","1","richtig","translate-only","rich","57","191",""
"content/a1/reading/A1-T1-008.json","Q3","2","a1","richtig_falsch","1","falsch","translate-only","rich","124","179",""
"content/a1/reading/A1-T1-008.json","Q4","3","a1","richtig_falsch","1","richtig","translate-only","rich","53","191",""
"content/a1/reading/A1-T1-008.json","Q5","4","a1","richtig_falsch","1","falsch","translate-only","rich","114","181",""
"content/a1/reading/A1-T1-009.json","Q1","0","a1","richtig_falsch","1","falsch","translate-only","rich","101","178",""
"content/a1/reading/A1-T1-009.json","Q2","1","a1","richtig_falsch","1","richtig","translate-only","rich","94","212",""
"content/a1/reading/A1-T1-009.json","Q3","2","a1","richtig_falsch","1","falsch","translate-only","rich","121","176",""
"content/a1/reading/A1-T1-009.json","Q4","3","a1","richtig_falsch","1","richtig","translate-only","rich","59","198",""
"content/a1/reading/A1-T1-009.json","Q5","4","a1","richtig_falsch","1","falsch","translate-only","rich","99","164",""
"content/a1/reading/A1-T1-010.json","Q1","0","a1","richtig_falsch","1","falsch","translate-only","rich","100","165",""
"content/a1/reading/A1-T1-010.json","Q2","1","a1","richtig_falsch","1","richtig","translate-only","rich","40","173",""
"content/a1/reading/A1-T1-010.json","Q3","2","a1","richtig_falsch","1","falsch","translate-only","rich","120","185",""
"content/a1/reading/A1-T1-010.json","Q4","3","a1","richtig_falsch","1","richtig","translate-only","rich","62","187",""
"content/a1/reading/A1-T1-010.json","Q5","4","a1","richtig_falsch","1","falsch","translate-only","rich","69","164",""
"content/a1/reading/A1-T2-001.json","Q6","0","a1","matching_ab","2","A","rewritten","rich","81","214",""
"content/a1/reading/A1-T2-001.json","Q7","1","a1","matching_ab","2","B","rewritten","rich","128","229",""
"content/a1/reading/A1-T2-001.json","Q8","2","a1","matching_ab","2","A","rewritten","rich","134","258",""
"content/a1/reading/A1-T2-001.json","Q9","3","a1","matching_ab","2","B","rewritten","rich","128","251",""
"content/a1/reading/A1-T2-001.json","Q10","4","a1","matching_ab","2","A","rewritten","rich","125","224",""
"content/a1/reading/A1-T2-002.json","Q6","0","a1","matching_ab","2","B","rewritten","rich","108","235",""
"content/a1/reading/A1-T2-002.json","Q7","1","a1","matching_ab","2","A","rewritten","rich","102","212",""
"content/a1/reading/A1-T2-002.json","Q8","2","a1","matching_ab","2","B","rewritten","rich","148","280",""
"content/a1/reading/A1-T2-002.json","Q9","3","a1","matching_ab","2","A","rewritten","rich","152","305",""
"content/a1/reading/A1-T2-002.json","Q10","4","a1","matching_ab","2","B","rewritten","rich","182","293",""
"content/a1/reading/A1-T2-003.json","Q6","0","a1","matching_ab","2","B","rewritten","rich","74","187",""
"content/a1/reading/A1-T2-003.json","Q7","1","a1","matching_ab","2","A","rewritten","rich","87","196",""
"content/a1/reading/A1-T2-003.json","Q8","2","a1","matching_ab","2","B","rewritten","rich","74","199",""
"content/a1/reading/A1-T2-003.json","Q9","3","a1","matching_ab","2","A","rewritten","rich","87","191",""
"content/a1/reading/A1-T2-003.json","Q10","4","a1","matching_ab","2","B","rewritten","rich","140","269",""
"content/a1/reading/A1-T2-004.json","Q6","0","a1","matching_ab","2","A","rewritten","rich","80","196",""
"content/a1/reading/A1-T2-004.json","Q7","1","a1","matching_ab","2","B","rewritten","rich","177","292",""
"content/a1/reading/A1-T2-004.json","Q8","2","a1","matching_ab","2","B","rewritten","rich","158","280",""
"content/a1/reading/A1-T2-004.json","Q9","3","a1","matching_ab","2","A","rewritten","rich","184","305",""
"content/a1/reading/A1-T2-004.json","Q10","4","a1","matching_ab","2","B","rewritten","rich","84","201",""
"content/a1/reading/A1-T2-005.json","Q6","0","a1","matching_ab","2","B","rewritten","rich","77","185",""
"content/a1/reading/A1-T2-005.json","Q7","1","a1","matching_ab","2","A","rewritten","rich","77","215",""
"content/a1/reading/A1-T2-005.json","Q8","2","a1","matching_ab","2","B","rewritten","rich","106","221",""
"content/a1/reading/A1-T2-005.json","Q9","3","a1","matching_ab","2","A","rewritten","rich","77","204",""
"content/a1/reading/A1-T2-005.json","Q10","4","a1","matching_ab","2","B","rewritten","rich","77","199",""
"content/a1/reading/A1-T2-006.json","Q6","0","a1","matching_ab","2","A","rewritten","rich","186","291",""
"content/a1/reading/A1-T2-006.json","Q7","1","a1","matching_ab","2","B","rewritten","rich","132","248",""
"content/a1/reading/A1-T2-006.json","Q8","2","a1","matching_ab","2","B","rewritten","rich","88","225",""
"content/a1/reading/A1-T2-006.json","Q9","3","a1","matching_ab","2","A","rewritten","rich","147","258",""
"content/a1/reading/A1-T2-006.json","Q10","4","a1","matching_ab","2","B","rewritten","rich","145","270",""
"content/a1/reading/A1-T2-007.json","Q6","0","a1","matching_ab","2","A","rewritten","rich","111","236",""
"content/a1/reading/A1-T2-007.json","Q7","1","a1","matching_ab","2","A","rewritten","rich","78","203",""
"content/a1/reading/A1-T2-007.json","Q8","2","a1","matching_ab","2","B","rewritten","rich","105","221",""
"content/a1/reading/A1-T2-007.json","Q9","3","a1","matching_ab","2","A","rewritten","rich","128","260",""
"content/a1/reading/A1-T2-007.json","Q10","4","a1","matching_ab","2","B","rewritten","rich","105","230",""
"content/a1/reading/A1-T2-008.json","Q6","0","a1","matching_ab","2","A","rewritten","rich","69","186",""
"content/a1/reading/A1-T2-008.json","Q7","1","a1","matching_ab","2","B","rewritten","rich","146","270",""
"content/a1/reading/A1-T2-008.json","Q8","2","a1","matching_ab","2","A","rewritten","rich","126","241",""
"content/a1/reading/A1-T2-008.json","Q9","3","a1","matching_ab","2","B","rewritten","rich","80","195",""
"content/a1/reading/A1-T2-008.json","Q10","4","a1","matching_ab","2","A","rewritten","rich","69","179",""
"content/a1/reading/A1-T2-009.json","Q6","0","a1","matching_ab","2","B","rewritten","rich","107","233",""
"content/a1/reading/A1-T2-009.json","Q7","1","a1","matching_ab","2","A","rewritten","rich","143","271",""
"content/a1/reading/A1-T2-009.json","Q8","2","a1","matching_ab","2","B","rewritten","rich","107","232",""
"content/a1/reading/A1-T2-009.json","Q9","3","a1","matching_ab","2","A","rewritten","rich","143","244",""
"content/a1/reading/A1-T2-009.json","Q10","4","a1","matching_ab","2","B","rewritten","rich","137","242",""
"content/a1/reading/A1-T2-010.json","Q6","0","a1","matching_ab","2","A","rewritten","rich","137","255",""
"content/a1/reading/A1-T2-010.json","Q7","1","a1","matching_ab","2","B","rewritten","rich","139","236",""
"content/a1/reading/A1-T2-010.json","Q8","2","a1","matching_ab","2","A","rewritten","rich","152","285",""
"content/a1/reading/A1-T2-010.json","Q9","3","a1","matching_ab","2","B","rewritten","rich","139","240",""
"content/a1/reading/A1-T2-010.json","Q10","4","a1","matching_ab","2","A","rewritten","rich","125","248",""
"content/a1/reading/A1-T3-001.json","Q11","0","a1","richtig_falsch","3","falsch","translate-only","rich","87","176",""
"content/a1/reading/A1-T3-001.json","Q12","1","a1","richtig_falsch","3","richtig","translate-only","rich","50","189",""
"content/a1/reading/A1-T3-001.json","Q13","2","a1","richtig_falsch","3","falsch","translate-only","rich","101","202",""
"content/a1/reading/A1-T3-001.json","Q14","3","a1","richtig_falsch","3","richtig","translate-only","rich","84","177",""
"content/a1/reading/A1-T3-001.json","Q15","4","a1","richtig_falsch","3","falsch","translate-only","rich","109","182",""
"content/a1/reading/A1-T3-002.json","Q11","0","a1","richtig_falsch","3","falsch","translate-only","rich","89","202",""
"content/a1/reading/A1-T3-002.json","Q12","1","a1","richtig_falsch","3","richtig","translate-only","rich","63","184",""
"content/a1/reading/A1-T3-002.json","Q13","2","a1","richtig_falsch","3","falsch","translate-only","rich","106","181",""
"content/a1/reading/A1-T3-002.json","Q14","3","a1","richtig_falsch","3","richtig","translate-only","rich","50","182",""
"content/a1/reading/A1-T3-002.json","Q15","4","a1","richtig_falsch","3","falsch","translate-only","rich","84","200",""
"content/a1/reading/A1-T3-003.json","Q11","0","a1","richtig_falsch","3","falsch","translate-only","rich","97","182",""
"content/a1/reading/A1-T3-003.json","Q12","1","a1","richtig_falsch","3","richtig","translate-only","rich","65","197",""
"content/a1/reading/A1-T3-003.json","Q13","2","a1","richtig_falsch","3","falsch","translate-only","rich","97","215",""
"content/a1/reading/A1-T3-003.json","Q14","3","a1","richtig_falsch","3","richtig","translate-only","rich","95","196",""
"content/a1/reading/A1-T3-003.json","Q15","4","a1","richtig_falsch","3","falsch","translate-only","rich","104","177",""
"content/a1/reading/A1-T3-004.json","Q11","0","a1","richtig_falsch","3","falsch","translate-only","rich","50","185",""
"content/a1/reading/A1-T3-004.json","Q12","1","a1","richtig_falsch","3","richtig","translate-only","rich","41","182",""
"content/a1/reading/A1-T3-004.json","Q13","2","a1","richtig_falsch","3","falsch","translate-only","rich","51","178",""
"content/a1/reading/A1-T3-004.json","Q14","3","a1","richtig_falsch","3","richtig","translate-only","rich","56","217",""
"content/a1/reading/A1-T3-004.json","Q15","4","a1","richtig_falsch","3","falsch","translate-only","rich","79","211",""
"content/a1/reading/A1-T3-005.json","Q11","0","a1","richtig_falsch","3","falsch","translate-only","rich","83","191",""
"content/a1/reading/A1-T3-005.json","Q12","1","a1","richtig_falsch","3","richtig","translate-only","rich","82","168",""
"content/a1/reading/A1-T3-005.json","Q13","2","a1","richtig_falsch","3","falsch","translate-only","rich","93","168",""
"content/a1/reading/A1-T3-005.json","Q14","3","a1","richtig_falsch","3","richtig","translate-only","rich","89","179",""
"content/a1/reading/A1-T3-005.json","Q15","4","a1","richtig_falsch","3","falsch","translate-only","rich","94","211",""
"content/a1/reading/A1-T3-006.json","Q11","0","a1","richtig_falsch","3","falsch","translate-only","rich","80","164",""
"content/a1/reading/A1-T3-006.json","Q12","1","a1","richtig_falsch","3","richtig","translate-only","rich","83","177",""
"content/a1/reading/A1-T3-006.json","Q13","2","a1","richtig_falsch","3","falsch","translate-only","rich","98","186",""
"content/a1/reading/A1-T3-006.json","Q14","3","a1","richtig_falsch","3","richtig","translate-only","rich","51","185",""
"content/a1/reading/A1-T3-006.json","Q15","4","a1","richtig_falsch","3","falsch","translate-only","rich","110","193",""
"content/a1/reading/A1-T3-007.json","Q11","0","a1","richtig_falsch","3","falsch","translate-only","rich","74","167",""
"content/a1/reading/A1-T3-007.json","Q12","1","a1","richtig_falsch","3","richtig","translate-only","rich","50","183",""
"content/a1/reading/A1-T3-007.json","Q13","2","a1","richtig_falsch","3","falsch","translate-only","rich","104","186",""
"content/a1/reading/A1-T3-007.json","Q14","3","a1","richtig_falsch","3","falsch","translate-only","rich","67","197",""
"content/a1/reading/A1-T3-007.json","Q15","4","a1","richtig_falsch","3","richtig","translate-only","rich","73","219",""
"content/a1/reading/A1-T3-008.json","Q11","0","a1","richtig_falsch","3","richtig","translate-only","rich","56","189",""
"content/a1/reading/A1-T3-008.json","Q12","1","a1","richtig_falsch","3","falsch","translate-only","rich","81","177",""
"content/a1/reading/A1-T3-008.json","Q13","2","a1","richtig_falsch","3","falsch","translate-only","rich","79","216",""
"content/a1/reading/A1-T3-008.json","Q14","3","a1","richtig_falsch","3","richtig","translate-only","rich","53","193",""
"content/a1/reading/A1-T3-008.json","Q15","4","a1","richtig_falsch","3","falsch","translate-only","rich","63","206",""
"content/a1/reading/A1-T3-009.json","Q11","0","a1","richtig_falsch","3","falsch","translate-only","rich","74","176",""
"content/a1/reading/A1-T3-009.json","Q12","1","a1","richtig_falsch","3","richtig","translate-only","rich","54","192",""
"content/a1/reading/A1-T3-009.json","Q13","2","a1","richtig_falsch","3","falsch","translate-only","rich","98","192",""
"content/a1/reading/A1-T3-009.json","Q14","3","a1","richtig_falsch","3","richtig","translate-only","rich","84","189",""
"content/a1/reading/A1-T3-009.json","Q15","4","a1","richtig_falsch","3","falsch","translate-only","rich","78","171",""
"content/a1/reading/A1-T3-010.json","Q11","0","a1","richtig_falsch","3","falsch","translate-only","rich","63","165",""
"content/a1/reading/A1-T3-010.json","Q12","1","a1","richtig_falsch","3","richtig","translate-only","rich","88","180",""
"content/a1/reading/A1-T3-010.json","Q13","2","a1","richtig_falsch","3","falsch","translate-only","rich","67","162",""
"content/a1/reading/A1-T3-010.json","Q14","3","a1","richtig_falsch","3","richtig","translate-only","rich","88","199",""
"content/a1/reading/A1-T3-010.json","Q15","4","a1","richtig_falsch","3","falsch","translate-only","rich","89","169",""
"content/a2/reading/A2-T1-001.json","Q1","0","a2","multiple_choice","1","b","translate-only","rich","77","254",""
"content/a2/reading/A2-T1-001.json","Q2","1","a2","multiple_choice","1","b","translate-only","rich","102","249",""
"content/a2/reading/A2-T1-001.json","Q3","2","a2","multiple_choice","1","b","translate-only","rich","110","215",""
"content/a2/reading/A2-T1-001.json","Q4","3","a2","multiple_choice","1","b","translate-only","rich","67","226",""
"content/a2/reading/A2-T1-001.json","Q5","4","a2","multiple_choice","1","c","translate-only","rich","73","211",""
"content/a2/reading/A2-T1-002.json","Q1","0","a2","multiple_choice","1","b","translate-only","rich","102","179",""
"content/a2/reading/A2-T1-002.json","Q2","1","a2","multiple_choice","1","b","translate-only","rich","94","274",""
"content/a2/reading/A2-T1-002.json","Q3","2","a2","multiple_choice","1","c","translate-only","rich","90","265",""
"content/a2/reading/A2-T1-002.json","Q4","3","a2","multiple_choice","1","b","translate-only","rich","109","260",""
"content/a2/reading/A2-T1-002.json","Q5","4","a2","multiple_choice","1","b","translate-only","rich","54","199",""
"content/a2/reading/A2-T1-003.json","Q1","0","a2","multiple_choice","1","b","translate-only","rich","67","217",""
"content/a2/reading/A2-T1-003.json","Q2","1","a2","multiple_choice","1","b","translate-only","rich","81","205",""
"content/a2/reading/A2-T1-003.json","Q3","2","a2","multiple_choice","1","b","translate-only","rich","73","267",""
"content/a2/reading/A2-T1-003.json","Q4","3","a2","multiple_choice","1","b","translate-only","rich","57","191",""
"content/a2/reading/A2-T1-003.json","Q5","4","a2","multiple_choice","1","b","translate-only","rich","92","244",""
"content/a2/reading/A2-T1-004.json","Q1","0","a2","multiple_choice","1","b","translate-only","rich","72","222",""
"content/a2/reading/A2-T1-004.json","Q2","1","a2","multiple_choice","1","b","translate-only","rich","73","255",""
"content/a2/reading/A2-T1-004.json","Q3","2","a2","multiple_choice","1","b","translate-only","rich","67","200",""
"content/a2/reading/A2-T1-004.json","Q4","3","a2","multiple_choice","1","b","translate-only","rich","59","220",""
"content/a2/reading/A2-T1-004.json","Q5","4","a2","multiple_choice","1","b","translate-only","rich","48","179",""
"content/a2/reading/A2-T1-005.json","Q1","0","a2","multiple_choice","1","b","translate-only","rich","64","216",""
"content/a2/reading/A2-T1-005.json","Q2","1","a2","multiple_choice","1","b","translate-only","rich","92","201",""
"content/a2/reading/A2-T1-005.json","Q3","2","a2","multiple_choice","1","b","translate-only","rich","74","216",""
"content/a2/reading/A2-T1-005.json","Q4","3","a2","multiple_choice","1","b","translate-only","rich","71","205",""
"content/a2/reading/A2-T1-005.json","Q5","4","a2","multiple_choice","1","b","translate-only","rich","77","244",""
"content/a2/reading/A2-T1-006.json","Q1","0","a2","multiple_choice","1","c","translate-only","rich","70","227",""
"content/a2/reading/A2-T1-006.json","Q2","1","a2","multiple_choice","1","b","translate-only","rich","71","184",""
"content/a2/reading/A2-T1-006.json","Q3","2","a2","multiple_choice","1","b","translate-only","rich","57","203",""
"content/a2/reading/A2-T1-006.json","Q4","3","a2","multiple_choice","1","a","translate-only","rich","121","207",""
"content/a2/reading/A2-T1-006.json","Q5","4","a2","multiple_choice","1","b","translate-only","rich","115","250",""
"content/a2/reading/A2-T1-007.json","Q1","0","a2","multiple_choice","1","b","translate-only","rich","77","211",""
"content/a2/reading/A2-T1-007.json","Q2","1","a2","multiple_choice","1","b","translate-only","rich","80","219",""
"content/a2/reading/A2-T1-007.json","Q3","2","a2","multiple_choice","1","b","translate-only","rich","78","215",""
"content/a2/reading/A2-T1-007.json","Q4","3","a2","multiple_choice","1","b","translate-only","rich","86","211",""
"content/a2/reading/A2-T1-007.json","Q5","4","a2","multiple_choice","1","b","translate-only","rich","95","227",""
"content/a2/reading/A2-T1-008.json","Q1","0","a2","multiple_choice","1","b","translate-only","rich","86","252",""
"content/a2/reading/A2-T1-008.json","Q2","1","a2","multiple_choice","1","b","translate-only","rich","113","172",""
"content/a2/reading/A2-T1-008.json","Q3","2","a2","multiple_choice","1","b","translate-only","rich","53","179",""
"content/a2/reading/A2-T1-008.json","Q4","3","a2","multiple_choice","1","b","translate-only","rich","77","219",""
"content/a2/reading/A2-T1-008.json","Q5","4","a2","multiple_choice","1","b","translate-only","rich","71","194",""
"content/a2/reading/A2-T1-009.json","Q1","0","a2","multiple_choice","1","b","translate-only","rich","93","182",""
"content/a2/reading/A2-T1-009.json","Q2","1","a2","multiple_choice","1","b","translate-only","rich","76","194",""
"content/a2/reading/A2-T1-009.json","Q3","2","a2","multiple_choice","1","b","translate-only","rich","99","268",""
"content/a2/reading/A2-T1-009.json","Q4","3","a2","multiple_choice","1","b","translate-only","rich","89","240",""
"content/a2/reading/A2-T1-009.json","Q5","4","a2","multiple_choice","1","b","translate-only","rich","108","264",""
"content/a2/reading/A2-T1-010.json","Q1","0","a2","multiple_choice","1","b","translate-only","rich","75","186",""
"content/a2/reading/A2-T1-010.json","Q2","1","a2","multiple_choice","1","c","translate-only","rich","58","227",""
"content/a2/reading/A2-T1-010.json","Q3","2","a2","multiple_choice","1","b","translate-only","rich","76","233",""
"content/a2/reading/A2-T1-010.json","Q4","3","a2","multiple_choice","1","b","translate-only","rich","63","194",""
"content/a2/reading/A2-T1-010.json","Q5","4","a2","multiple_choice","1","b","translate-only","rich","110","226",""
"content/a2/reading/A2-T2-001.json","Q1","0","a2","multiple_choice","2","b","translate-only","rich","37","211","de_low_evidence_overlap"
"content/a2/reading/A2-T2-001.json","Q2","1","a2","multiple_choice","2","c","translate-only","rich","69","244",""
"content/a2/reading/A2-T2-001.json","Q3","2","a2","multiple_choice","2","c","translate-only","rich","69","209",""
"content/a2/reading/A2-T2-001.json","Q4","3","a2","multiple_choice","2","c","translate-only","rich","59","226",""
"content/a2/reading/A2-T2-001.json","Q5","4","a2","multiple_choice","2","b","translate-only","rich","46","219",""
"content/a2/reading/A2-T2-002.json","Q1","0","a2","multiple_choice","2","b","translate-only","rich","39","232","de_low_evidence_overlap"
"content/a2/reading/A2-T2-002.json","Q2","1","a2","multiple_choice","2","b","translate-only","rich","31","235","de_low_evidence_overlap"
"content/a2/reading/A2-T2-002.json","Q3","2","a2","multiple_choice","2","b","translate-only","rich","46","226",""
"content/a2/reading/A2-T2-002.json","Q4","3","a2","multiple_choice","2","b","translate-only","rich","64","239",""
"content/a2/reading/A2-T2-002.json","Q5","4","a2","multiple_choice","2","c","translate-only","rich","34","224",""
"content/a2/reading/A2-T2-003.json","Q1","0","a2","multiple_choice","2","c","translate-only","rich","40","202","de_low_evidence_overlap"
"content/a2/reading/A2-T2-003.json","Q2","1","a2","multiple_choice","2","b","translate-only","rich","46","199",""
"content/a2/reading/A2-T2-003.json","Q3","2","a2","multiple_choice","2","c","translate-only","rich","21","220","de_low_evidence_overlap|de_len_anomaly"
"content/a2/reading/A2-T2-003.json","Q4","3","a2","multiple_choice","2","b","translate-only","rich","42","221","de_low_evidence_overlap"
"content/a2/reading/A2-T2-003.json","Q5","4","a2","multiple_choice","2","c","translate-only","rich","50","230","de_low_evidence_overlap"
"content/a2/reading/A2-T2-004.json","Q1","0","a2","multiple_choice","2","b","translate-only","rich","30","249","de_low_evidence_overlap"
"content/a2/reading/A2-T2-004.json","Q2","1","a2","multiple_choice","2","b","translate-only","rich","28","226","de_low_evidence_overlap"
"content/a2/reading/A2-T2-004.json","Q3","2","a2","multiple_choice","2","b","translate-only","rich","37","197",""
"content/a2/reading/A2-T2-004.json","Q4","3","a2","multiple_choice","2","b","translate-only","rich","56","230",""
"content/a2/reading/A2-T2-004.json","Q5","4","a2","multiple_choice","2","b","translate-only","rich","47","221",""
"content/a2/reading/A2-T2-005.json","Q1","0","a2","multiple_choice","2","b","translate-only","rich","57","231",""
"content/a2/reading/A2-T2-005.json","Q2","1","a2","multiple_choice","2","b","translate-only","rich","40","198",""
"content/a2/reading/A2-T2-005.json","Q3","2","a2","multiple_choice","2","b","translate-only","rich","32","214",""
"content/a2/reading/A2-T2-005.json","Q4","3","a2","multiple_choice","2","c","translate-only","rich","58","244",""
"content/a2/reading/A2-T2-005.json","Q5","4","a2","multiple_choice","2","c","translate-only","rich","68","236",""
"content/a2/reading/A2-T2-006.json","Q1","0","a2","multiple_choice","2","b","translate-only","rich","55","203",""
"content/a2/reading/A2-T2-006.json","Q2","1","a2","multiple_choice","2","c","translate-only","rich","46","199",""
"content/a2/reading/A2-T2-006.json","Q3","2","a2","multiple_choice","2","b","translate-only","rich","60","230",""
"content/a2/reading/A2-T2-006.json","Q4","3","a2","multiple_choice","2","c","translate-only","rich","24","194",""
"content/a2/reading/A2-T2-006.json","Q5","4","a2","multiple_choice","2","b","translate-only","rich","44","210",""
"content/a2/reading/A2-T2-007.json","Q1","0","a2","multiple_choice","2","b","translate-only","rich","54","236",""
"content/a2/reading/A2-T2-007.json","Q2","1","a2","multiple_choice","2","b","translate-only","rich","49","219",""
"content/a2/reading/A2-T2-007.json","Q3","2","a2","multiple_choice","2","b","translate-only","rich","42","221","de_low_evidence_overlap"
"content/a2/reading/A2-T2-007.json","Q4","3","a2","multiple_choice","2","b","translate-only","rich","67","209",""
"content/a2/reading/A2-T2-007.json","Q5","4","a2","multiple_choice","2","b","translate-only","rich","35","187",""
"content/a2/reading/A2-T2-008.json","Q1","0","a2","multiple_choice","2","b","translate-only","rich","37","202",""
"content/a2/reading/A2-T2-008.json","Q2","1","a2","multiple_choice","2","b","translate-only","rich","38","212",""
"content/a2/reading/A2-T2-008.json","Q3","2","a2","multiple_choice","2","c","translate-only","rich","74","256",""
"content/a2/reading/A2-T2-008.json","Q4","3","a2","multiple_choice","2","a","translate-only","rich","47","199",""
"content/a2/reading/A2-T2-008.json","Q5","4","a2","multiple_choice","2","b","translate-only","rich","50","198",""
"content/a2/reading/A2-T2-009.json","Q1","0","a2","multiple_choice","2","b","translate-only","rich","36","235","de_low_evidence_overlap"
"content/a2/reading/A2-T2-009.json","Q2","1","a2","multiple_choice","2","b","translate-only","rich","46","224",""
"content/a2/reading/A2-T2-009.json","Q3","2","a2","multiple_choice","2","c","translate-only","rich","54","230",""
"content/a2/reading/A2-T2-009.json","Q4","3","a2","multiple_choice","2","c","translate-only","rich","52","216",""
"content/a2/reading/A2-T2-009.json","Q5","4","a2","multiple_choice","2","b","translate-only","rich","51","244","de_low_evidence_overlap"
"content/a2/reading/A2-T2-010.json","Q1","0","a2","multiple_choice","2","c","translate-only","rich","39","201",""
"content/a2/reading/A2-T2-010.json","Q2","1","a2","multiple_choice","2","b","translate-only","rich","60","200",""
"content/a2/reading/A2-T2-010.json","Q3","2","a2","multiple_choice","2","c","translate-only","rich","22","199","de_len_anomaly"
"content/a2/reading/A2-T2-010.json","Q4","3","a2","multiple_choice","2","b","translate-only","rich","66","208",""
"content/a2/reading/A2-T2-010.json","Q5","4","a2","multiple_choice","2","b","translate-only","rich","58","250",""
"content/a2/reading/A2-T3-001.json","Q1","0","a2","matching","3","D","translate-only","rich","87","230","de_low_evidence_overlap"
"content/a2/reading/A2-T3-001.json","Q2","1","a2","matching","3","E","translate-only","rich","78","233",""
"content/a2/reading/A2-T3-001.json","Q3","2","a2","matching","3","C","translate-only","rich","72","238",""
"content/a2/reading/A2-T3-001.json","Q4","3","a2","matching","3","F","translate-only","rich","83","243",""
"content/a2/reading/A2-T3-001.json","Q5","4","a2","matching","3","A","translate-only","rich","80","274","de_low_evidence_overlap"
"content/a2/reading/A2-T3-002.json","Q1","0","a2","matching","3","C","translate-only","rich","58","239",""
"content/a2/reading/A2-T3-002.json","Q2","1","a2","matching","3","B","translate-only","rich","56","239",""
"content/a2/reading/A2-T3-002.json","Q3","2","a2","matching","3","E","translate-only","rich","51","230",""
"content/a2/reading/A2-T3-002.json","Q4","3","a2","matching","3","A","translate-only","rich","70","279","de_low_evidence_overlap"
"content/a2/reading/A2-T3-002.json","Q5","4","a2","matching","3","F","translate-only","rich","69","300",""
"content/a2/reading/A2-T3-003.json","Q1","0","a2","matching","3","C","translate-only","rich","75","224",""
"content/a2/reading/A2-T3-003.json","Q2","1","a2","matching","3","B","translate-only","rich","55","240","de_low_evidence_overlap"
"content/a2/reading/A2-T3-003.json","Q3","2","a2","matching","3","E","translate-only","rich","89","252",""
"content/a2/reading/A2-T3-003.json","Q4","3","a2","matching","3","D","translate-only","rich","59","292",""
"content/a2/reading/A2-T3-003.json","Q5","4","a2","matching","3","F","translate-only","rich","75","254",""
"content/a2/reading/A2-T3-004.json","Q1","0","a2","matching","3","B","translate-only","rich","68","228",""
"content/a2/reading/A2-T3-004.json","Q2","1","a2","matching","3","D","translate-only","rich","70","230",""
"content/a2/reading/A2-T3-004.json","Q3","2","a2","matching","3","C","translate-only","rich","66","267",""
"content/a2/reading/A2-T3-004.json","Q4","3","a2","matching","3","E","translate-only","rich","72","258",""
"content/a2/reading/A2-T3-004.json","Q5","4","a2","matching","3","A","translate-only","rich","71","269",""
"content/a2/reading/A2-T3-005.json","Q1","0","a2","matching","3","B","translate-only","rich","77","249",""
"content/a2/reading/A2-T3-005.json","Q2","1","a2","matching","3","E","translate-only","rich","56","240",""
"content/a2/reading/A2-T3-005.json","Q3","2","a2","matching","3","C","translate-only","rich","71","224",""
"content/a2/reading/A2-T3-005.json","Q4","3","a2","matching","3","F","translate-only","rich","57","252",""
"content/a2/reading/A2-T3-005.json","Q5","4","a2","matching","3","D","translate-only","rich","74","247",""
"content/a2/reading/A2-T3-006.json","Q1","0","a2","matching","3","C","translate-only","rich","56","257","de_low_evidence_overlap"
"content/a2/reading/A2-T3-006.json","Q2","1","a2","matching","3","B","translate-only","rich","56","258","de_low_evidence_overlap"
"content/a2/reading/A2-T3-006.json","Q3","2","a2","matching","3","F","translate-only","rich","58","259","de_low_evidence_overlap"
"content/a2/reading/A2-T3-006.json","Q4","3","a2","matching","3","D","translate-only","rich","81","266",""
"content/a2/reading/A2-T3-006.json","Q5","4","a2","matching","3","A","translate-only","rich","71","227",""
"content/a2/reading/A2-T3-007.json","Q1","0","a2","matching","3","D","translate-only","rich","68","280",""
"content/a2/reading/A2-T3-007.json","Q2","1","a2","matching","3","A","translate-only","rich","78","284",""
"content/a2/reading/A2-T3-007.json","Q3","2","a2","matching","3","C","translate-only","rich","69","251",""
"content/a2/reading/A2-T3-007.json","Q4","3","a2","matching","3","E","translate-only","rich","90","289",""
"content/a2/reading/A2-T3-007.json","Q5","4","a2","matching","3","F","translate-only","rich","69","295","de_low_evidence_overlap"
"content/a2/reading/A2-T3-008.json","Q1","0","a2","matching","3","F","translate-only","rich","72","278","de_low_evidence_overlap"
"content/a2/reading/A2-T3-008.json","Q2","1","a2","matching","3","E","translate-only","rich","63","255",""
"content/a2/reading/A2-T3-008.json","Q3","2","a2","matching","3","D","translate-only","rich","71","261",""
"content/a2/reading/A2-T3-008.json","Q4","3","a2","matching","3","B","translate-only","rich","75","252","de_low_evidence_overlap"
"content/a2/reading/A2-T3-008.json","Q5","4","a2","matching","3","A","translate-only","rich","66","265",""
"content/a2/reading/A2-T3-009.json","Q1","0","a2","matching","3","E","translate-only","rich","62","307","de_low_evidence_overlap"
"content/a2/reading/A2-T3-009.json","Q2","1","a2","matching","3","C","translate-only","rich","78","245",""
"content/a2/reading/A2-T3-009.json","Q3","2","a2","matching","3","D","translate-only","rich","73","252",""
"content/a2/reading/A2-T3-009.json","Q4","3","a2","matching","3","F","translate-only","rich","76","251",""
"content/a2/reading/A2-T3-009.json","Q5","4","a2","matching","3","B","translate-only","rich","73","265",""
"content/a2/reading/A2-T3-010.json","Q1","0","a2","matching","3","A","translate-only","rich","74","275","de_low_evidence_overlap"
"content/a2/reading/A2-T3-010.json","Q2","1","a2","matching","3","C","translate-only","rich","68","281",""
"content/a2/reading/A2-T3-010.json","Q3","2","a2","matching","3","E","translate-only","rich","56","259","de_low_evidence_overlap"
"content/a2/reading/A2-T3-010.json","Q4","3","a2","matching","3","D","translate-only","rich","69","267",""
"content/a2/reading/A2-T3-010.json","Q5","4","a2","matching","3","F","translate-only","rich","62","256",""
"content/a2/reading/A2-T4-001.json","Q1","0","a2","detail_extraction","4","b","translate-only","rich","76","293",""
"content/a2/reading/A2-T4-001.json","Q2","1","a2","detail_extraction","4","b","translate-only","rich","45","211",""
"content/a2/reading/A2-T4-001.json","Q3","2","a2","detail_extraction","4","c","translate-only","rich","47","204",""
"content/a2/reading/A2-T4-001.json","Q4","3","a2","detail_extraction","4","b","translate-only","rich","46","209",""
"content/a2/reading/A2-T4-001.json","Q5","4","a2","detail_extraction","4","c","translate-only","rich","53","236",""
"content/a2/reading/A2-T4-002.json","Q1","0","a2","detail_extraction","4","b","translate-only","rich","35","204",""
"content/a2/reading/A2-T4-002.json","Q2","1","a2","detail_extraction","4","b","translate-only","rich","46","229",""
"content/a2/reading/A2-T4-002.json","Q3","2","a2","detail_extraction","4","c","translate-only","rich","36","199",""
"content/a2/reading/A2-T4-002.json","Q4","3","a2","detail_extraction","4","b","translate-only","rich","51","241",""
"content/a2/reading/A2-T4-002.json","Q5","4","a2","detail_extraction","4","b","translate-only","rich","48","225",""
"content/a2/reading/A2-T4-003.json","Q1","0","a2","detail_extraction","4","b","translate-only","rich","76","243",""
"content/a2/reading/A2-T4-003.json","Q2","1","a2","detail_extraction","4","c","translate-only","rich","40","220",""
"content/a2/reading/A2-T4-003.json","Q3","2","a2","detail_extraction","4","b","translate-only","rich","75","230",""
"content/a2/reading/A2-T4-003.json","Q4","3","a2","detail_extraction","4","b","translate-only","rich","46","236",""
"content/a2/reading/A2-T4-003.json","Q5","4","a2","detail_extraction","4","c","translate-only","rich","52","221",""
"content/a2/reading/A2-T4-004.json","Q1","0","a2","detail_extraction","4","a","translate-only","rich","46","211",""
"content/a2/reading/A2-T4-004.json","Q2","1","a2","detail_extraction","4","b","translate-only","rich","26","172",""
"content/a2/reading/A2-T4-004.json","Q3","2","a2","detail_extraction","4","c","translate-only","rich","32","194",""
"content/a2/reading/A2-T4-004.json","Q4","3","a2","detail_extraction","4","b","translate-only","rich","56","230",""
"content/a2/reading/A2-T4-004.json","Q5","4","a2","detail_extraction","4","c","translate-only","rich","38","194",""
"content/a2/reading/A2-T4-005.json","Q1","0","a2","detail_extraction","4","b","translate-only","rich","66","219",""
"content/a2/reading/A2-T4-005.json","Q2","1","a2","detail_extraction","4","c","translate-only","rich","54","212",""
"content/a2/reading/A2-T4-005.json","Q3","2","a2","detail_extraction","4","b","translate-only","rich","88","237",""
"content/a2/reading/A2-T4-005.json","Q4","3","a2","detail_extraction","4","c","translate-only","rich","35","183",""
"content/a2/reading/A2-T4-005.json","Q5","4","a2","detail_extraction","4","b","translate-only","rich","42","209",""
"content/a2/reading/A2-T4-006.json","Q1","0","a2","detail_extraction","4","b","translate-only","rich","24","185",""
"content/a2/reading/A2-T4-006.json","Q2","1","a2","detail_extraction","4","b","translate-only","rich","66","224",""
"content/a2/reading/A2-T4-006.json","Q3","2","a2","detail_extraction","4","b","translate-only","rich","42","201",""
"content/a2/reading/A2-T4-006.json","Q4","3","a2","detail_extraction","4","b","translate-only","rich","58","210",""
"content/a2/reading/A2-T4-006.json","Q5","4","a2","detail_extraction","4","c","translate-only","rich","45","193",""
"content/a2/reading/A2-T4-007.json","Q1","0","a2","detail_extraction","4","b","translate-only","rich","53","209",""
"content/a2/reading/A2-T4-007.json","Q2","1","a2","detail_extraction","4","b","translate-only","rich","37","231","de_low_evidence_overlap"
"content/a2/reading/A2-T4-007.json","Q3","2","a2","detail_extraction","4","b","translate-only","rich","31","190",""
"content/a2/reading/A2-T4-007.json","Q4","3","a2","detail_extraction","4","b","translate-only","rich","56","224","de_low_evidence_overlap"
"content/a2/reading/A2-T4-007.json","Q5","4","a2","detail_extraction","4","b","translate-only","rich","40","216",""
"content/a2/reading/A2-T4-008.json","Q1","0","a2","detail_extraction","4","a","translate-only","rich","51","226",""
"content/a2/reading/A2-T4-008.json","Q2","1","a2","detail_extraction","4","b","translate-only","rich","43","209",""
"content/a2/reading/A2-T4-008.json","Q3","2","a2","detail_extraction","4","b","translate-only","rich","51","220",""
"content/a2/reading/A2-T4-008.json","Q4","3","a2","detail_extraction","4","b","translate-only","rich","45","228",""
"content/a2/reading/A2-T4-008.json","Q5","4","a2","detail_extraction","4","a","translate-only","rich","44","224",""
"content/a2/reading/A2-T4-009.json","Q1","0","a2","detail_extraction","4","b","translate-only","rich","57","218",""
"content/a2/reading/A2-T4-009.json","Q2","1","a2","detail_extraction","4","c","translate-only","rich","51","224",""
"content/a2/reading/A2-T4-009.json","Q3","2","a2","detail_extraction","4","c","translate-only","rich","26","187",""
"content/a2/reading/A2-T4-009.json","Q4","3","a2","detail_extraction","4","b","translate-only","rich","32","211",""
"content/a2/reading/A2-T4-009.json","Q5","4","a2","detail_extraction","4","b","translate-only","rich","40","196",""
"content/a2/reading/A2-T4-010.json","Q1","0","a2","detail_extraction","4","b","translate-only","rich","49","196","de_low_evidence_overlap"
"content/a2/reading/A2-T4-010.json","Q2","1","a2","detail_extraction","4","c","translate-only","rich","45","190",""
"content/a2/reading/A2-T4-010.json","Q3","2","a2","detail_extraction","4","b","translate-only","rich","34","196",""
"content/a2/reading/A2-T4-010.json","Q4","3","a2","detail_extraction","4","b","translate-only","rich","45","188",""
"content/a2/reading/A2-T4-010.json","Q5","4","a2","detail_extraction","4","c","translate-only","rich","48","200",""
"content/b1/reading/B1-T1-001.json","Q1","0","b1","richtig_falsch","1","falsch","translate-only","rich","107","274",""
"content/b1/reading/B1-T1-001.json","Q2","1","b1","richtig_falsch","1","richtig","translate-only","rich","91","268",""
"content/b1/reading/B1-T1-001.json","Q3","2","b1","richtig_falsch","1","falsch","translate-only","rich","81","256",""
"content/b1/reading/B1-T1-001.json","Q4","3","b1","richtig_falsch","1","richtig","translate-only","rich","88","281",""
"content/b1/reading/B1-T1-001.json","Q5","4","b1","richtig_falsch","1","falsch","translate-only","rich","67","216","de_low_evidence_overlap"
"content/b1/reading/B1-T1-002.json","Q1","0","b1","richtig_falsch","1","falsch","translate-only","rich","60","268",""
"content/b1/reading/B1-T1-002.json","Q2","1","b1","richtig_falsch","1","falsch","translate-only","rich","34","193",""
"content/b1/reading/B1-T1-002.json","Q3","2","b1","richtig_falsch","1","richtig","translate-only","rich","76","285","de_low_evidence_overlap"
"content/b1/reading/B1-T1-002.json","Q4","3","b1","richtig_falsch","1","falsch","translate-only","rich","51","244","de_low_evidence_overlap"
"content/b1/reading/B1-T1-002.json","Q5","4","b1","richtig_falsch","1","richtig","translate-only","rich","47","244","de_low_evidence_overlap"
"content/b1/reading/B1-T1-003.json","Q1","0","b1","richtig_falsch","1","richtig","translate-only","rich","58","307","de_low_evidence_overlap"
"content/b1/reading/B1-T1-003.json","Q2","1","b1","richtig_falsch","1","falsch","translate-only","rich","65","245",""
"content/b1/reading/B1-T1-003.json","Q3","2","b1","richtig_falsch","1","richtig","translate-only","rich","66","263",""
"content/b1/reading/B1-T1-003.json","Q4","3","b1","richtig_falsch","1","falsch","translate-only","rich","81","283",""
"content/b1/reading/B1-T1-003.json","Q5","4","b1","richtig_falsch","1","falsch","translate-only","rich","88","276",""
"content/b1/reading/B1-T1-004.json","Q1","0","b1","richtig_falsch","1","falsch","translate-only","rich","67","253",""
"content/b1/reading/B1-T1-004.json","Q2","1","b1","richtig_falsch","1","richtig","translate-only","rich","62","299",""
"content/b1/reading/B1-T1-004.json","Q3","2","b1","richtig_falsch","1","falsch","translate-only","rich","73","244",""
"content/b1/reading/B1-T1-004.json","Q4","3","b1","richtig_falsch","1","falsch","translate-only","rich","64","245",""
"content/b1/reading/B1-T1-004.json","Q5","4","b1","richtig_falsch","1","falsch","translate-only","rich","112","239",""
"content/b1/reading/B1-T1-005.json","Q1","0","b1","richtig_falsch","1","falsch","translate-only","rich","62","297",""
"content/b1/reading/B1-T1-005.json","Q2","1","b1","richtig_falsch","1","richtig","translate-only","rich","67","245",""
"content/b1/reading/B1-T1-005.json","Q3","2","b1","richtig_falsch","1","falsch","translate-only","rich","56","235","de_low_evidence_overlap"
"content/b1/reading/B1-T1-005.json","Q4","3","b1","richtig_falsch","1","falsch","translate-only","rich","76","243",""
"content/b1/reading/B1-T1-005.json","Q5","4","b1","richtig_falsch","1","richtig","translate-only","rich","51","224",""
"content/b1/reading/B1-T1-006.json","Q1","0","b1","richtig_falsch","1","falsch","translate-only","rich","77","254",""
"content/b1/reading/B1-T1-006.json","Q2","1","b1","richtig_falsch","1","richtig","translate-only","rich","64","190",""
"content/b1/reading/B1-T1-006.json","Q3","2","b1","richtig_falsch","1","falsch","translate-only","rich","103","209",""
"content/b1/reading/B1-T1-006.json","Q4","3","b1","richtig_falsch","1","richtig","translate-only","rich","65","271",""
"content/b1/reading/B1-T1-006.json","Q5","4","b1","richtig_falsch","1","falsch","translate-only","rich","43","234","de_low_evidence_overlap"
"content/b1/reading/B1-T1-007.json","Q1","0","b1","richtig_falsch","1","falsch","translate-only","rich","42","278",""
"content/b1/reading/B1-T1-007.json","Q2","1","b1","richtig_falsch","1","richtig","translate-only","rich","47","210",""
"content/b1/reading/B1-T1-007.json","Q3","2","b1","richtig_falsch","1","falsch","translate-only","rich","36","209",""
"content/b1/reading/B1-T1-007.json","Q4","3","b1","richtig_falsch","1","richtig","translate-only","rich","57","221",""
"content/b1/reading/B1-T1-007.json","Q5","4","b1","richtig_falsch","1","falsch","translate-only","rich","75","209",""
"content/b1/reading/B1-T1-008.json","Q1","0","b1","richtig_falsch","1","falsch","translate-only","rich","52","249",""
"content/b1/reading/B1-T1-008.json","Q2","1","b1","richtig_falsch","1","richtig","translate-only","rich","47","222",""
"content/b1/reading/B1-T1-008.json","Q3","2","b1","richtig_falsch","1","falsch","translate-only","rich","52","212","de_low_evidence_overlap"
"content/b1/reading/B1-T1-008.json","Q4","3","b1","richtig_falsch","1","richtig","translate-only","rich","77","198",""
"content/b1/reading/B1-T1-008.json","Q5","4","b1","richtig_falsch","1","falsch","translate-only","rich","57","244",""
"content/b1/reading/B1-T1-009.json","Q1","0","b1","richtig_falsch","1","falsch","translate-only","rich","47","225",""
"content/b1/reading/B1-T1-009.json","Q2","1","b1","richtig_falsch","1","richtig","translate-only","rich","55","251",""
"content/b1/reading/B1-T1-009.json","Q3","2","b1","richtig_falsch","1","falsch","translate-only","rich","94","218",""
"content/b1/reading/B1-T1-009.json","Q4","3","b1","richtig_falsch","1","richtig","translate-only","rich","54","248",""
"content/b1/reading/B1-T1-009.json","Q5","4","b1","richtig_falsch","1","falsch","translate-only","rich","47","274","de_low_evidence_overlap"
"content/b1/reading/B1-T1-010.json","Q1","0","b1","richtig_falsch","1","falsch","translate-only","rich","36","226",""
"content/b1/reading/B1-T1-010.json","Q2","1","b1","richtig_falsch","1","richtig","translate-only","rich","45","246",""
"content/b1/reading/B1-T1-010.json","Q3","2","b1","richtig_falsch","1","falsch","translate-only","rich","49","219",""
"content/b1/reading/B1-T1-010.json","Q4","3","b1","richtig_falsch","1","falsch","translate-only","rich","62","269","de_low_evidence_overlap"
"content/b1/reading/B1-T1-010.json","Q5","4","b1","richtig_falsch","1","richtig","translate-only","rich","31","225",""
"content/b1/reading/B1-T2-001.json","Q1","0","b1","multiple_choice","2","b","translate-only","rich","70","261",""
"content/b1/reading/B1-T2-001.json","Q2","1","b1","multiple_choice","2","b","translate-only","rich","77","259",""
"content/b1/reading/B1-T2-001.json","Q3","2","b1","multiple_choice","2","b","translate-only","rich","99","329",""
"content/b1/reading/B1-T2-001.json","Q4","3","b1","multiple_choice","2","b","translate-only","rich","85","283",""
"content/b1/reading/B1-T2-001.json","Q5","4","b1","multiple_choice","2","c","translate-only","rich","81","263",""
"content/b1/reading/B1-T2-002.json","Q1","0","b1","multiple_choice","2","b","translate-only","rich","64","234",""
"content/b1/reading/B1-T2-002.json","Q2","1","b1","multiple_choice","2","b","translate-only","rich","62","238",""
"content/b1/reading/B1-T2-002.json","Q3","2","b1","multiple_choice","2","b","translate-only","rich","64","295",""
"content/b1/reading/B1-T2-002.json","Q4","3","b1","multiple_choice","2","b","translate-only","rich","62","250","de_low_evidence_overlap"
"content/b1/reading/B1-T2-002.json","Q5","4","b1","multiple_choice","2","b","translate-only","rich","67","247",""
"content/b1/reading/B1-T2-003.json","Q1","0","b1","multiple_choice","2","b","translate-only","rich","50","222",""
"content/b1/reading/B1-T2-003.json","Q2","1","b1","multiple_choice","2","b","translate-only","rich","44","260",""
"content/b1/reading/B1-T2-003.json","Q3","2","b1","multiple_choice","2","b","translate-only","rich","48","206",""
"content/b1/reading/B1-T2-003.json","Q4","3","b1","multiple_choice","2","b","translate-only","rich","58","211",""
"content/b1/reading/B1-T2-003.json","Q5","4","b1","multiple_choice","2","b","translate-only","rich","67","228",""
"content/b1/reading/B1-T2-004.json","Q1","0","b1","multiple_choice","2","c","translate-only","rich","67","248",""
"content/b1/reading/B1-T2-004.json","Q2","1","b1","multiple_choice","2","c","translate-only","rich","73","293",""
"content/b1/reading/B1-T2-004.json","Q3","2","b1","multiple_choice","2","b","translate-only","rich","48","278",""
"content/b1/reading/B1-T2-004.json","Q4","3","b1","multiple_choice","2","b","translate-only","rich","80","280","de_low_evidence_overlap"
"content/b1/reading/B1-T2-004.json","Q5","4","b1","multiple_choice","2","b","translate-only","rich","60","243",""
"content/b1/reading/B1-T2-005.json","Q1","0","b1","multiple_choice","2","b","translate-only","rich","55","226",""
"content/b1/reading/B1-T2-005.json","Q2","1","b1","multiple_choice","2","b","translate-only","rich","52","279",""
"content/b1/reading/B1-T2-005.json","Q3","2","b1","multiple_choice","2","b","translate-only","rich","51","257","de_low_evidence_overlap"
"content/b1/reading/B1-T2-005.json","Q4","3","b1","multiple_choice","2","b","translate-only","rich","80","303",""
"content/b1/reading/B1-T2-005.json","Q5","4","b1","multiple_choice","2","b","translate-only","rich","40","227","de_low_evidence_overlap"
"content/b1/reading/B1-T2-006.json","Q1","0","b1","multiple_choice","2","c","translate-only","rich","53","200",""
"content/b1/reading/B1-T2-006.json","Q2","1","b1","multiple_choice","2","b","translate-only","rich","62","214",""
"content/b1/reading/B1-T2-006.json","Q3","2","b1","multiple_choice","2","b","translate-only","rich","67","243",""
"content/b1/reading/B1-T2-006.json","Q4","3","b1","multiple_choice","2","b","translate-only","rich","74","225",""
"content/b1/reading/B1-T2-006.json","Q5","4","b1","multiple_choice","2","b","translate-only","rich","88","301",""
"content/b1/reading/B1-T2-007.json","Q1","0","b1","multiple_choice","2","b","translate-only","rich","42","201",""
"content/b1/reading/B1-T2-007.json","Q2","1","b1","multiple_choice","2","b","translate-only","rich","53","213",""
"content/b1/reading/B1-T2-007.json","Q3","2","b1","multiple_choice","2","b","translate-only","rich","72","287",""
"content/b1/reading/B1-T2-007.json","Q4","3","b1","multiple_choice","2","b","translate-only","rich","66","315",""
"content/b1/reading/B1-T2-007.json","Q5","4","b1","multiple_choice","2","b","translate-only","rich","76","246",""
"content/b1/reading/B1-T2-008.json","Q1","0","b1","multiple_choice","2","b","translate-only","rich","59","229",""
"content/b1/reading/B1-T2-008.json","Q2","1","b1","multiple_choice","2","b","translate-only","rich","34","227",""
"content/b1/reading/B1-T2-008.json","Q3","2","b1","multiple_choice","2","b","translate-only","rich","72","269",""
"content/b1/reading/B1-T2-008.json","Q4","3","b1","multiple_choice","2","c","translate-only","rich","54","220",""
"content/b1/reading/B1-T2-008.json","Q5","4","b1","multiple_choice","2","c","translate-only","rich","49","224",""
"content/b1/reading/B1-T2-009.json","Q1","0","b1","multiple_choice","2","b","translate-only","rich","58","214",""
"content/b1/reading/B1-T2-009.json","Q2","1","b1","multiple_choice","2","b","translate-only","rich","53","277","de_low_evidence_overlap"
"content/b1/reading/B1-T2-009.json","Q3","2","b1","multiple_choice","2","c","translate-only","rich","49","263",""
"content/b1/reading/B1-T2-009.json","Q4","3","b1","multiple_choice","2","b","translate-only","rich","62","248",""
"content/b1/reading/B1-T2-009.json","Q5","4","b1","multiple_choice","2","b","translate-only","rich","85","198",""
"content/b1/reading/B1-T2-010.json","Q1","0","b1","multiple_choice","2","b","translate-only","rich","72","259",""
"content/b1/reading/B1-T2-010.json","Q2","1","b1","multiple_choice","2","b","translate-only","rich","83","285",""
"content/b1/reading/B1-T2-010.json","Q3","2","b1","multiple_choice","2","b","translate-only","rich","65","289",""
"content/b1/reading/B1-T2-010.json","Q4","3","b1","multiple_choice","2","b","translate-only","rich","61","231",""
"content/b1/reading/B1-T2-010.json","Q5","4","b1","multiple_choice","2","b","translate-only","rich","75","292",""
"content/b1/reading/B1-T3-001.json","Q1","0","b1","matching","3","F","translate-only","rich","84","164",""
"content/b1/reading/B1-T3-001.json","Q2","1","b1","matching","3","D","translate-only","rich","70","138",""
"content/b1/reading/B1-T3-001.json","Q3","2","b1","matching","3","B","translate-only","rich","62","152",""
"content/b1/reading/B1-T3-001.json","Q4","3","b1","matching","3","H","translate-only","rich","70","163",""
"content/b1/reading/B1-T3-001.json","Q5","4","b1","matching","3","E","translate-only","rich","65","148",""
"content/b1/reading/B1-T3-002.json","Q1","0","b1","matching","3","E","translate-only","rich","88","166",""
"content/b1/reading/B1-T3-002.json","Q2","1","b1","matching","3","F","translate-only","rich","92","167",""
"content/b1/reading/B1-T3-002.json","Q3","2","b1","matching","3","B","translate-only","rich","88","165","de_low_evidence_overlap"
"content/b1/reading/B1-T3-002.json","Q4","3","b1","matching","3","H","translate-only","rich","74","156",""
"content/b1/reading/B1-T3-002.json","Q5","4","b1","matching","3","C","translate-only","rich","67","157",""
"content/b1/reading/B1-T3-003.json","Q1","0","b1","matching","3","A","translate-only","rich","77","181","de_low_evidence_overlap"
"content/b1/reading/B1-T3-003.json","Q2","1","b1","matching","3","B","translate-only","rich","80","178",""
"content/b1/reading/B1-T3-003.json","Q3","2","b1","matching","3","C","translate-only","rich","74","154",""
"content/b1/reading/B1-T3-003.json","Q4","3","b1","matching","3","D","translate-only","rich","57","141","de_low_evidence_overlap"
"content/b1/reading/B1-T3-003.json","Q5","4","b1","matching","3","E","translate-only","rich","76","166","de_low_evidence_overlap"
"content/b1/reading/B1-T3-004.json","Q1","0","b1","matching","3","B","translate-only","rich","88","180",""
"content/b1/reading/B1-T3-004.json","Q2","1","b1","matching","3","D","translate-only","rich","63","138","de_low_evidence_overlap"
"content/b1/reading/B1-T3-004.json","Q3","2","b1","matching","3","F","translate-only","rich","71","168",""
"content/b1/reading/B1-T3-004.json","Q4","3","b1","matching","3","C","translate-only","rich","90","156","de_low_evidence_overlap"
"content/b1/reading/B1-T3-004.json","Q5","4","b1","matching","3","A","translate-only","rich","50","145",""
"content/b1/reading/B1-T3-005.json","Q1","0","b1","matching","3","E","translate-only","rich","87","172",""
"content/b1/reading/B1-T3-005.json","Q2","1","b1","matching","3","B","translate-only","rich","71","167",""
"content/b1/reading/B1-T3-005.json","Q3","2","b1","matching","3","H","translate-only","rich","81","169",""
"content/b1/reading/B1-T3-005.json","Q4","3","b1","matching","3","C","translate-only","rich","66","157",""
"content/b1/reading/B1-T3-005.json","Q5","4","b1","matching","3","F","translate-only","rich","60","151",""
"content/b1/reading/B1-T3-006.json","Q1","0","b1","matching","3","C","translate-only","rich","75","180",""
"content/b1/reading/B1-T3-006.json","Q2","1","b1","matching","3","B","translate-only","rich","55","144",""
"content/b1/reading/B1-T3-006.json","Q3","2","b1","matching","3","F","translate-only","rich","69","154",""
"content/b1/reading/B1-T3-006.json","Q4","3","b1","matching","3","D","translate-only","rich","52","159",""
"content/b1/reading/B1-T3-006.json","Q5","4","b1","matching","3","H","translate-only","rich","55","138",""
"content/b1/reading/B1-T3-007.json","Q1","0","b1","matching","3","F","translate-only","rich","57","148",""
"content/b1/reading/B1-T3-007.json","Q2","1","b1","matching","3","C","translate-only","rich","71","173",""
"content/b1/reading/B1-T3-007.json","Q3","2","b1","matching","3","G","translate-only","rich","45","144",""
"content/b1/reading/B1-T3-007.json","Q4","3","b1","matching","3","B","translate-only","rich","57","158",""
"content/b1/reading/B1-T3-007.json","Q5","4","b1","matching","3","D","translate-only","rich","44","130",""
"content/b1/reading/B1-T3-008.json","Q1","0","b1","matching","3","F","translate-only","rich","70","165","de_low_evidence_overlap"
"content/b1/reading/B1-T3-008.json","Q2","1","b1","matching","3","G","translate-only","rich","61","161",""
"content/b1/reading/B1-T3-008.json","Q3","2","b1","matching","3","A","translate-only","rich","57","145",""
"content/b1/reading/B1-T3-008.json","Q4","3","b1","matching","3","C","translate-only","rich","54","156","de_low_evidence_overlap"
"content/b1/reading/B1-T3-008.json","Q5","4","b1","matching","3","D","translate-only","rich","52","171",""
"content/b1/reading/B1-T3-009.json","Q1","0","b1","matching","3","F","translate-only","rich","69","157",""
"content/b1/reading/B1-T3-009.json","Q2","1","b1","matching","3","B","translate-only","rich","59","160",""
"content/b1/reading/B1-T3-009.json","Q3","2","b1","matching","3","D","translate-only","rich","72","146","de_low_evidence_overlap"
"content/b1/reading/B1-T3-009.json","Q4","3","b1","matching","3","H","translate-only","rich","57","167",""
"content/b1/reading/B1-T3-009.json","Q5","4","b1","matching","3","G","translate-only","rich","65","172","de_low_evidence_overlap"
"content/b1/reading/B1-T3-010.json","Q1","0","b1","matching","3","A","translate-only","rich","75","161",""
"content/b1/reading/B1-T3-010.json","Q2","1","b1","matching","3","B","translate-only","rich","56","152",""
"content/b1/reading/B1-T3-010.json","Q3","2","b1","matching","3","F","translate-only","rich","55","155","de_low_evidence_overlap"
"content/b1/reading/B1-T3-010.json","Q4","3","b1","matching","3","C","translate-only","rich","67","175",""
"content/b1/reading/B1-T3-010.json","Q5","4","b1","matching","3","H","translate-only","rich","77","155",""
"content/b1/reading/B1-T4-001.json","Q1","0","b1","ja_nein","4","ja","translate-only","rich","85","254","de_low_evidence_overlap"
"content/b1/reading/B1-T4-001.json","Q2","1","b1","ja_nein","4","nein","translate-only","rich","70","245","de_low_evidence_overlap"
"content/b1/reading/B1-T4-001.json","Q3","2","b1","ja_nein","4","ja","translate-only","rich","73","240",""
"content/b1/reading/B1-T4-001.json","Q4","3","b1","ja_nein","4","ja","translate-only","rich","65","251","de_low_evidence_overlap"
"content/b1/reading/B1-T4-001.json","Q5","4","b1","ja_nein","4","nein","translate-only","rich","75","269","de_low_evidence_overlap"
"content/b1/reading/B1-T4-002.json","Q1","0","b1","ja_nein","4","ja","translate-only","rich","45","200",""
"content/b1/reading/B1-T4-002.json","Q2","1","b1","ja_nein","4","nein","translate-only","rich","68","229",""
"content/b1/reading/B1-T4-002.json","Q3","2","b1","ja_nein","4","ja","translate-only","rich","57","274","de_low_evidence_overlap"
"content/b1/reading/B1-T4-002.json","Q4","3","b1","ja_nein","4","nein","translate-only","rich","76","254","de_low_evidence_overlap"
"content/b1/reading/B1-T4-002.json","Q5","4","b1","ja_nein","4","ja","translate-only","rich","78","301","de_low_evidence_overlap"
"content/b1/reading/B1-T4-003.json","Q1","0","b1","ja_nein","4","ja","translate-only","rich","71","221","de_low_evidence_overlap"
"content/b1/reading/B1-T4-003.json","Q2","1","b1","ja_nein","4","nein","translate-only","rich","74","294","de_low_evidence_overlap"
"content/b1/reading/B1-T4-003.json","Q3","2","b1","ja_nein","4","ja","translate-only","rich","73","241","de_low_evidence_overlap"
"content/b1/reading/B1-T4-003.json","Q4","3","b1","ja_nein","4","nein","translate-only","rich","91","216",""
"content/b1/reading/B1-T4-003.json","Q5","4","b1","ja_nein","4","ja","translate-only","rich","75","250","de_low_evidence_overlap"
"content/b1/reading/B1-T4-004.json","Q1","0","b1","ja_nein","4","nein","translate-only","rich","34","278","de_low_evidence_overlap"
"content/b1/reading/B1-T4-004.json","Q2","1","b1","ja_nein","4","ja","translate-only","rich","75","276",""
"content/b1/reading/B1-T4-004.json","Q3","2","b1","ja_nein","4","nein","translate-only","rich","79","252",""
"content/b1/reading/B1-T4-004.json","Q4","3","b1","ja_nein","4","ja","translate-only","rich","58","254","de_low_evidence_overlap"
"content/b1/reading/B1-T4-004.json","Q5","4","b1","ja_nein","4","nein","translate-only","rich","69","256","de_low_evidence_overlap"
"content/b1/reading/B1-T4-005.json","Q1","0","b1","ja_nein","4","ja","translate-only","rich","64","219","de_low_evidence_overlap"
"content/b1/reading/B1-T4-005.json","Q2","1","b1","ja_nein","4","nein","translate-only","rich","60","240","de_low_evidence_overlap"
"content/b1/reading/B1-T4-005.json","Q3","2","b1","ja_nein","4","ja","translate-only","rich","62","272","de_low_evidence_overlap"
"content/b1/reading/B1-T4-005.json","Q4","3","b1","ja_nein","4","nein","translate-only","rich","73","224",""
"content/b1/reading/B1-T4-005.json","Q5","4","b1","ja_nein","4","ja","translate-only","rich","69","252","de_low_evidence_overlap"
"content/b1/reading/B1-T4-006.json","Q1","0","b1","ja_nein","4","ja","translate-only","rich","80","215",""
"content/b1/reading/B1-T4-006.json","Q2","1","b1","ja_nein","4","nein","translate-only","rich","90","257",""
"content/b1/reading/B1-T4-006.json","Q3","2","b1","ja_nein","4","nein","translate-only","rich","73","235",""
"content/b1/reading/B1-T4-006.json","Q4","3","b1","ja_nein","4","nein","translate-only","rich","78","243",""
"content/b1/reading/B1-T4-006.json","Q5","4","b1","ja_nein","4","ja","translate-only","rich","76","211",""
"content/b1/reading/B1-T4-007.json","Q1","0","b1","ja_nein","4","ja","translate-only","rich","54","257","de_low_evidence_overlap"
"content/b1/reading/B1-T4-007.json","Q2","1","b1","ja_nein","4","nein","translate-only","rich","76","242",""
"content/b1/reading/B1-T4-007.json","Q3","2","b1","ja_nein","4","ja","translate-only","rich","81","199","de_low_evidence_overlap"
"content/b1/reading/B1-T4-007.json","Q4","3","b1","ja_nein","4","ja","translate-only","rich","84","252",""
"content/b1/reading/B1-T4-007.json","Q5","4","b1","ja_nein","4","ja","translate-only","rich","81","253","de_low_evidence_overlap"
"content/b1/reading/B1-T4-008.json","Q1","0","b1","ja_nein","4","ja","translate-only","rich","67","256",""
"content/b1/reading/B1-T4-008.json","Q2","1","b1","ja_nein","4","nein","translate-only","rich","77","247",""
"content/b1/reading/B1-T4-008.json","Q3","2","b1","ja_nein","4","ja","translate-only","rich","81","246","de_low_evidence_overlap"
"content/b1/reading/B1-T4-008.json","Q4","3","b1","ja_nein","4","nein","translate-only","rich","81","225",""
"content/b1/reading/B1-T4-008.json","Q5","4","b1","ja_nein","4","ja","translate-only","rich","64","219","de_low_evidence_overlap"
"content/b1/reading/B1-T4-009.json","Q1","0","b1","ja_nein","4","ja","translate-only","rich","56","212","de_low_evidence_overlap"
"content/b1/reading/B1-T4-009.json","Q2","1","b1","ja_nein","4","nein","translate-only","rich","81","252",""
"content/b1/reading/B1-T4-009.json","Q3","2","b1","ja_nein","4","ja","translate-only","rich","73","227","de_low_evidence_overlap"
"content/b1/reading/B1-T4-009.json","Q4","3","b1","ja_nein","4","nein","translate-only","rich","57","260",""
"content/b1/reading/B1-T4-009.json","Q5","4","b1","ja_nein","4","ja","translate-only","rich","56","227",""
"content/b1/reading/B1-T4-010.json","Q1","0","b1","ja_nein","4","ja","translate-only","rich","57","218",""
"content/b1/reading/B1-T4-010.json","Q2","1","b1","ja_nein","4","nein","translate-only","rich","67","251",""
"content/b1/reading/B1-T4-010.json","Q3","2","b1","ja_nein","4","ja","translate-only","rich","51","262","de_low_evidence_overlap"
"content/b1/reading/B1-T4-010.json","Q4","3","b1","ja_nein","4","nein","translate-only","rich","71","241",""
"content/b1/reading/B1-T4-010.json","Q5","4","b1","ja_nein","4","ja","translate-only","rich","81","261","de_low_evidence_overlap"
"content/b1/reading/B1-T5-001.json","Q1","0","b1","multiple_choice","5","b","translate-only","rich","53","244",""
"content/b1/reading/B1-T5-001.json","Q2","1","b1","multiple_choice","5","c","translate-only","rich","56","258","de_low_evidence_overlap"
"content/b1/reading/B1-T5-001.json","Q3","2","b1","multiple_choice","5","b","translate-only","rich","66","245",""
"content/b1/reading/B1-T5-001.json","Q4","3","b1","multiple_choice","5","b","translate-only","rich","48","199",""
"content/b1/reading/B1-T5-001.json","Q5","4","b1","multiple_choice","5","b","translate-only","rich","43","256",""
"content/b1/reading/B1-T5-002.json","Q1","0","b1","multiple_choice","5","c","translate-only","rich","65","284",""
"content/b1/reading/B1-T5-002.json","Q2","1","b1","multiple_choice","5","b","translate-only","rich","59","208",""
"content/b1/reading/B1-T5-002.json","Q3","2","b1","multiple_choice","5","b","translate-only","rich","49","213",""
"content/b1/reading/B1-T5-002.json","Q4","3","b1","multiple_choice","5","b","translate-only","rich","53","205",""
"content/b1/reading/B1-T5-002.json","Q5","4","b1","multiple_choice","5","b","translate-only","rich","49","267",""
"content/b1/reading/B1-T5-003.json","Q1","0","b1","multiple_choice","5","b","translate-only","rich","52","262",""
"content/b1/reading/B1-T5-003.json","Q2","1","b1","multiple_choice","5","c","translate-only","rich","55","277",""
"content/b1/reading/B1-T5-003.json","Q3","2","b1","multiple_choice","5","b","translate-only","rich","58","215",""
"content/b1/reading/B1-T5-003.json","Q4","3","b1","multiple_choice","5","c","translate-only","rich","52","227",""
"content/b1/reading/B1-T5-003.json","Q5","4","b1","multiple_choice","5","c","translate-only","rich","41","224",""
"content/b1/reading/B1-T5-004.json","Q1","0","b1","multiple_choice","5","b","translate-only","rich","49","199",""
"content/b1/reading/B1-T5-004.json","Q2","1","b1","multiple_choice","5","c","translate-only","rich","50","234",""
"content/b1/reading/B1-T5-004.json","Q3","2","b1","multiple_choice","5","b","translate-only","rich","66","257",""
"content/b1/reading/B1-T5-004.json","Q4","3","b1","multiple_choice","5","b","translate-only","rich","49","291","de_low_evidence_overlap"
"content/b1/reading/B1-T5-004.json","Q5","4","b1","multiple_choice","5","b","translate-only","rich","45","225",""
"content/b1/reading/B1-T5-005.json","Q1","0","b1","multiple_choice","5","b","translate-only","rich","43","195",""
"content/b1/reading/B1-T5-005.json","Q2","1","b1","multiple_choice","5","b","translate-only","rich","64","228",""
"content/b1/reading/B1-T5-005.json","Q3","2","b1","multiple_choice","5","b","translate-only","rich","54","233",""
"content/b1/reading/B1-T5-005.json","Q4","3","b1","multiple_choice","5","b","translate-only","rich","54","228",""
"content/b1/reading/B1-T5-005.json","Q5","4","b1","multiple_choice","5","b","translate-only","rich","52","231",""
"content/b1/reading/B1-T5-006.json","Q1","0","b1","multiple_choice","5","b","translate-only","rich","66","206",""
"content/b1/reading/B1-T5-006.json","Q2","1","b1","multiple_choice","5","b","translate-only","rich","49","232",""
"content/b1/reading/B1-T5-006.json","Q3","2","b1","multiple_choice","5","b","translate-only","rich","62","230",""
"content/b1/reading/B1-T5-006.json","Q4","3","b1","multiple_choice","5","b","translate-only","rich","62","243",""
"content/b1/reading/B1-T5-006.json","Q5","4","b1","multiple_choice","5","b","translate-only","rich","46","257",""
"content/b1/reading/B1-T5-007.json","Q1","0","b1","multiple_choice","5","b","translate-only","rich","51","275",""
"content/b1/reading/B1-T5-007.json","Q2","1","b1","multiple_choice","5","b","translate-only","rich","57","238",""
"content/b1/reading/B1-T5-007.json","Q3","2","b1","multiple_choice","5","c","translate-only","rich","60","220",""
"content/b1/reading/B1-T5-007.json","Q4","3","b1","multiple_choice","5","b","translate-only","rich","63","273","de_low_evidence_overlap"
"content/b1/reading/B1-T5-007.json","Q5","4","b1","multiple_choice","5","b","translate-only","rich","62","236","de_low_evidence_overlap"
"content/b1/reading/B1-T5-008.json","Q1","0","b1","multiple_choice","5","b","translate-only","rich","68","195",""
"content/b1/reading/B1-T5-008.json","Q2","1","b1","multiple_choice","5","b","translate-only","rich","39","200",""
"content/b1/reading/B1-T5-008.json","Q3","2","b1","multiple_choice","5","b","translate-only","rich","65","249",""
"content/b1/reading/B1-T5-008.json","Q4","3","b1","multiple_choice","5","b","translate-only","rich","41","195",""
"content/b1/reading/B1-T5-008.json","Q5","4","b1","multiple_choice","5","b","translate-only","rich","45","226",""
"content/b1/reading/B1-T5-009.json","Q1","0","b1","multiple_choice","5","b","translate-only","rich","65","218","de_low_evidence_overlap"
"content/b1/reading/B1-T5-009.json","Q2","1","b1","multiple_choice","5","b","translate-only","rich","87","273",""
"content/b1/reading/B1-T5-009.json","Q3","2","b1","multiple_choice","5","b","translate-only","rich","54","198",""
"content/b1/reading/B1-T5-009.json","Q4","3","b1","multiple_choice","5","b","translate-only","rich","78","385","de_low_evidence_overlap"
"content/b1/reading/B1-T5-009.json","Q5","4","b1","multiple_choice","5","b","translate-only","rich","65","221",""
"content/b1/reading/B1-T5-010.json","Q1","0","b1","multiple_choice","5","b","translate-only","rich","59","213",""
"content/b1/reading/B1-T5-010.json","Q2","1","b1","multiple_choice","5","b","translate-only","rich","73","242",""
"content/b1/reading/B1-T5-010.json","Q3","2","b1","multiple_choice","5","b","translate-only","rich","81","234",""
"content/b1/reading/B1-T5-010.json","Q4","3","b1","multiple_choice","5","b","translate-only","rich","53","241",""
"content/b1/reading/B1-T5-010.json","Q5","4","b1","multiple_choice","5","b","translate-only","rich","62","262",""
"content/b2/reading/B2-T1-001.json","Q1","0","b2","multiple_choice","1","b","translate-only","rich","95","311",""
"content/b2/reading/B2-T1-001.json","Q2","1","b2","multiple_choice","1","b","translate-only","rich","94","322",""
"content/b2/reading/B2-T1-001.json","Q3","2","b2","multiple_choice","1","b","translate-only","rich","78","239",""
"content/b2/reading/B2-T1-001.json","Q4","3","b2","multiple_choice","1","a","translate-only","rich","89","327",""
"content/b2/reading/B2-T1-001.json","Q5","4","b2","multiple_choice","1","b","translate-only","rich","95","327",""
"content/b2/reading/B2-T1-002.json","Q1","0","b2","multiple_choice","1","b","translate-only","rich","58","237",""
"content/b2/reading/B2-T1-002.json","Q2","1","b2","multiple_choice","1","b","translate-only","rich","88","314",""
"content/b2/reading/B2-T1-002.json","Q3","2","b2","multiple_choice","1","b","translate-only","rich","99","406",""
"content/b2/reading/B2-T1-002.json","Q4","3","b2","multiple_choice","1","b","translate-only","rich","72","227",""
"content/b2/reading/B2-T1-002.json","Q5","4","b2","multiple_choice","1","b","translate-only","rich","110","305",""
"content/b2/reading/B2-T1-003.json","Q1","0","b2","multiple_choice","1","b","translate-only","rich","60","259",""
"content/b2/reading/B2-T1-003.json","Q2","1","b2","multiple_choice","1","b","translate-only","rich","72","294",""
"content/b2/reading/B2-T1-003.json","Q3","2","b2","multiple_choice","1","b","translate-only","rich","118","394",""
"content/b2/reading/B2-T1-003.json","Q4","3","b2","multiple_choice","1","b","translate-only","rich","99","317",""
"content/b2/reading/B2-T1-003.json","Q5","4","b2","multiple_choice","1","b","translate-only","rich","98","272",""
"content/b2/reading/B2-T1-004.json","Q1","0","b2","multiple_choice","1","b","translate-only","rich","81","291",""
"content/b2/reading/B2-T1-004.json","Q2","1","b2","multiple_choice","1","c","translate-only","rich","64","243",""
"content/b2/reading/B2-T1-004.json","Q3","2","b2","multiple_choice","1","b","translate-only","rich","86","317",""
"content/b2/reading/B2-T1-004.json","Q4","3","b2","multiple_choice","1","b","translate-only","rich","85","317",""
"content/b2/reading/B2-T1-004.json","Q5","4","b2","multiple_choice","1","b","translate-only","rich","99","305",""
"content/b2/reading/B2-T1-005.json","Q1","0","b2","multiple_choice","1","b","translate-only","rich","78","272",""
"content/b2/reading/B2-T1-005.json","Q2","1","b2","multiple_choice","1","c","translate-only","rich","85","238",""
"content/b2/reading/B2-T1-005.json","Q3","2","b2","multiple_choice","1","b","translate-only","rich","73","254",""
"content/b2/reading/B2-T1-005.json","Q4","3","b2","multiple_choice","1","c","translate-only","rich","83","296",""
"content/b2/reading/B2-T1-005.json","Q5","4","b2","multiple_choice","1","b","translate-only","rich","108","355",""
"content/b2/reading/B2-T1-006.json","Q1","0","b2","multiple_choice","1","b","translate-only","rich","67","272",""
"content/b2/reading/B2-T1-006.json","Q2","1","b2","multiple_choice","1","a","translate-only","rich","77","294",""
"content/b2/reading/B2-T1-006.json","Q3","2","b2","multiple_choice","1","b","translate-only","rich","94","287",""
"content/b2/reading/B2-T1-006.json","Q4","3","b2","multiple_choice","1","c","translate-only","rich","77","250",""
"content/b2/reading/B2-T1-006.json","Q5","4","b2","multiple_choice","1","b","translate-only","rich","62","240",""
"content/b2/reading/B2-T1-007.json","Q1","0","b2","multiple_choice","1","b","translate-only","rich","77","238",""
"content/b2/reading/B2-T1-007.json","Q2","1","b2","multiple_choice","1","b","translate-only","rich","77","280",""
"content/b2/reading/B2-T1-007.json","Q3","2","b2","multiple_choice","1","a","translate-only","rich","72","318","de_low_evidence_overlap"
"content/b2/reading/B2-T1-007.json","Q4","3","b2","multiple_choice","1","b","translate-only","rich","91","255",""
"content/b2/reading/B2-T1-007.json","Q5","4","b2","multiple_choice","1","b","translate-only","rich","95","312",""
"content/b2/reading/B2-T1-008.json","Q1","0","b2","multiple_choice","1","b","translate-only","rich","66","261",""
"content/b2/reading/B2-T1-008.json","Q2","1","b2","multiple_choice","1","b","translate-only","rich","76","301",""
"content/b2/reading/B2-T1-008.json","Q3","2","b2","multiple_choice","1","a","translate-only","rich","79","283",""
"content/b2/reading/B2-T1-008.json","Q4","3","b2","multiple_choice","1","b","translate-only","rich","63","287",""
"content/b2/reading/B2-T1-008.json","Q5","4","b2","multiple_choice","1","b","translate-only","rich","58","231",""
"content/b2/reading/B2-T1-009.json","Q1","0","b2","multiple_choice","1","b","translate-only","rich","39","214",""
"content/b2/reading/B2-T1-009.json","Q2","1","b2","multiple_choice","1","c","translate-only","rich","75","276",""
"content/b2/reading/B2-T1-009.json","Q3","2","b2","multiple_choice","1","b","translate-only","rich","29","261",""
"content/b2/reading/B2-T1-009.json","Q4","3","b2","multiple_choice","1","b","translate-only","rich","67","267",""
"content/b2/reading/B2-T1-009.json","Q5","4","b2","multiple_choice","1","b","translate-only","rich","80","289",""
"content/b2/reading/B2-T1-010.json","Q1","0","b2","multiple_choice","1","b","translate-only","rich","54","258",""
"content/b2/reading/B2-T1-010.json","Q2","1","b2","multiple_choice","1","b","translate-only","rich","81","244",""
"content/b2/reading/B2-T1-010.json","Q3","2","b2","multiple_choice","1","b","translate-only","rich","43","261",""
"content/b2/reading/B2-T1-010.json","Q4","3","b2","multiple_choice","1","b","translate-only","rich","78","312",""
"content/b2/reading/B2-T1-010.json","Q5","4","b2","multiple_choice","1","b","translate-only","rich","71","319",""
"content/b2/reading/B2-T2-001.json","Q1","0","b2","multiple_choice","2","b","translate-only","rich","24","254","de_len_anomaly"
"content/b2/reading/B2-T2-001.json","Q2","1","b2","multiple_choice","2","c","translate-only","rich","36","288",""
"content/b2/reading/B2-T2-001.json","Q3","2","b2","multiple_choice","2","b","translate-only","rich","51","273",""
"content/b2/reading/B2-T2-001.json","Q4","3","b2","multiple_choice","2","b","translate-only","rich","37","324",""
"content/b2/reading/B2-T2-001.json","Q5","4","b2","multiple_choice","2","b","translate-only","rich","22","247","de_len_anomaly"
"content/b2/reading/B2-T2-002.json","Q1","0","b2","multiple_choice","2","c","rewritten","rich","60","241",""
"content/b2/reading/B2-T2-002.json","Q2","1","b2","multiple_choice","2","a","translate-only","rich","26","235","de_len_anomaly"
"content/b2/reading/B2-T2-002.json","Q3","2","b2","multiple_choice","2","b","translate-only","rich","46","309",""
"content/b2/reading/B2-T2-002.json","Q4","3","b2","multiple_choice","2","b","translate-only","rich","78","329",""
"content/b2/reading/B2-T2-002.json","Q5","4","b2","multiple_choice","2","b","translate-only","rich","30","315",""
"content/b2/reading/B2-T2-003.json","Q1","0","b2","multiple_choice","2","b","translate-only","rich","25","265","de_len_anomaly"
"content/b2/reading/B2-T2-003.json","Q2","1","b2","multiple_choice","2","b","translate-only","rich","45","308",""
"content/b2/reading/B2-T2-003.json","Q3","2","b2","multiple_choice","2","b","translate-only","rich","30","232",""
"content/b2/reading/B2-T2-003.json","Q4","3","b2","multiple_choice","2","b","translate-only","rich","48","315",""
"content/b2/reading/B2-T2-003.json","Q5","4","b2","multiple_choice","2","b","translate-only","rich","66","320",""
"content/b2/reading/B2-T2-004.json","Q1","0","b2","multiple_choice","2","b","translate-only","rich","15","266","de_len_anomaly"
"content/b2/reading/B2-T2-004.json","Q2","1","b2","multiple_choice","2","b","translate-only","rich","44","296",""
"content/b2/reading/B2-T2-004.json","Q3","2","b2","multiple_choice","2","b","translate-only","rich","15","202","de_len_anomaly"
"content/b2/reading/B2-T2-004.json","Q4","3","b2","multiple_choice","2","b","translate-only","rich","42","287",""
"content/b2/reading/B2-T2-004.json","Q5","4","b2","multiple_choice","2","b","translate-only","rich","43","242",""
"content/b2/reading/B2-T2-005.json","Q1","0","b2","multiple_choice","2","b","translate-only","rich","36","282",""
"content/b2/reading/B2-T2-005.json","Q2","1","b2","multiple_choice","2","b","translate-only","rich","34","286",""
"content/b2/reading/B2-T2-005.json","Q3","2","b2","multiple_choice","2","b","translate-only","rich","24","285","de_len_anomaly"
"content/b2/reading/B2-T2-005.json","Q4","3","b2","multiple_choice","2","b","translate-only","rich","28","263","de_len_anomaly"
"content/b2/reading/B2-T2-005.json","Q5","4","b2","multiple_choice","2","b","translate-only","rich","18","264","de_len_anomaly"
"content/b2/reading/B2-T2-006.json","Q1","0","b2","multiple_choice","2","b","translate-only","rich","30","241",""
"content/b2/reading/B2-T2-006.json","Q2","1","b2","multiple_choice","2","b","translate-only","rich","52","353",""
"content/b2/reading/B2-T2-006.json","Q3","2","b2","multiple_choice","2","b","translate-only","rich","26","254","de_len_anomaly"
"content/b2/reading/B2-T2-006.json","Q4","3","b2","multiple_choice","2","b","translate-only","rich","64","330",""
"content/b2/reading/B2-T2-006.json","Q5","4","b2","multiple_choice","2","b","translate-only","rich","60","320",""
"content/b2/reading/B2-T2-007.json","Q1","0","b2","multiple_choice","2","c","translate-only","rich","21","231","de_len_anomaly"
"content/b2/reading/B2-T2-007.json","Q2","1","b2","multiple_choice","2","b","translate-only","rich","36","314",""
"content/b2/reading/B2-T2-007.json","Q3","2","b2","multiple_choice","2","b","translate-only","rich","50","281",""
"content/b2/reading/B2-T2-007.json","Q4","3","b2","multiple_choice","2","b","translate-only","rich","42","280",""
"content/b2/reading/B2-T2-007.json","Q5","4","b2","multiple_choice","2","b","translate-only","rich","51","280",""
"content/b2/reading/B2-T2-008.json","Q1","0","b2","multiple_choice","2","b","translate-only","rich","19","272","de_len_anomaly"
"content/b2/reading/B2-T2-008.json","Q2","1","b2","multiple_choice","2","b","translate-only","rich","62","346",""
"content/b2/reading/B2-T2-008.json","Q3","2","b2","multiple_choice","2","b","translate-only","rich","69","332",""
"content/b2/reading/B2-T2-008.json","Q4","3","b2","multiple_choice","2","b","translate-only","rich","33","232",""
"content/b2/reading/B2-T2-008.json","Q5","4","b2","multiple_choice","2","b","translate-only","rich","29","315",""
"content/b2/reading/B2-T2-009.json","Q1","0","b2","multiple_choice","2","b","translate-only","rich","19","232","de_len_anomaly"
"content/b2/reading/B2-T2-009.json","Q2","1","b2","multiple_choice","2","b","translate-only","rich","24","272","de_len_anomaly"
"content/b2/reading/B2-T2-009.json","Q3","2","b2","multiple_choice","2","b","translate-only","rich","19","273","de_len_anomaly"
"content/b2/reading/B2-T2-009.json","Q4","3","b2","multiple_choice","2","b","translate-only","rich","76","360",""
"content/b2/reading/B2-T2-009.json","Q5","4","b2","multiple_choice","2","b","translate-only","rich","31","293",""
"content/b2/reading/B2-T2-010.json","Q1","0","b2","multiple_choice","2","b","translate-only","rich","18","267","de_len_anomaly"
"content/b2/reading/B2-T2-010.json","Q2","1","b2","multiple_choice","2","b","rewritten","rich","63","203",""
"content/b2/reading/B2-T2-010.json","Q3","2","b2","multiple_choice","2","b","translate-only","rich","23","239","de_len_anomaly"
"content/b2/reading/B2-T2-010.json","Q4","3","b2","multiple_choice","2","b","translate-only","rich","68","351",""
"content/b2/reading/B2-T2-010.json","Q5","4","b2","multiple_choice","2","b","translate-only","rich","55","267",""
"content/b2/reading/B2-T3-001.json","Q1","0","b2","matching","3","A","translate-only","rich","61","119",""
"content/b2/reading/B2-T3-001.json","Q2","1","b2","matching","3","B","translate-only","rich","61","119",""
"content/b2/reading/B2-T3-001.json","Q3","2","b2","matching","3","G","translate-only","rich","61","119",""
"content/b2/reading/B2-T3-001.json","Q4","3","b2","matching","3","D","translate-only","rich","61","119",""
"content/b2/reading/B2-T3-001.json","Q5","4","b2","matching","3","E","translate-only","rich","61","119",""
"content/b2/reading/B2-T3-002.json","Q1","0","b2","matching","3","A","translate-only","rich","61","119",""
"content/b2/reading/B2-T3-002.json","Q2","1","b2","matching","3","D","translate-only","rich","61","119",""
"content/b2/reading/B2-T3-002.json","Q3","2","b2","matching","3","C","translate-only","rich","61","119",""
"content/b2/reading/B2-T3-002.json","Q4","3","b2","matching","3","E","translate-only","rich","61","119",""
"content/b2/reading/B2-T3-002.json","Q5","4","b2","matching","3","B","translate-only","rich","61","119",""
"content/b2/reading/B2-T3-003.json","Q1","0","b2","matching","3","A","translate-only","rich","61","119",""
"content/b2/reading/B2-T3-003.json","Q2","1","b2","matching","3","D","translate-only","rich","61","119",""
"content/b2/reading/B2-T3-003.json","Q3","2","b2","matching","3","E","translate-only","rich","61","119",""
"content/b2/reading/B2-T3-003.json","Q4","3","b2","matching","3","G","translate-only","rich","61","119",""
"content/b2/reading/B2-T3-003.json","Q5","4","b2","matching","3","C","translate-only","rich","61","119",""
"content/b2/reading/B2-T3-004.json","Q1","0","b2","matching","3","A","translate-only","rich","61","119",""
"content/b2/reading/B2-T3-004.json","Q2","1","b2","matching","3","H","translate-only","rich","61","119",""
"content/b2/reading/B2-T3-004.json","Q3","2","b2","matching","3","G","translate-only","rich","61","119",""
"content/b2/reading/B2-T3-004.json","Q4","3","b2","matching","3","B","translate-only","rich","61","119",""
"content/b2/reading/B2-T3-004.json","Q5","4","b2","matching","3","F","translate-only","rich","61","119",""
"content/b2/reading/B2-T3-005.json","Q1","0","b2","matching","3","D","translate-only","rich","61","119",""
"content/b2/reading/B2-T3-005.json","Q2","1","b2","matching","3","C","translate-only","rich","61","119",""
"content/b2/reading/B2-T3-005.json","Q3","2","b2","matching","3","G","translate-only","rich","61","119",""
"content/b2/reading/B2-T3-005.json","Q4","3","b2","matching","3","F","translate-only","rich","61","119",""
"content/b2/reading/B2-T3-005.json","Q5","4","b2","matching","3","H","translate-only","rich","61","119",""
"content/b2/reading/B2-T3-006.json","Q1","0","b2","matching","3","E","translate-only","rich","61","119",""
"content/b2/reading/B2-T3-006.json","Q2","1","b2","matching","3","D","translate-only","rich","61","119",""
"content/b2/reading/B2-T3-006.json","Q3","2","b2","matching","3","C","translate-only","rich","61","119",""
"content/b2/reading/B2-T3-006.json","Q4","3","b2","matching","3","H","translate-only","rich","61","119",""
"content/b2/reading/B2-T3-006.json","Q5","4","b2","matching","3","A","translate-only","rich","61","119",""
"content/b2/reading/B2-T3-007.json","Q1","0","b2","matching","3","C","translate-only","rich","61","119",""
"content/b2/reading/B2-T3-007.json","Q2","1","b2","matching","3","F","translate-only","rich","61","119",""
"content/b2/reading/B2-T3-007.json","Q3","2","b2","matching","3","E","translate-only","rich","61","119",""
"content/b2/reading/B2-T3-007.json","Q4","3","b2","matching","3","A","translate-only","rich","61","119",""
"content/b2/reading/B2-T3-007.json","Q5","4","b2","matching","3","D","translate-only","rich","61","119",""
"content/b2/reading/B2-T3-008.json","Q1","0","b2","matching","3","A","translate-only","rich","61","119",""
"content/b2/reading/B2-T3-008.json","Q2","1","b2","matching","3","G","translate-only","rich","61","119",""
"content/b2/reading/B2-T3-008.json","Q3","2","b2","matching","3","F","translate-only","rich","61","119",""
"content/b2/reading/B2-T3-008.json","Q4","3","b2","matching","3","E","translate-only","rich","61","119",""
"content/b2/reading/B2-T3-008.json","Q5","4","b2","matching","3","B","translate-only","rich","61","119",""
"content/b2/reading/B2-T3-009.json","Q1","0","b2","matching","3","B","translate-only","rich","61","119",""
"content/b2/reading/B2-T3-009.json","Q2","1","b2","matching","3","G","translate-only","rich","61","119",""
"content/b2/reading/B2-T3-009.json","Q3","2","b2","matching","3","D","translate-only","rich","61","119",""
"content/b2/reading/B2-T3-009.json","Q4","3","b2","matching","3","C","translate-only","rich","61","119",""
"content/b2/reading/B2-T3-009.json","Q5","4","b2","matching","3","E","translate-only","rich","61","119",""
"content/b2/reading/B2-T3-010.json","Q1","0","b2","matching","3","C","translate-only","rich","61","119",""
"content/b2/reading/B2-T3-010.json","Q2","1","b2","matching","3","B","translate-only","rich","61","119",""
"content/b2/reading/B2-T3-010.json","Q3","2","b2","matching","3","F","translate-only","rich","61","119",""
"content/b2/reading/B2-T3-010.json","Q4","3","b2","matching","3","E","translate-only","rich","61","119",""
"content/b2/reading/B2-T3-010.json","Q5","4","b2","matching","3","D","translate-only","rich","61","119",""
"content/b2/reading/B2-T4-001.json","Q1","0","b2","ja_nein","4","ja","rewritten","rich","131","280",""
"content/b2/reading/B2-T4-001.json","Q2","1","b2","ja_nein","4","nein","rewritten","rich","130","273",""
"content/b2/reading/B2-T4-001.json","Q3","2","b2","ja_nein","4","nein","rewritten","rich","126","290",""
"content/b2/reading/B2-T4-001.json","Q4","3","b2","ja_nein","4","ja","rewritten","rich","117","290",""
"content/b2/reading/B2-T4-001.json","Q5","4","b2","ja_nein","4","nein","rewritten","rich","128","309",""
"content/b2/reading/B2-T4-002.json","Q1","0","b2","ja_nein","4","ja","rewritten","rich","131","291",""
"content/b2/reading/B2-T4-002.json","Q2","1","b2","ja_nein","4","nein","rewritten","rich","116","285",""
"content/b2/reading/B2-T4-002.json","Q3","2","b2","ja_nein","4","ja","rewritten","rich","131","319",""
"content/b2/reading/B2-T4-002.json","Q4","3","b2","ja_nein","4","nein","rewritten","rich","130","273",""
"content/b2/reading/B2-T4-002.json","Q5","4","b2","ja_nein","4","nein","rewritten","rich","125","303",""
"content/b2/reading/B2-T4-003.json","Q1","0","b2","ja_nein","4","ja","rewritten","rich","120","288",""
"content/b2/reading/B2-T4-003.json","Q2","1","b2","ja_nein","4","nein","rewritten","rich","122","297",""
"content/b2/reading/B2-T4-003.json","Q3","2","b2","ja_nein","4","nein","rewritten","rich","119","251",""
"content/b2/reading/B2-T4-003.json","Q4","3","b2","ja_nein","4","ja","rewritten","rich","131","278",""
"content/b2/reading/B2-T4-003.json","Q5","4","b2","ja_nein","4","nein","rewritten","rich","115","283",""
"content/b2/reading/B2-T4-004.json","Q1","0","b2","ja_nein","4","ja","rewritten","rich","120","256",""
"content/b2/reading/B2-T4-004.json","Q2","1","b2","ja_nein","4","nein","rewritten","rich","128","294",""
"content/b2/reading/B2-T4-004.json","Q3","2","b2","ja_nein","4","nein","rewritten","rich","125","263",""
"content/b2/reading/B2-T4-004.json","Q4","3","b2","ja_nein","4","ja","rewritten","rich","126","308",""
"content/b2/reading/B2-T4-004.json","Q5","4","b2","ja_nein","4","nein","rewritten","rich","133","320",""
"content/b2/reading/B2-T4-005.json","Q1","0","b2","ja_nein","4","nein","rewritten","rich","131","275",""
"content/b2/reading/B2-T4-005.json","Q2","1","b2","ja_nein","4","ja","rewritten","rich","126","300",""
"content/b2/reading/B2-T4-005.json","Q3","2","b2","ja_nein","4","nein","rewritten","rich","124","286",""
"content/b2/reading/B2-T4-005.json","Q4","3","b2","ja_nein","4","ja","rewritten","rich","127","310",""
"content/b2/reading/B2-T4-005.json","Q5","4","b2","ja_nein","4","nein","rewritten","rich","124","261",""
"content/b2/reading/B2-T4-006.json","Q1","0","b2","ja_nein","4","ja","rewritten","rich","121","258",""
"content/b2/reading/B2-T4-006.json","Q2","1","b2","ja_nein","4","nein","rewritten","rich","123","259",""
"content/b2/reading/B2-T4-006.json","Q3","2","b2","ja_nein","4","nein","rewritten","rich","132","318",""
"content/b2/reading/B2-T4-006.json","Q4","3","b2","ja_nein","4","ja","rewritten","rich","131","305",""
"content/b2/reading/B2-T4-006.json","Q5","4","b2","ja_nein","4","nein","rewritten","rich","122","282",""
"content/b2/reading/B2-T4-007.json","Q1","0","b2","ja_nein","4","ja","rewritten","rich","131","291",""
"content/b2/reading/B2-T4-007.json","Q2","1","b2","ja_nein","4","nein","rewritten","rich","133","313",""
"content/b2/reading/B2-T4-007.json","Q3","2","b2","ja_nein","4","nein","rewritten","rich","132","309",""
"content/b2/reading/B2-T4-007.json","Q4","3","b2","ja_nein","4","ja","rewritten","rich","128","304",""
"content/b2/reading/B2-T4-007.json","Q5","4","b2","ja_nein","4","nein","rewritten","rich","127","267",""
"content/b2/reading/B2-T4-008.json","Q1","0","b2","ja_nein","4","nein","rewritten","rich","111","235",""
"content/b2/reading/B2-T4-008.json","Q2","1","b2","ja_nein","4","ja","rewritten","rich","131","318",""
"content/b2/reading/B2-T4-008.json","Q3","2","b2","ja_nein","4","nein","rewritten","rich","133","320",""
"content/b2/reading/B2-T4-008.json","Q4","3","b2","ja_nein","4","ja","rewritten","rich","112","240",""
"content/b2/reading/B2-T4-008.json","Q5","4","b2","ja_nein","4","nein","rewritten","rich","130","298",""
"content/b2/reading/B2-T4-009.json","Q1","0","b2","ja_nein","4","ja","rewritten","rich","131","279",""
"content/b2/reading/B2-T4-009.json","Q2","1","b2","ja_nein","4","nein","rewritten","rich","117","279",""
"content/b2/reading/B2-T4-009.json","Q3","2","b2","ja_nein","4","nein","rewritten","rich","121","280",""
"content/b2/reading/B2-T4-009.json","Q4","3","b2","ja_nein","4","ja","rewritten","rich","127","302",""
"content/b2/reading/B2-T4-009.json","Q5","4","b2","ja_nein","4","nein","rewritten","rich","124","261",""
"content/b2/reading/B2-T4-010.json","Q1","0","b2","ja_nein","4","nein","rewritten","rich","133","285",""
"content/b2/reading/B2-T4-010.json","Q2","1","b2","ja_nein","4","ja","rewritten","rich","118","277",""
"content/b2/reading/B2-T4-010.json","Q3","2","b2","ja_nein","4","nein","rewritten","rich","106","225",""
"content/b2/reading/B2-T4-010.json","Q4","3","b2","ja_nein","4","ja","rewritten","rich","127","310",""
"content/b2/reading/B2-T4-010.json","Q5","4","b2","ja_nein","4","nein","rewritten","rich","111","275",""
"content/b2/reading/B2-T5-001.json","Q1","0","b2","multiple_choice","5","b","rewritten","rich","108","334",""
"content/b2/reading/B2-T5-001.json","Q2","1","b2","multiple_choice","5","b","rewritten","rich","83","249",""
"content/b2/reading/B2-T5-001.json","Q3","2","b2","multiple_choice","5","a","rewritten","rich","108","288",""
"content/b2/reading/B2-T5-001.json","Q4","3","b2","multiple_choice","5","b","rewritten","rich","90","294",""
"content/b2/reading/B2-T5-001.json","Q5","4","b2","multiple_choice","5","b","rewritten","rich","93","273",""
"content/b2/reading/B2-T5-002.json","Q1","0","b2","multiple_choice","5","b","rewritten","rich","72","285",""
"content/b2/reading/B2-T5-002.json","Q2","1","b2","multiple_choice","5","b","rewritten","rich","95","326",""
"content/b2/reading/B2-T5-002.json","Q3","2","b2","multiple_choice","5","b","rewritten","rich","88","252",""
"content/b2/reading/B2-T5-002.json","Q4","3","b2","multiple_choice","5","b","rewritten","rich","62","215",""
"content/b2/reading/B2-T5-002.json","Q5","4","b2","multiple_choice","5","b","rewritten","rich","98","314",""
"content/b2/reading/B2-T5-003.json","Q1","0","b2","multiple_choice","5","b","rewritten","rich","109","359",""
"content/b2/reading/B2-T5-003.json","Q2","1","b2","multiple_choice","5","b","rewritten","rich","60","256",""
"content/b2/reading/B2-T5-003.json","Q3","2","b2","multiple_choice","5","b","rewritten","rich","61","233",""
"content/b2/reading/B2-T5-003.json","Q4","3","b2","multiple_choice","5","b","rewritten","rich","62","204",""
"content/b2/reading/B2-T5-003.json","Q5","4","b2","multiple_choice","5","b","rewritten","rich","88","263",""
"content/b2/reading/B2-T5-004.json","Q1","0","b2","multiple_choice","5","b","rewritten","rich","102","326",""
"content/b2/reading/B2-T5-004.json","Q2","1","b2","multiple_choice","5","b","rewritten","rich","97","287",""
"content/b2/reading/B2-T5-004.json","Q3","2","b2","multiple_choice","5","b","rewritten","rich","106","353",""
"content/b2/reading/B2-T5-004.json","Q4","3","b2","multiple_choice","5","b","rewritten","rich","99","274",""
"content/b2/reading/B2-T5-004.json","Q5","4","b2","multiple_choice","5","b","rewritten","rich","102","260",""
"content/b2/reading/B2-T5-005.json","Q1","0","b2","multiple_choice","5","b","rewritten","rich","82","305",""
"content/b2/reading/B2-T5-005.json","Q2","1","b2","multiple_choice","5","b","rewritten","rich","64","260",""
"content/b2/reading/B2-T5-005.json","Q3","2","b2","multiple_choice","5","a","rewritten","rich","98","330",""
"content/b2/reading/B2-T5-005.json","Q4","3","b2","multiple_choice","5","b","rewritten","rich","116","283",""
"content/b2/reading/B2-T5-005.json","Q5","4","b2","multiple_choice","5","b","rewritten","rich","88","259",""
"content/b2/reading/B2-T5-006.json","Q1","0","b2","multiple_choice","5","b","rewritten","rich","85","270",""
"content/b2/reading/B2-T5-006.json","Q2","1","b2","multiple_choice","5","b","rewritten","rich","82","286",""
"content/b2/reading/B2-T5-006.json","Q3","2","b2","multiple_choice","5","b","rewritten","rich","100","285",""
"content/b2/reading/B2-T5-006.json","Q4","3","b2","multiple_choice","5","b","rewritten","rich","93","310",""
"content/b2/reading/B2-T5-006.json","Q5","4","b2","multiple_choice","5","b","rewritten","rich","110","349",""
"content/b2/reading/B2-T5-007.json","Q1","0","b2","multiple_choice","5","b","rewritten","rich","62","213",""
"content/b2/reading/B2-T5-007.json","Q2","1","b2","multiple_choice","5","b","rewritten","rich","66","273",""
"content/b2/reading/B2-T5-007.json","Q3","2","b2","multiple_choice","5","b","rewritten","rich","91","292",""
"content/b2/reading/B2-T5-007.json","Q4","3","b2","multiple_choice","5","b","rewritten","rich","78","224",""
"content/b2/reading/B2-T5-007.json","Q5","4","b2","multiple_choice","5","b","rewritten","rich","106","301",""
"content/b2/reading/B2-T5-008.json","Q1","0","b2","multiple_choice","5","b","rewritten","rich","64","269",""
"content/b2/reading/B2-T5-008.json","Q2","1","b2","multiple_choice","5","b","rewritten","rich","99","339",""
"content/b2/reading/B2-T5-008.json","Q3","2","b2","multiple_choice","5","b","rewritten","rich","107","319",""
"content/b2/reading/B2-T5-008.json","Q4","3","b2","multiple_choice","5","b","rewritten","rich","99","275",""
"content/b2/reading/B2-T5-008.json","Q5","4","b2","multiple_choice","5","b","rewritten","rich","100","290",""
"content/b2/reading/B2-T5-009.json","Q1","0","b2","multiple_choice","5","b","rewritten","rich","62","255",""
"content/b2/reading/B2-T5-009.json","Q2","1","b2","multiple_choice","5","b","rewritten","rich","62","265",""
"content/b2/reading/B2-T5-009.json","Q3","2","b2","multiple_choice","5","b","rewritten","rich","77","281",""
"content/b2/reading/B2-T5-009.json","Q4","3","b2","multiple_choice","5","b","rewritten","rich","105","289",""
"content/b2/reading/B2-T5-009.json","Q5","4","b2","multiple_choice","5","b","rewritten","rich","105","307",""
"content/b2/reading/B2-T5-010.json","Q1","0","b2","multiple_choice","5","b","rewritten","rich","61","263",""
"content/b2/reading/B2-T5-010.json","Q2","1","b2","multiple_choice","5","b","rewritten","rich","89","277",""
"content/b2/reading/B2-T5-010.json","Q3","2","b2","multiple_choice","5","b","rewritten","rich","73","219",""
"content/b2/reading/B2-T5-010.json","Q4","3","b2","multiple_choice","5","b","rewritten","rich","63","239",""
"content/b2/reading/B2-T5-010.json","Q5","4","b2","multiple_choice","5","b","rewritten","rich","97","248",""
"content/c1/reading/C1-T2-001.json","Q1","0","c1","multiple_choice","2","b","rewritten","rich","151","375",""
"content/c1/reading/C1-T2-001.json","Q2","1","c1","multiple_choice","2","b","rewritten","rich","168","388",""
"content/c1/reading/C1-T2-001.json","Q3","2","c1","multiple_choice","2","b","rewritten","rich","200","433",""
"content/c1/reading/C1-T2-001.json","Q4","3","c1","multiple_choice","2","b","rewritten","rich","200","408",""
"content/c1/reading/C1-T2-001.json","Q5","4","c1","multiple_choice","2","b","rewritten","rich","200","435",""
"content/c1/reading/C1-T2-001.json","Q6","5","c1","multiple_choice","2","b","rewritten","rich","200","449",""
"content/c1/reading/C1-T2-001.json","Q7","6","c1","multiple_choice","2","b","rewritten","rich","200","343",""
"content/c1/reading/C1-T2-002.json","Q1","0","c1","multiple_choice","2","a","rewritten","rich","200","354",""
"content/c1/reading/C1-T2-002.json","Q2","1","c1","multiple_choice","2","b","rewritten","rich","200","398",""
"content/c1/reading/C1-T2-002.json","Q3","2","c1","multiple_choice","2","b","rewritten","rich","200","457",""
"content/c1/reading/C1-T2-002.json","Q4","3","c1","multiple_choice","2","b","rewritten","rich","200","416",""
"content/c1/reading/C1-T2-002.json","Q5","4","c1","multiple_choice","2","b","rewritten","rich","174","418",""
"content/c1/reading/C1-T2-002.json","Q6","5","c1","multiple_choice","2","b","rewritten","rich","200","372",""
"content/c1/reading/C1-T2-002.json","Q7","6","c1","multiple_choice","2","b","rewritten","rich","200","367",""
"content/c1/reading/C1-T2-003.json","Q1","0","c1","multiple_choice","2","b","rewritten","rich","200","360",""
"content/c1/reading/C1-T2-003.json","Q2","1","c1","multiple_choice","2","b","rewritten","rich","190","369",""
"content/c1/reading/C1-T2-003.json","Q3","2","c1","multiple_choice","2","a","rewritten","rich","200","379",""
"content/c1/reading/C1-T2-003.json","Q4","3","c1","multiple_choice","2","b","rewritten","rich","181","366",""
"content/c1/reading/C1-T2-003.json","Q5","4","c1","multiple_choice","2","b","rewritten","rich","171","325",""
"content/c1/reading/C1-T2-003.json","Q6","5","c1","multiple_choice","2","b","rewritten","rich","180","391",""
"content/c1/reading/C1-T2-003.json","Q7","6","c1","multiple_choice","2","b","rewritten","rich","163","392",""
"content/c1/reading/C1-T2-004.json","Q1","0","c1","multiple_choice","2","b","rewritten","rich","177","310",""
"content/c1/reading/C1-T2-004.json","Q2","1","c1","multiple_choice","2","b","rewritten","rich","200","368",""
"content/c1/reading/C1-T2-004.json","Q3","2","c1","multiple_choice","2","b","rewritten","rich","200","380",""
"content/c1/reading/C1-T2-004.json","Q4","3","c1","multiple_choice","2","b","rewritten","rich","200","399",""
"content/c1/reading/C1-T2-004.json","Q5","4","c1","multiple_choice","2","b","rewritten","rich","200","433",""
"content/c1/reading/C1-T2-004.json","Q6","5","c1","multiple_choice","2","b","rewritten","rich","200","429",""
"content/c1/reading/C1-T2-004.json","Q7","6","c1","multiple_choice","2","b","rewritten","rich","147","351",""
"content/c1/reading/C1-T2-005.json","Q1","0","c1","multiple_choice","2","b","rewritten","rich","200","340",""
"content/c1/reading/C1-T2-005.json","Q2","1","c1","multiple_choice","2","b","rewritten","rich","127","314",""
"content/c1/reading/C1-T2-005.json","Q3","2","c1","multiple_choice","2","b","rewritten","rich","200","424",""
"content/c1/reading/C1-T2-005.json","Q4","3","c1","multiple_choice","2","b","rewritten","rich","200","387",""
"content/c1/reading/C1-T2-005.json","Q5","4","c1","multiple_choice","2","b","rewritten","rich","184","395",""
"content/c1/reading/C1-T2-005.json","Q6","5","c1","multiple_choice","2","b","rewritten","rich","121","242",""
"content/c1/reading/C1-T2-005.json","Q7","6","c1","multiple_choice","2","b","rewritten","rich","200","388",""
"content/c1/reading/C1-T2-006.json","Q1","0","c1","multiple_choice","2","a","rewritten","rich","200","402",""
"content/c1/reading/C1-T2-006.json","Q2","1","c1","multiple_choice","2","b","rewritten","rich","200","414",""
"content/c1/reading/C1-T2-006.json","Q3","2","c1","multiple_choice","2","b","rewritten","rich","199","369",""
"content/c1/reading/C1-T2-006.json","Q4","3","c1","multiple_choice","2","b","rewritten","rich","200","400",""
"content/c1/reading/C1-T2-006.json","Q5","4","c1","multiple_choice","2","b","rewritten","rich","200","392",""
"content/c1/reading/C1-T2-006.json","Q6","5","c1","multiple_choice","2","b","rewritten","rich","200","346",""
"content/c1/reading/C1-T2-006.json","Q7","6","c1","multiple_choice","2","b","rewritten","rich","165","374",""
"content/c1/reading/C1-T2-007.json","Q1","0","c1","multiple_choice","2","b","rewritten","rich","159","319",""
"content/c1/reading/C1-T2-007.json","Q2","1","c1","multiple_choice","2","b","rewritten","rich","179","372",""
"content/c1/reading/C1-T2-007.json","Q3","2","c1","multiple_choice","2","b","rewritten","rich","200","403",""
"content/c1/reading/C1-T2-007.json","Q4","3","c1","multiple_choice","2","b","rewritten","rich","200","386",""
"content/c1/reading/C1-T2-007.json","Q5","4","c1","multiple_choice","2","b","rewritten","rich","200","423",""
"content/c1/reading/C1-T2-007.json","Q6","5","c1","multiple_choice","2","b","rewritten","rich","200","413",""
"content/c1/reading/C1-T2-007.json","Q7","6","c1","multiple_choice","2","b","rewritten","rich","200","395",""
"content/c1/reading/C1-T2-008.json","Q1","0","c1","multiple_choice","2","b","rewritten","rich","200","389",""
"content/c1/reading/C1-T2-008.json","Q2","1","c1","multiple_choice","2","b","rewritten","rich","200","356",""
"content/c1/reading/C1-T2-008.json","Q3","2","c1","multiple_choice","2","b","rewritten","rich","200","382",""
"content/c1/reading/C1-T2-008.json","Q4","3","c1","multiple_choice","2","b","rewritten","rich","135","363",""
"content/c1/reading/C1-T2-008.json","Q5","4","c1","multiple_choice","2","b","rewritten","rich","200","356",""
"content/c1/reading/C1-T2-008.json","Q6","5","c1","multiple_choice","2","b","rewritten","rich","200","390",""
"content/c1/reading/C1-T2-008.json","Q7","6","c1","multiple_choice","2","b","rewritten","rich","200","431",""
"content/c1/reading/C1-T2-009.json","Q1","0","c1","multiple_choice","2","b","rewritten","rich","200","411",""
"content/c1/reading/C1-T2-009.json","Q2","1","c1","multiple_choice","2","b","rewritten","rich","176","312",""
"content/c1/reading/C1-T2-009.json","Q3","2","c1","multiple_choice","2","b","rewritten","rich","200","346",""
"content/c1/reading/C1-T2-009.json","Q4","3","c1","multiple_choice","2","b","rewritten","rich","193","385",""
"content/c1/reading/C1-T2-009.json","Q5","4","c1","multiple_choice","2","b","rewritten","rich","195","419",""
"content/c1/reading/C1-T2-009.json","Q6","5","c1","multiple_choice","2","b","rewritten","rich","200","382",""
"content/c1/reading/C1-T2-009.json","Q7","6","c1","multiple_choice","2","b","rewritten","rich","200","406",""
"content/c1/reading/C1-T2-010.json","Q1","0","c1","multiple_choice","2","b","rewritten","rich","200","401",""
"content/c1/reading/C1-T2-010.json","Q2","1","c1","multiple_choice","2","b","rewritten","rich","199","398",""
"content/c1/reading/C1-T2-010.json","Q3","2","c1","multiple_choice","2","b","rewritten","rich","187","444",""
"content/c1/reading/C1-T2-010.json","Q4","3","c1","multiple_choice","2","b","rewritten","rich","197","368",""
"content/c1/reading/C1-T2-010.json","Q5","4","c1","multiple_choice","2","b","rewritten","rich","132","288",""
"content/c1/reading/C1-T2-010.json","Q6","5","c1","multiple_choice","2","b","rewritten","rich","147","305",""
"content/c1/reading/C1-T2-010.json","Q7","6","c1","multiple_choice","2","b","rewritten","rich","200","434",""
"content/c1/reading/C1-T2-011.json","Q1","0","c1","multiple_choice","2","b","rewritten","rich","200","388",""
"content/c1/reading/C1-T2-011.json","Q2","1","c1","multiple_choice","2","b","rewritten","rich","200","358",""
"content/c1/reading/C1-T2-011.json","Q3","2","c1","multiple_choice","2","b","rewritten","rich","146","386",""
"content/c1/reading/C1-T2-011.json","Q4","3","c1","multiple_choice","2","b","rewritten","rich","200","410",""
"content/c1/reading/C1-T2-011.json","Q5","4","c1","multiple_choice","2","b","rewritten","rich","200","429",""
"content/c1/reading/C1-T2-011.json","Q6","5","c1","multiple_choice","2","b","rewritten","rich","193","404",""
"content/c1/reading/C1-T2-011.json","Q7","6","c1","multiple_choice","2","b","rewritten","rich","200","382",""
"content/c1/reading/C1-T2-012.json","Q1","0","c1","multiple_choice","2","b","rewritten","rich","200","397",""
"content/c1/reading/C1-T2-012.json","Q2","1","c1","multiple_choice","2","b","rewritten","rich","200","399",""
"content/c1/reading/C1-T2-012.json","Q3","2","c1","multiple_choice","2","b","rewritten","rich","200","415",""
"content/c1/reading/C1-T2-012.json","Q4","3","c1","multiple_choice","2","b","rewritten","rich","200","366",""
"content/c1/reading/C1-T2-012.json","Q5","4","c1","multiple_choice","2","b","rewritten","rich","168","338",""
"content/c1/reading/C1-T2-012.json","Q6","5","c1","multiple_choice","2","b","rewritten","rich","152","372",""
"content/c1/reading/C1-T2-012.json","Q7","6","c1","multiple_choice","2","b","rewritten","rich","143","313",""
"content/c1/reading/C1-T4-001.json","Q1","0","c1","matching","4","A","rewritten","rich","64","124",""
"content/c1/reading/C1-T4-001.json","Q2","1","c1","matching","4","B","rewritten","rich","64","124",""
"content/c1/reading/C1-T4-001.json","Q3","2","c1","matching","4","C","rewritten","rich","64","124",""
"content/c1/reading/C1-T4-001.json","Q4","3","c1","matching","4","D","rewritten","rich","64","124",""
"content/c1/reading/C1-T4-001.json","Q5","4","c1","matching","4","B","rewritten","rich","64","124",""
"content/c1/reading/C1-T4-001.json","Q6","5","c1","matching","4","C","rewritten","rich","64","124",""
"content/c1/reading/C1-T4-001.json","Q7","6","c1","matching","4","A","rewritten","rich","64","124",""
"content/c1/reading/C1-T4-002.json","Q1","0","c1","matching","4","A","rewritten","rich","64","124",""
"content/c1/reading/C1-T4-002.json","Q2","1","c1","matching","4","B","rewritten","rich","64","124",""
"content/c1/reading/C1-T4-002.json","Q3","2","c1","matching","4","C","rewritten","rich","64","124",""
"content/c1/reading/C1-T4-002.json","Q4","3","c1","matching","4","D","rewritten","rich","64","124",""
"content/c1/reading/C1-T4-002.json","Q5","4","c1","matching","4","A","rewritten","rich","64","124",""
"content/c1/reading/C1-T4-002.json","Q6","5","c1","matching","4","C","rewritten","rich","64","124",""
"content/c1/reading/C1-T4-002.json","Q7","6","c1","matching","4","D","rewritten","rich","64","124",""
"content/c1/reading/C1-T4-003.json","Q1","0","c1","matching","4","A","rewritten","rich","64","124",""
"content/c1/reading/C1-T4-003.json","Q2","1","c1","matching","4","B","rewritten","rich","64","124",""
"content/c1/reading/C1-T4-003.json","Q3","2","c1","matching","4","C","rewritten","rich","64","124",""
"content/c1/reading/C1-T4-003.json","Q4","3","c1","matching","4","D","rewritten","rich","64","124",""
"content/c1/reading/C1-T4-003.json","Q5","4","c1","matching","4","A","rewritten","rich","64","124",""
"content/c1/reading/C1-T4-003.json","Q6","5","c1","matching","4","C","rewritten","rich","64","124",""
"content/c1/reading/C1-T4-003.json","Q7","6","c1","matching","4","D","rewritten","rich","64","124",""
"content/c1/reading/C1-T4-004.json","Q1","0","c1","matching","4","A","rewritten","rich","64","124",""
"content/c1/reading/C1-T4-004.json","Q2","1","c1","matching","4","B","rewritten","rich","64","124",""
"content/c1/reading/C1-T4-004.json","Q3","2","c1","matching","4","C","rewritten","rich","64","124",""
"content/c1/reading/C1-T4-004.json","Q4","3","c1","matching","4","D","rewritten","rich","64","124",""
"content/c1/reading/C1-T4-004.json","Q5","4","c1","matching","4","A","rewritten","rich","64","124",""
"content/c1/reading/C1-T4-004.json","Q6","5","c1","matching","4","C","rewritten","rich","64","124",""
"content/c1/reading/C1-T4-004.json","Q7","6","c1","matching","4","D","rewritten","rich","64","124",""
"content/c1/reading/C1-T4-005.json","Q1","0","c1","matching","4","A","rewritten","rich","64","124",""
"content/c1/reading/C1-T4-005.json","Q2","1","c1","matching","4","B","rewritten","rich","64","124",""
"content/c1/reading/C1-T4-005.json","Q3","2","c1","matching","4","C","rewritten","rich","64","124",""
"content/c1/reading/C1-T4-005.json","Q4","3","c1","matching","4","D","rewritten","rich","64","124",""
"content/c1/reading/C1-T4-005.json","Q5","4","c1","matching","4","A","rewritten","rich","64","124",""
"content/c1/reading/C1-T4-005.json","Q6","5","c1","matching","4","C","rewritten","rich","64","124",""
"content/c1/reading/C1-T4-005.json","Q7","6","c1","matching","4","B","rewritten","rich","64","124",""
"content/c1/reading/C1-T4-006.json","Q1","0","c1","matching","4","A","rewritten","rich","64","124",""
"content/c1/reading/C1-T4-006.json","Q2","1","c1","matching","4","B","rewritten","rich","64","124",""
"content/c1/reading/C1-T4-006.json","Q3","2","c1","matching","4","C","rewritten","rich","64","124",""
"content/c1/reading/C1-T4-006.json","Q4","3","c1","matching","4","D","rewritten","rich","64","124",""
"content/c1/reading/C1-T4-006.json","Q5","4","c1","matching","4","C","rewritten","rich","64","124",""
"content/c1/reading/C1-T4-006.json","Q6","5","c1","matching","4","D","rewritten","rich","64","124",""
"content/c1/reading/C1-T4-006.json","Q7","6","c1","matching","4","B","rewritten","rich","64","124",""
"content/c1/reading/C1-T4-007.json","Q1","0","c1","matching","4","A","rewritten","rich","64","124",""
"content/c1/reading/C1-T4-007.json","Q2","1","c1","matching","4","B","rewritten","rich","64","124",""
"content/c1/reading/C1-T4-007.json","Q3","2","c1","matching","4","C","rewritten","rich","64","124",""
"content/c1/reading/C1-T4-007.json","Q4","3","c1","matching","4","D","rewritten","rich","64","124",""
"content/c1/reading/C1-T4-007.json","Q5","4","c1","matching","4","A","rewritten","rich","64","124",""
"content/c1/reading/C1-T4-007.json","Q6","5","c1","matching","4","C","rewritten","rich","64","124",""
"content/c1/reading/C1-T4-007.json","Q7","6","c1","matching","4","D","rewritten","rich","64","124",""
"content/c1/reading/C1-T4-008.json","Q1","0","c1","matching","4","A","rewritten","rich","64","124",""
"content/c1/reading/C1-T4-008.json","Q2","1","c1","matching","4","B","rewritten","rich","64","124",""
"content/c1/reading/C1-T4-008.json","Q3","2","c1","matching","4","C","rewritten","rich","64","124",""
"content/c1/reading/C1-T4-008.json","Q4","3","c1","matching","4","D","rewritten","rich","64","124",""
"content/c1/reading/C1-T4-008.json","Q5","4","c1","matching","4","C","rewritten","rich","64","124",""
"content/c1/reading/C1-T4-008.json","Q6","5","c1","matching","4","B","rewritten","rich","64","124",""
"content/c1/reading/C1-T4-008.json","Q7","6","c1","matching","4","D","rewritten","rich","64","124",""
"content/c1/reading/C1-T4-009.json","Q1","0","c1","matching","4","A","rewritten","rich","64","124",""
"content/c1/reading/C1-T4-009.json","Q2","1","c1","matching","4","B","rewritten","rich","64","124",""
"content/c1/reading/C1-T4-009.json","Q3","2","c1","matching","4","C","rewritten","rich","64","124",""
"content/c1/reading/C1-T4-009.json","Q4","3","c1","matching","4","D","rewritten","rich","64","124",""
"content/c1/reading/C1-T4-009.json","Q5","4","c1","matching","4","A","rewritten","rich","64","124",""
"content/c1/reading/C1-T4-009.json","Q6","5","c1","matching","4","B","rewritten","rich","64","124",""
"content/c1/reading/C1-T4-009.json","Q7","6","c1","matching","4","D","rewritten","rich","64","124",""
"content/c1/reading/C1-T4-010.json","Q1","0","c1","matching","4","A","rewritten","rich","64","124",""
"content/c1/reading/C1-T4-010.json","Q2","1","c1","matching","4","B","rewritten","rich","64","124",""
"content/c1/reading/C1-T4-010.json","Q3","2","c1","matching","4","C","rewritten","rich","64","124",""
"content/c1/reading/C1-T4-010.json","Q4","3","c1","matching","4","D","rewritten","rich","64","124",""
"content/c1/reading/C1-T4-010.json","Q5","4","c1","matching","4","A","rewritten","rich","64","124",""
"content/c1/reading/C1-T4-010.json","Q6","5","c1","matching","4","B","rewritten","rich","64","124",""
"content/c1/reading/C1-T4-010.json","Q7","6","c1","matching","4","D","rewritten","rich","64","124",""
"content/c1/reading/C1-T4-011.json","Q1","0","c1","matching","4","A","rewritten","rich","64","124",""
"content/c1/reading/C1-T4-011.json","Q2","1","c1","matching","4","B","rewritten","rich","64","124",""
"content/c1/reading/C1-T4-011.json","Q3","2","c1","matching","4","C","rewritten","rich","64","124",""
"content/c1/reading/C1-T4-011.json","Q4","3","c1","matching","4","D","rewritten","rich","64","124",""
"content/c1/reading/C1-T4-011.json","Q5","4","c1","matching","4","A","rewritten","rich","64","124",""
"content/c1/reading/C1-T4-011.json","Q6","5","c1","matching","4","B","rewritten","rich","64","124",""
"content/c1/reading/C1-T4-011.json","Q7","6","c1","matching","4","C","rewritten","rich","64","124",""
"content/c1/reading/C1-T4-012.json","Q1","0","c1","matching","4","A","rewritten","rich","64","124",""
"content/c1/reading/C1-T4-012.json","Q2","1","c1","matching","4","B","rewritten","rich","64","124",""
"content/c1/reading/C1-T4-012.json","Q3","2","c1","matching","4","C","rewritten","rich","64","124",""
"content/c1/reading/C1-T4-012.json","Q4","3","c1","matching","4","D","rewritten","rich","64","124",""
"content/c1/reading/C1-T4-012.json","Q5","4","c1","matching","4","A","rewritten","rich","64","124",""
"content/c1/reading/C1-T4-012.json","Q6","5","c1","matching","4","C","rewritten","rich","64","124",""
"content/c1/reading/C1-T4-012.json","Q7","6","c1","matching","4","D","rewritten","rich","64","124",""
"content/c2/reading/C2-T1-001.json","Q1","0","c2","multiple_choice","1","b","rewritten","rich","200","402",""
"content/c2/reading/C2-T1-001.json","Q2","1","c2","multiple_choice","1","c","rewritten","rich","200","373",""
"content/c2/reading/C2-T1-001.json","Q3","2","c2","multiple_choice","1","b","rewritten","rich","200","440",""
"content/c2/reading/C2-T1-001.json","Q4","3","c2","multiple_choice","1","c","rewritten","rich","200","406",""
"content/c2/reading/C2-T1-001.json","Q5","4","c2","multiple_choice","1","b","rewritten","rich","200","429",""
"content/c2/reading/C2-T1-001.json","Q6","5","c2","multiple_choice","1","c","rewritten","rich","200","388",""
"content/c2/reading/C2-T1-001.json","Q7","6","c2","multiple_choice","1","c","rewritten","rich","158","369",""
"content/c2/reading/C2-T1-001.json","Q8","7","c2","multiple_choice","1","b","rewritten","rich","200","439",""
"content/c2/reading/C2-T1-001.json","Q9","8","c2","multiple_choice","1","b","rewritten","rich","199","432",""
"content/c2/reading/C2-T1-001.json","Q10","9","c2","multiple_choice","1","b","rewritten","rich","200","434",""
"content/c2/reading/C2-T1-002.json","Q1","0","c2","multiple_choice","1","b","rewritten","rich","200","400",""
"content/c2/reading/C2-T1-002.json","Q2","1","c2","multiple_choice","1","b","rewritten","rich","200","410",""
"content/c2/reading/C2-T1-002.json","Q3","2","c2","multiple_choice","1","b","rewritten","rich","200","422",""
"content/c2/reading/C2-T1-002.json","Q4","3","c2","multiple_choice","1","b","rewritten","rich","200","409",""
"content/c2/reading/C2-T1-002.json","Q5","4","c2","multiple_choice","1","b","rewritten","rich","200","388",""
"content/c2/reading/C2-T1-002.json","Q6","5","c2","multiple_choice","1","b","rewritten","rich","200","380",""
"content/c2/reading/C2-T1-002.json","Q7","6","c2","multiple_choice","1","b","rewritten","rich","200","365",""
"content/c2/reading/C2-T1-002.json","Q8","7","c2","multiple_choice","1","b","rewritten","rich","164","393",""
"content/c2/reading/C2-T1-002.json","Q9","8","c2","multiple_choice","1","b","rewritten","rich","200","364",""
"content/c2/reading/C2-T1-002.json","Q10","9","c2","multiple_choice","1","b","rewritten","rich","200","432",""
"content/c2/reading/C2-T1-003.json","Q1","0","c2","multiple_choice","1","c","rewritten","rich","200","398",""
"content/c2/reading/C2-T1-003.json","Q2","1","c2","multiple_choice","1","b","rewritten","rich","150","321",""
"content/c2/reading/C2-T1-003.json","Q3","2","c2","multiple_choice","1","b","rewritten","rich","190","407",""
"content/c2/reading/C2-T1-003.json","Q4","3","c2","multiple_choice","1","b","rewritten","rich","200","413",""
"content/c2/reading/C2-T1-003.json","Q5","4","c2","multiple_choice","1","b","rewritten","rich","200","440",""
"content/c2/reading/C2-T1-003.json","Q6","5","c2","multiple_choice","1","b","rewritten","rich","176","319",""
"content/c2/reading/C2-T1-003.json","Q7","6","c2","multiple_choice","1","b","rewritten","rich","178","403",""
"content/c2/reading/C2-T1-003.json","Q8","7","c2","multiple_choice","1","b","rewritten","rich","112","319",""
"content/c2/reading/C2-T1-003.json","Q9","8","c2","multiple_choice","1","b","rewritten","rich","200","417",""
"content/c2/reading/C2-T1-003.json","Q10","9","c2","multiple_choice","1","b","rewritten","rich","200","468",""
"content/c2/reading/C2-T1-004.json","Q1","0","c2","multiple_choice","1","b","rewritten","rich","200","435",""
"content/c2/reading/C2-T1-004.json","Q2","1","c2","multiple_choice","1","b","rewritten","rich","128","273",""
"content/c2/reading/C2-T1-004.json","Q3","2","c2","multiple_choice","1","b","rewritten","rich","185","421",""
"content/c2/reading/C2-T1-004.json","Q4","3","c2","multiple_choice","1","b","rewritten","rich","200","458",""
"content/c2/reading/C2-T1-004.json","Q5","4","c2","multiple_choice","1","b","rewritten","rich","200","402",""
"content/c2/reading/C2-T1-004.json","Q6","5","c2","multiple_choice","1","b","rewritten","rich","200","427",""
"content/c2/reading/C2-T1-004.json","Q7","6","c2","multiple_choice","1","b","rewritten","rich","200","438",""
"content/c2/reading/C2-T1-004.json","Q8","7","c2","multiple_choice","1","b","rewritten","rich","172","355",""
"content/c2/reading/C2-T1-004.json","Q9","8","c2","multiple_choice","1","b","rewritten","rich","185","386",""
"content/c2/reading/C2-T1-004.json","Q10","9","c2","multiple_choice","1","b","rewritten","rich","200","464",""
"content/c2/reading/C2-T1-005.json","Q1","0","c2","multiple_choice","1","b","rewritten","rich","200","418",""
"content/c2/reading/C2-T1-005.json","Q2","1","c2","multiple_choice","1","b","rewritten","rich","200","389",""
"content/c2/reading/C2-T1-005.json","Q3","2","c2","multiple_choice","1","b","rewritten","rich","200","364",""
"content/c2/reading/C2-T1-005.json","Q4","3","c2","multiple_choice","1","b","rewritten","rich","200","439",""
"content/c2/reading/C2-T1-005.json","Q5","4","c2","multiple_choice","1","b","rewritten","rich","200","442",""
"content/c2/reading/C2-T1-005.json","Q6","5","c2","multiple_choice","1","b","rewritten","rich","200","452",""
"content/c2/reading/C2-T1-005.json","Q7","6","c2","multiple_choice","1","b","rewritten","rich","188","416",""
"content/c2/reading/C2-T1-005.json","Q8","7","c2","multiple_choice","1","b","rewritten","rich","200","351",""
"content/c2/reading/C2-T1-005.json","Q9","8","c2","multiple_choice","1","b","rewritten","rich","200","422",""
"content/c2/reading/C2-T1-005.json","Q10","9","c2","multiple_choice","1","b","rewritten","rich","158","382",""
"content/c2/reading/C2-T1-006.json","Q1","0","c2","multiple_choice","1","b","rewritten","rich","200","411",""
"content/c2/reading/C2-T1-006.json","Q2","1","c2","multiple_choice","1","b","rewritten","rich","200","400",""
"content/c2/reading/C2-T1-006.json","Q3","2","c2","multiple_choice","1","b","rewritten","rich","200","426",""
"content/c2/reading/C2-T1-006.json","Q4","3","c2","multiple_choice","1","b","rewritten","rich","200","442",""
"content/c2/reading/C2-T1-006.json","Q5","4","c2","multiple_choice","1","b","rewritten","rich","200","442",""
"content/c2/reading/C2-T1-006.json","Q6","5","c2","multiple_choice","1","b","rewritten","rich","200","390",""
"content/c2/reading/C2-T1-006.json","Q7","6","c2","multiple_choice","1","b","rewritten","rich","188","421",""
"content/c2/reading/C2-T1-006.json","Q8","7","c2","multiple_choice","1","b","rewritten","rich","200","371",""
"content/c2/reading/C2-T1-006.json","Q9","8","c2","multiple_choice","1","b","rewritten","rich","200","429",""
"content/c2/reading/C2-T1-006.json","Q10","9","c2","multiple_choice","1","b","rewritten","rich","158","313",""
"content/c2/reading/C2-T1-007.json","Q1","0","c2","multiple_choice","1","b","rewritten","rich","200","418",""
"content/c2/reading/C2-T1-007.json","Q2","1","c2","multiple_choice","1","b","rewritten","rich","200","403",""
"content/c2/reading/C2-T1-007.json","Q3","2","c2","multiple_choice","1","b","rewritten","rich","200","436",""
"content/c2/reading/C2-T1-007.json","Q4","3","c2","multiple_choice","1","b","rewritten","rich","200","443",""
"content/c2/reading/C2-T1-007.json","Q5","4","c2","multiple_choice","1","b","rewritten","rich","200","440",""
"content/c2/reading/C2-T1-007.json","Q6","5","c2","multiple_choice","1","b","rewritten","rich","200","464",""
"content/c2/reading/C2-T1-007.json","Q7","6","c2","multiple_choice","1","b","rewritten","rich","188","420",""
"content/c2/reading/C2-T1-007.json","Q8","7","c2","multiple_choice","1","b","rewritten","rich","200","351",""
"content/c2/reading/C2-T1-007.json","Q9","8","c2","multiple_choice","1","b","rewritten","rich","200","364",""
"content/c2/reading/C2-T1-007.json","Q10","9","c2","multiple_choice","1","b","rewritten","rich","158","388",""
"content/c2/reading/C2-T1-008.json","Q1","0","c2","multiple_choice","1","b","rewritten","rich","200","418",""
"content/c2/reading/C2-T1-008.json","Q2","1","c2","multiple_choice","1","b","rewritten","rich","200","389",""
"content/c2/reading/C2-T1-008.json","Q3","2","c2","multiple_choice","1","b","rewritten","rich","200","429",""
"content/c2/reading/C2-T1-008.json","Q4","3","c2","multiple_choice","1","b","rewritten","rich","200","442",""
"content/c2/reading/C2-T1-008.json","Q5","4","c2","multiple_choice","1","b","rewritten","rich","200","382",""
"content/c2/reading/C2-T1-008.json","Q6","5","c2","multiple_choice","1","b","rewritten","rich","200","459",""
"content/c2/reading/C2-T1-008.json","Q7","6","c2","multiple_choice","1","b","rewritten","rich","188","413",""
"content/c2/reading/C2-T1-008.json","Q8","7","c2","multiple_choice","1","b","rewritten","rich","200","364",""
"content/c2/reading/C2-T1-008.json","Q9","8","c2","multiple_choice","1","b","rewritten","rich","200","364",""
"content/c2/reading/C2-T1-008.json","Q10","9","c2","multiple_choice","1","b","rewritten","rich","158","371",""
"content/c2/reading/C2-T1-009.json","Q1","0","c2","multiple_choice","1","b","rewritten","rich","200","427",""
"content/c2/reading/C2-T1-009.json","Q2","1","c2","multiple_choice","1","b","rewritten","rich","200","400",""
"content/c2/reading/C2-T1-009.json","Q3","2","c2","multiple_choice","1","b","rewritten","rich","200","433",""
"content/c2/reading/C2-T1-009.json","Q4","3","c2","multiple_choice","1","b","rewritten","rich","200","443",""
"content/c2/reading/C2-T1-009.json","Q5","4","c2","multiple_choice","1","b","rewritten","rich","200","442",""
"content/c2/reading/C2-T1-009.json","Q6","5","c2","multiple_choice","1","b","rewritten","rich","200","445",""
"content/c2/reading/C2-T1-009.json","Q7","6","c2","multiple_choice","1","b","rewritten","rich","188","409",""
"content/c2/reading/C2-T1-009.json","Q8","7","c2","multiple_choice","1","b","rewritten","rich","200","375",""
"content/c2/reading/C2-T1-009.json","Q9","8","c2","multiple_choice","1","b","rewritten","rich","200","364",""
"content/c2/reading/C2-T1-009.json","Q10","9","c2","multiple_choice","1","b","rewritten","rich","158","313",""
"content/c2/reading/C2-T1-010.json","Q1","0","c2","multiple_choice","1","b","rewritten","rich","200","422",""
"content/c2/reading/C2-T1-010.json","Q2","1","c2","multiple_choice","1","b","rewritten","rich","200","403",""
"content/c2/reading/C2-T1-010.json","Q3","2","c2","multiple_choice","1","b","rewritten","rich","200","364",""
"content/c2/reading/C2-T1-010.json","Q4","3","c2","multiple_choice","1","b","rewritten","rich","200","443",""
"content/c2/reading/C2-T1-010.json","Q5","4","c2","multiple_choice","1","b","rewritten","rich","200","440",""
"content/c2/reading/C2-T1-010.json","Q6","5","c2","multiple_choice","1","b","rewritten","rich","200","464",""
"content/c2/reading/C2-T1-010.json","Q7","6","c2","multiple_choice","1","b","rewritten","rich","188","402",""
"content/c2/reading/C2-T1-010.json","Q8","7","c2","multiple_choice","1","b","rewritten","rich","200","375",""
"content/c2/reading/C2-T1-010.json","Q9","8","c2","multiple_choice","1","b","rewritten","rich","200","364",""
"content/c2/reading/C2-T1-010.json","Q10","9","c2","multiple_choice","1","b","rewritten","rich","158","382",""
"content/c2/reading/C2-T1-011.json","Q1","0","c2","multiple_choice","1","b","rewritten","rich","200","427",""
"content/c2/reading/C2-T1-011.json","Q2","1","c2","multiple_choice","1","b","rewritten","rich","200","403",""
"content/c2/reading/C2-T1-011.json","Q3","2","c2","multiple_choice","1","b","rewritten","rich","200","422",""
"content/c2/reading/C2-T1-011.json","Q4","3","c2","multiple_choice","1","b","rewritten","rich","200","386",""
"content/c2/reading/C2-T1-011.json","Q5","4","c2","multiple_choice","1","b","rewritten","rich","200","442",""
"content/c2/reading/C2-T1-011.json","Q6","5","c2","multiple_choice","1","b","rewritten","rich","200","452",""
"content/c2/reading/C2-T1-011.json","Q7","6","c2","multiple_choice","1","b","rewritten","rich","188","409",""
"content/c2/reading/C2-T1-011.json","Q8","7","c2","multiple_choice","1","b","rewritten","rich","200","375",""
"content/c2/reading/C2-T1-011.json","Q9","8","c2","multiple_choice","1","b","rewritten","rich","200","422",""
"content/c2/reading/C2-T1-011.json","Q10","9","c2","multiple_choice","1","b","rewritten","rich","158","313",""
"content/c2/reading/C2-T1-012.json","Q1","0","c2","multiple_choice","1","b","rewritten","rich","200","422",""
"content/c2/reading/C2-T1-012.json","Q2","1","c2","multiple_choice","1","b","rewritten","rich","200","403",""
"content/c2/reading/C2-T1-012.json","Q3","2","c2","multiple_choice","1","b","rewritten","rich","200","436",""
"content/c2/reading/C2-T1-012.json","Q4","3","c2","multiple_choice","1","b","rewritten","rich","200","386",""
"content/c2/reading/C2-T1-012.json","Q5","4","c2","multiple_choice","1","b","rewritten","rich","200","440",""
"content/c2/reading/C2-T1-012.json","Q6","5","c2","multiple_choice","1","b","rewritten","rich","200","464",""
"content/c2/reading/C2-T1-012.json","Q7","6","c2","multiple_choice","1","b","rewritten","rich","188","423",""
"content/c2/reading/C2-T1-012.json","Q8","7","c2","multiple_choice","1","b","rewritten","rich","200","375",""
"content/c2/reading/C2-T1-012.json","Q9","8","c2","multiple_choice","1","b","rewritten","rich","200","364",""
"content/c2/reading/C2-T1-012.json","Q10","9","c2","multiple_choice","1","b","rewritten","rich","158","382",""
"content/c2/reading/C2-T3-001.json","Q1","0","c2","multiple_choice","3","b","rewritten","rich","200","458",""
"content/c2/reading/C2-T3-001.json","Q2","1","c2","multiple_choice","3","b","rewritten","rich","200","438",""
"content/c2/reading/C2-T3-001.json","Q3","2","c2","multiple_choice","3","b","rewritten","rich","199","470",""
"content/c2/reading/C2-T3-001.json","Q4","3","c2","multiple_choice","3","b","rewritten","rich","151","300",""
"content/c2/reading/C2-T3-001.json","Q5","4","c2","multiple_choice","3","b","rewritten","rich","200","400",""
"content/c2/reading/C2-T3-001.json","Q6","5","c2","multiple_choice","3","b","rewritten","rich","200","453",""
"content/c2/reading/C2-T3-002.json","Q1","0","c2","multiple_choice","3","b","rewritten","rich","200","458",""
"content/c2/reading/C2-T3-002.json","Q2","1","c2","multiple_choice","3","b","rewritten","rich","200","380",""
"content/c2/reading/C2-T3-002.json","Q3","2","c2","multiple_choice","3","b","rewritten","rich","199","469",""
"content/c2/reading/C2-T3-002.json","Q4","3","c2","multiple_choice","3","b","rewritten","rich","151","366",""
"content/c2/reading/C2-T3-002.json","Q5","4","c2","multiple_choice","3","b","rewritten","rich","200","400",""
"content/c2/reading/C2-T3-002.json","Q6","5","c2","multiple_choice","3","b","rewritten","rich","200","453",""
"content/c2/reading/C2-T3-003.json","Q1","0","c2","multiple_choice","3","b","rewritten","rich","200","458",""
"content/c2/reading/C2-T3-003.json","Q2","1","c2","multiple_choice","3","b","rewritten","rich","200","380",""
"content/c2/reading/C2-T3-003.json","Q3","2","c2","multiple_choice","3","b","rewritten","rich","199","470",""
"content/c2/reading/C2-T3-003.json","Q4","3","c2","multiple_choice","3","b","rewritten","rich","151","360",""
"content/c2/reading/C2-T3-003.json","Q5","4","c2","multiple_choice","3","b","rewritten","rich","200","400",""
"content/c2/reading/C2-T3-003.json","Q6","5","c2","multiple_choice","3","b","rewritten","rich","200","453",""
"content/c2/reading/C2-T3-004.json","Q1","0","c2","multiple_choice","3","b","rewritten","rich","200","458",""
"content/c2/reading/C2-T3-004.json","Q2","1","c2","multiple_choice","3","b","rewritten","rich","200","442",""
"content/c2/reading/C2-T3-004.json","Q3","2","c2","multiple_choice","3","b","rewritten","rich","199","462",""
"content/c2/reading/C2-T3-004.json","Q4","3","c2","multiple_choice","3","b","rewritten","rich","151","300",""
"content/c2/reading/C2-T3-004.json","Q5","4","c2","multiple_choice","3","b","rewritten","rich","200","411",""
"content/c2/reading/C2-T3-004.json","Q6","5","c2","multiple_choice","3","b","rewritten","rich","200","453",""
"content/c2/reading/C2-T3-005.json","Q1","0","c2","multiple_choice","3","b","rewritten","rich","200","458",""
"content/c2/reading/C2-T3-005.json","Q2","1","c2","multiple_choice","3","b","rewritten","rich","200","438",""
"content/c2/reading/C2-T3-005.json","Q3","2","c2","multiple_choice","3","b","rewritten","rich","199","404",""
"content/c2/reading/C2-T3-005.json","Q4","3","c2","multiple_choice","3","b","rewritten","rich","151","364",""
"content/c2/reading/C2-T3-005.json","Q5","4","c2","multiple_choice","3","b","rewritten","rich","200","404",""
"content/c2/reading/C2-T3-005.json","Q6","5","c2","multiple_choice","3","b","rewritten","rich","200","453",""
"content/c2/reading/C2-T3-006.json","Q1","0","c2","multiple_choice","3","b","rewritten","rich","200","458",""
"content/c2/reading/C2-T3-006.json","Q2","1","c2","multiple_choice","3","b","rewritten","rich","200","438",""
"content/c2/reading/C2-T3-006.json","Q3","2","c2","multiple_choice","3","b","rewritten","rich","199","470",""
"content/c2/reading/C2-T3-006.json","Q4","3","c2","multiple_choice","3","b","rewritten","rich","151","353",""
"content/c2/reading/C2-T3-006.json","Q5","4","c2","multiple_choice","3","b","rewritten","rich","200","342",""
"content/c2/reading/C2-T3-006.json","Q6","5","c2","multiple_choice","3","b","rewritten","rich","200","453",""
"content/c2/reading/C2-T3-007.json","Q1","0","c2","multiple_choice","3","b","rewritten","rich","200","458",""
"content/c2/reading/C2-T3-007.json","Q2","1","c2","multiple_choice","3","b","rewritten","rich","200","445",""
"content/c2/reading/C2-T3-007.json","Q3","2","c2","multiple_choice","3","b","rewritten","rich","199","470",""
"content/c2/reading/C2-T3-007.json","Q4","3","c2","multiple_choice","3","b","rewritten","rich","151","357",""
"content/c2/reading/C2-T3-007.json","Q5","4","c2","multiple_choice","3","b","rewritten","rich","200","342",""
"content/c2/reading/C2-T3-007.json","Q6","5","c2","multiple_choice","3","b","rewritten","rich","200","453",""
"content/c2/reading/C2-T3-008.json","Q1","0","c2","multiple_choice","3","b","rewritten","rich","200","458",""
"content/c2/reading/C2-T3-008.json","Q2","1","c2","multiple_choice","3","b","rewritten","rich","200","442",""
"content/c2/reading/C2-T3-008.json","Q3","2","c2","multiple_choice","3","b","rewritten","rich","199","462",""
"content/c2/reading/C2-T3-008.json","Q4","3","c2","multiple_choice","3","b","rewritten","rich","151","360",""
"content/c2/reading/C2-T3-008.json","Q5","4","c2","multiple_choice","3","b","rewritten","rich","200","342",""
"content/c2/reading/C2-T3-008.json","Q6","5","c2","multiple_choice","3","b","rewritten","rich","200","452",""
"content/c2/reading/C2-T3-009.json","Q1","0","c2","multiple_choice","3","b","rewritten","rich","200","458",""
"content/c2/reading/C2-T3-009.json","Q2","1","c2","multiple_choice","3","b","rewritten","rich","200","449",""
"content/c2/reading/C2-T3-009.json","Q3","2","c2","multiple_choice","3","b","rewritten","rich","199","470",""
"content/c2/reading/C2-T3-009.json","Q4","3","c2","multiple_choice","3","b","rewritten","rich","151","300",""
"content/c2/reading/C2-T3-009.json","Q5","4","c2","multiple_choice","3","b","rewritten","rich","200","412",""
"content/c2/reading/C2-T3-009.json","Q6","5","c2","multiple_choice","3","b","rewritten","rich","200","453",""
"content/c2/reading/C2-T3-010.json","Q1","0","c2","multiple_choice","3","b","rewritten","rich","200","458",""
"content/c2/reading/C2-T3-010.json","Q2","1","c2","multiple_choice","3","b","rewritten","rich","200","445",""
"content/c2/reading/C2-T3-010.json","Q3","2","c2","multiple_choice","3","b","rewritten","rich","199","462",""
"content/c2/reading/C2-T3-010.json","Q4","3","c2","multiple_choice","3","b","rewritten","rich","151","353",""
"content/c2/reading/C2-T3-010.json","Q5","4","c2","multiple_choice","3","b","rewritten","rich","200","342",""
"content/c2/reading/C2-T3-010.json","Q6","5","c2","multiple_choice","3","b","rewritten","rich","200","453",""
"content/c2/reading/C2-T3-011.json","Q1","0","c2","multiple_choice","3","b","rewritten","rich","200","458",""
"content/c2/reading/C2-T3-011.json","Q2","1","c2","multiple_choice","3","b","rewritten","rich","200","431",""
"content/c2/reading/C2-T3-011.json","Q3","2","c2","multiple_choice","3","b","rewritten","rich","199","462",""
"content/c2/reading/C2-T3-011.json","Q4","3","c2","multiple_choice","3","b","rewritten","rich","151","300",""
"content/c2/reading/C2-T3-011.json","Q5","4","c2","multiple_choice","3","b","rewritten","rich","200","411",""
"content/c2/reading/C2-T3-011.json","Q6","5","c2","multiple_choice","3","b","rewritten","rich","200","453",""
"content/c2/reading/C2-T3-012.json","Q1","0","c2","multiple_choice","3","b","rewritten","rich","200","422",""
"content/c2/reading/C2-T3-012.json","Q2","1","c2","multiple_choice","3","b","rewritten","rich","200","438",""
"content/c2/reading/C2-T3-012.json","Q3","2","c2","multiple_choice","3","b","rewritten","rich","199","455",""
"content/c2/reading/C2-T3-012.json","Q4","3","c2","multiple_choice","3","b","rewritten","rich","151","360",""
"content/c2/reading/C2-T3-012.json","Q5","4","c2","multiple_choice","3","b","rewritten","rich","200","412",""
"content/c2/reading/C2-T3-012.json","Q6","5","c2","multiple_choice","3","b","rewritten","rich","200","453",""
"content/c2/reading/C2-T4-001.json","Q1","0","c2","matching","4","A","rewritten","rich","64","124","de_len_anomaly|vi_len_anomaly"
"content/c2/reading/C2-T4-001.json","Q2","1","c2","matching","4","B","rewritten","rich","64","124","de_len_anomaly|vi_len_anomaly"
"content/c2/reading/C2-T4-001.json","Q3","2","c2","matching","4","C","rewritten","rich","64","124","de_len_anomaly|vi_len_anomaly"
"content/c2/reading/C2-T4-001.json","Q4","3","c2","matching","4","D","rewritten","rich","64","124","de_len_anomaly|vi_len_anomaly"
"content/c2/reading/C2-T4-001.json","Q5","4","c2","matching","4","A","rewritten","rich","64","124","de_len_anomaly|vi_len_anomaly"
"content/c2/reading/C2-T4-001.json","Q6","5","c2","matching","4","C","rewritten","rich","64","124","de_len_anomaly|vi_len_anomaly"
"content/c2/reading/C2-T4-002.json","Q1","0","c2","matching","4","A","rewritten","rich","64","124","de_len_anomaly|vi_len_anomaly"
"content/c2/reading/C2-T4-002.json","Q2","1","c2","matching","4","B","rewritten","rich","64","124","de_len_anomaly|vi_len_anomaly"
"content/c2/reading/C2-T4-002.json","Q3","2","c2","matching","4","C","rewritten","rich","64","124","de_len_anomaly|vi_len_anomaly"
"content/c2/reading/C2-T4-002.json","Q4","3","c2","matching","4","D","rewritten","rich","64","124","de_len_anomaly|vi_len_anomaly"
"content/c2/reading/C2-T4-002.json","Q5","4","c2","matching","4","B","rewritten","rich","64","124","de_len_anomaly|vi_len_anomaly"
"content/c2/reading/C2-T4-002.json","Q6","5","c2","matching","4","C","rewritten","rich","64","124","de_len_anomaly|vi_len_anomaly"
"content/c2/reading/C2-T4-003.json","Q1","0","c2","matching","4","A","rewritten","rich","64","124","de_len_anomaly|vi_len_anomaly"
"content/c2/reading/C2-T4-003.json","Q2","1","c2","matching","4","B","rewritten","rich","64","124","de_len_anomaly|vi_len_anomaly"
"content/c2/reading/C2-T4-003.json","Q3","2","c2","matching","4","C","rewritten","rich","64","124","de_len_anomaly|vi_len_anomaly"
"content/c2/reading/C2-T4-003.json","Q4","3","c2","matching","4","D","rewritten","rich","64","124","de_len_anomaly|vi_len_anomaly"
"content/c2/reading/C2-T4-003.json","Q5","4","c2","matching","4","B","rewritten","rich","64","124","de_len_anomaly|vi_len_anomaly"
"content/c2/reading/C2-T4-003.json","Q6","5","c2","matching","4","C","rewritten","rich","64","124","de_len_anomaly|vi_len_anomaly"
"content/c2/reading/C2-T4-004.json","Q1","0","c2","matching","4","A","rewritten","rich","64","124","de_len_anomaly|vi_len_anomaly"
"content/c2/reading/C2-T4-004.json","Q2","1","c2","matching","4","B","rewritten","rich","64","124","de_len_anomaly|vi_len_anomaly"
"content/c2/reading/C2-T4-004.json","Q3","2","c2","matching","4","C","rewritten","rich","64","124","de_len_anomaly|vi_len_anomaly"
"content/c2/reading/C2-T4-004.json","Q4","3","c2","matching","4","D","rewritten","rich","64","124","de_len_anomaly|vi_len_anomaly"
"content/c2/reading/C2-T4-004.json","Q5","4","c2","matching","4","B","rewritten","rich","64","124","de_len_anomaly|vi_len_anomaly"
"content/c2/reading/C2-T4-004.json","Q6","5","c2","matching","4","D","rewritten","rich","64","124","de_len_anomaly|vi_len_anomaly"
"content/c2/reading/C2-T4-005.json","Q1","0","c2","matching","4","A","rewritten","rich","64","124","de_len_anomaly|vi_len_anomaly"
"content/c2/reading/C2-T4-005.json","Q2","1","c2","matching","4","B","rewritten","rich","64","124","de_len_anomaly|vi_len_anomaly"
"content/c2/reading/C2-T4-005.json","Q3","2","c2","matching","4","C","rewritten","rich","64","124","de_len_anomaly|vi_len_anomaly"
"content/c2/reading/C2-T4-005.json","Q4","3","c2","matching","4","D","rewritten","rich","64","124","de_len_anomaly|vi_len_anomaly"
"content/c2/reading/C2-T4-005.json","Q5","4","c2","matching","4","A","rewritten","rich","64","124","de_len_anomaly|vi_len_anomaly"
"content/c2/reading/C2-T4-005.json","Q6","5","c2","matching","4","C","rewritten","rich","64","124","de_len_anomaly|vi_len_anomaly"
"content/c2/reading/C2-T4-006.json","Q1","0","c2","matching","4","A","rewritten","rich","64","124","de_len_anomaly|vi_len_anomaly"
"content/c2/reading/C2-T4-006.json","Q2","1","c2","matching","4","B","rewritten","rich","64","124","de_len_anomaly|vi_len_anomaly"
"content/c2/reading/C2-T4-006.json","Q3","2","c2","matching","4","C","rewritten","rich","64","124","de_len_anomaly|vi_len_anomaly"
"content/c2/reading/C2-T4-006.json","Q4","3","c2","matching","4","D","rewritten","rich","64","124","de_len_anomaly|vi_len_anomaly"
"content/c2/reading/C2-T4-006.json","Q5","4","c2","matching","4","A","rewritten","rich","64","124","de_len_anomaly|vi_len_anomaly"
"content/c2/reading/C2-T4-006.json","Q6","5","c2","matching","4","C","rewritten","rich","64","124","de_len_anomaly|vi_len_anomaly"
"content/c2/reading/C2-T4-007.json","Q1","0","c2","matching","4","A","rewritten","rich","64","124","de_len_anomaly|vi_len_anomaly"
"content/c2/reading/C2-T4-007.json","Q2","1","c2","matching","4","B","rewritten","rich","64","124","de_len_anomaly|vi_len_anomaly"
"content/c2/reading/C2-T4-007.json","Q3","2","c2","matching","4","C","rewritten","rich","64","124","de_len_anomaly|vi_len_anomaly"
"content/c2/reading/C2-T4-007.json","Q4","3","c2","matching","4","D","rewritten","rich","64","124","de_len_anomaly|vi_len_anomaly"
"content/c2/reading/C2-T4-007.json","Q5","4","c2","matching","4","A","rewritten","rich","64","124","de_len_anomaly|vi_len_anomaly"
"content/c2/reading/C2-T4-007.json","Q6","5","c2","matching","4","C","rewritten","rich","64","124","de_len_anomaly|vi_len_anomaly"
"content/c2/reading/C2-T4-008.json","Q1","0","c2","matching","4","A","rewritten","rich","64","124","de_len_anomaly|vi_len_anomaly"
"content/c2/reading/C2-T4-008.json","Q2","1","c2","matching","4","B","rewritten","rich","64","124","de_len_anomaly|vi_len_anomaly"
"content/c2/reading/C2-T4-008.json","Q3","2","c2","matching","4","C","rewritten","rich","64","124","de_len_anomaly|vi_len_anomaly"
"content/c2/reading/C2-T4-008.json","Q4","3","c2","matching","4","D","rewritten","rich","64","124","de_len_anomaly|vi_len_anomaly"
"content/c2/reading/C2-T4-008.json","Q5","4","c2","matching","4","A","rewritten","rich","64","124","de_len_anomaly|vi_len_anomaly"
"content/c2/reading/C2-T4-008.json","Q6","5","c2","matching","4","C","rewritten","rich","64","124","de_len_anomaly|vi_len_anomaly"
"content/c2/reading/C2-T4-009.json","Q1","0","c2","matching","4","A","rewritten","rich","64","124","de_len_anomaly|vi_len_anomaly"
"content/c2/reading/C2-T4-009.json","Q2","1","c2","matching","4","B","rewritten","rich","64","124","de_len_anomaly|vi_len_anomaly"
"content/c2/reading/C2-T4-009.json","Q3","2","c2","matching","4","C","rewritten","rich","64","124","de_len_anomaly|vi_len_anomaly"
"content/c2/reading/C2-T4-009.json","Q4","3","c2","matching","4","D","rewritten","rich","64","124","de_len_anomaly|vi_len_anomaly"
"content/c2/reading/C2-T4-009.json","Q5","4","c2","matching","4","A","rewritten","rich","64","124","de_len_anomaly|vi_len_anomaly"
"content/c2/reading/C2-T4-009.json","Q6","5","c2","matching","4","C","rewritten","rich","64","124","de_len_anomaly|vi_len_anomaly"
"content/c2/reading/C2-T4-010.json","Q1","0","c2","matching","4","A","rewritten","rich","64","124","de_len_anomaly|vi_len_anomaly"
"content/c2/reading/C2-T4-010.json","Q2","1","c2","matching","4","B","rewritten","rich","64","124","de_len_anomaly|vi_len_anomaly"
"content/c2/reading/C2-T4-010.json","Q3","2","c2","matching","4","C","rewritten","rich","64","124","de_len_anomaly|vi_len_anomaly"
"content/c2/reading/C2-T4-010.json","Q4","3","c2","matching","4","D","rewritten","rich","64","124","de_len_anomaly|vi_len_anomaly"
"content/c2/reading/C2-T4-010.json","Q5","4","c2","matching","4","A","rewritten","rich","64","124","de_len_anomaly|vi_len_anomaly"
"content/c2/reading/C2-T4-010.json","Q6","5","c2","matching","4","C","rewritten","rich","64","124","de_len_anomaly|vi_len_anomaly"
"content/c2/reading/C2-T4-011.json","Q1","0","c2","matching","4","A","rewritten","rich","64","124","de_len_anomaly|vi_len_anomaly"
"content/c2/reading/C2-T4-011.json","Q2","1","c2","matching","4","B","rewritten","rich","64","124","de_len_anomaly|vi_len_anomaly"
"content/c2/reading/C2-T4-011.json","Q3","2","c2","matching","4","C","rewritten","rich","64","124","de_len_anomaly|vi_len_anomaly"
"content/c2/reading/C2-T4-011.json","Q4","3","c2","matching","4","D","rewritten","rich","64","124","de_len_anomaly|vi_len_anomaly"
"content/c2/reading/C2-T4-011.json","Q5","4","c2","matching","4","A","rewritten","rich","64","124","de_len_anomaly|vi_len_anomaly"
"content/c2/reading/C2-T4-011.json","Q6","5","c2","matching","4","C","rewritten","rich","64","124","de_len_anomaly|vi_len_anomaly"
"content/c2/reading/C2-T4-012.json","Q1","0","c2","matching","4","A","rewritten","rich","64","124","de_len_anomaly|vi_len_anomaly"
"content/c2/reading/C2-T4-012.json","Q2","1","c2","matching","4","B","rewritten","rich","64","124","de_len_anomaly|vi_len_anomaly"
"content/c2/reading/C2-T4-012.json","Q3","2","c2","matching","4","C","rewritten","rich","64","124","de_len_anomaly|vi_len_anomaly"
"content/c2/reading/C2-T4-012.json","Q4","3","c2","matching","4","D","rewritten","rich","64","124","de_len_anomaly|vi_len_anomaly"
"content/c2/reading/C2-T4-012.json","Q5","4","c2","matching","4","A","rewritten","rich","64","124","de_len_anomaly|vi_len_anomaly"
"content/c2/reading/C2-T4-012.json","Q6","5","c2","matching","4","C","rewritten","rich","64","124","de_len_anomaly|vi_len_anomaly"
