file_path,item_id,level,type,teil,prompt,answer,options,key_evidence,de,vi,de_class,prescreen_flags,selection_reason,verdict,error_dimension,note
"content/a1/reading/A1-T1-003.json","Q2","a1","richtig_falsch","1","Sarah möchte am Vormittag zum Arzt gehen.","richtig","","Am Vormittag habe ich Zeit","Im Text steht: 'Am Vormittag habe ich Zeit, am besten um 10 Uhr.' Sarah möchte am Vormittag kommen.","Đáp án: richtig (ĐÚNG). Nhận định: „Sarah möchte am Vormittag zum Arzt gehen.“. Bằng chứng trong bài: „Am Vormittag habe ich Zeit“. Đối chiếu nhận định với đoạn này trong bài để thấy vì sao.","translate-only","","stratified","","",""
"content/a1/reading/A1-T1-009.json","Q4","a1","richtig_falsch","1","Markus muss ein Attest mitbringen.","richtig","","Bringen Sie bitte ein Attest vom Arzt mit","Im Text steht: 'Bringen Sie bitte ein Attest vom Arzt mit.'","Đáp án: richtig (ĐÚNG). Nhận định: „Markus muss ein Attest mitbringen.“. Bằng chứng trong bài: „Bringen Sie bitte ein Attest vom Arzt mit“. Đối chiếu nhận định với đoạn này trong bài để thấy vì sao.","translate-only","","stratified","","",""
"content/a1/reading/A1-T1-009.json","Q5","a1","richtig_falsch","1","Der Chef ist böse auf Markus.","falsch","","Gute Besserung","Im Text steht: 'Gute Besserung!' und 'ruhen Sie sich gut aus!' Der Chef ist freundlich, nicht böse.","Đáp án: falsch (SAI). Nhận định: „Der Chef ist böse auf Markus.“. Bằng chứng trong bài: „Gute Besserung“. Đối chiếu nhận định với đoạn này trong bài để thấy vì sao.","translate-only","","stratified","","",""
"content/a1/reading/A1-T1-010.json","Q5","a1","richtig_falsch","1","Emma ist zehn Jahre alt.","falsch","","Sie ist 8 Jahre alt","Im Text steht: 'Sie ist 8 Jahre alt.' Emma ist 8 Jahre alt, nicht 10.","Đáp án: falsch (SAI). Nhận định: „Emma ist zehn Jahre alt.“. Bằng chứng trong bài: „Sie ist 8 Jahre alt“. Đối chiếu nhận định với đoạn này trong bài để thấy vì sao.","translate-only","","stratified","","",""
"content/a1/reading/A1-T2-003.json","Q7","a1","matching_ab","2","Frau Meier möchte sich gegen Grippe impfen lassen.","A","","Praxis Dr. Schmidt – Allgemeinmedizin","Die Textstelle „Praxis Dr. Schmidt – Allgemeinmedizin“ belegt die richtige Antwort (A).","Tình huống „Frau Meier möchte sich gegen Grippe impfen lassen.“ khớp với mục A. Bằng chứng trong bài: „Praxis Dr. Schmidt – Allgemeinmedizin“. Yêu cầu trong tình huống được đáp ứng đúng ở mục này.","rewritten","","stratified","","",""
"content/a1/reading/A1-T2-004.json","Q7","a1","matching_ab","2","Emma ist 7 Jahre alt. Sie möchte Gitarre spielen lernen.","B","","Musikschule für Kinder – Klangwelt; Kinder 5–14 Jahre; Gitarre, Klavier, Flöte. Kostenlose Probestunde. Aufführung im Dezember.","Die Textstelle „Musikschule für Kinder – Klangwelt; Kinder 5–14 Jahre; Gitarre, Klavier, Flöte. Kostenlose Probestunde. Aufführung im Dezember.“ belegt die richtige Antwort (B).","Tình huống „Emma ist 7 Jahre alt. Sie möchte Gitarre spielen lernen.“ khớp với mục B. Bằng chứng trong bài: „Musikschule für Kinder – Klangwelt; Kinder 5–14 Jahre; Gitarre, Klavier, Flöte. Kostenlose Probestunde. Aufführung im Dezember.“. Yêu cầu trong tình huống được đáp ứng đúng ở mục này.","rewritten","","stratified","","",""
"content/a1/reading/A1-T2-004.json","Q8","a1","matching_ab","2","Frau Meier möchte zuerst eine Stunde testen, bevor sie bezahlt.","B","","Musikschule für Kinder – Klangwelt; Gitarre, Klavier, Flöte. Kostenlose Probestunde. Aufführung im Dezember.","Die Textstelle „Musikschule für Kinder – Klangwelt; Gitarre, Klavier, Flöte. Kostenlose Probestunde. Aufführung im Dezember.“ belegt die richtige Antwort (B).","Tình huống „Frau Meier möchte zuerst eine Stunde testen, bevor sie bezahlt.“ khớp với mục B. Bằng chứng trong bài: „Musikschule für Kinder – Klangwelt; Gitarre, Klavier, Flöte. Kostenlose Probestunde. Aufführung im Dezember.“. Yêu cầu trong tình huống được đáp ứng đúng ở mục này.","rewritten","","stratified","","",""
"content/a1/reading/A1-T2-008.json","Q6","a1","matching_ab","2","Herr Fischer möchte früh morgens um 6:30 Uhr Sport machen.","A","","Schwimmbad Aqua Fun","Die Textstelle „Schwimmbad Aqua Fun“ belegt die richtige Antwort (A).","Tình huống „Herr Fischer möchte früh morgens um 6:30 Uhr Sport machen.“ khớp với mục A. Bằng chứng trong bài: „Schwimmbad Aqua Fun“. Yêu cầu trong tình huống được đáp ứng đúng ở mục này.","rewritten","","stratified","","",""
"content/a1/reading/A1-T3-005.json","Q12","a1","richtig_falsch","3","Die Klingel funktioniert nicht.","richtig","","Klingel defekt","Auf dem Schild steht: 'Klingel defekt!' Defekt bedeutet kaputt/funktioniert nicht.","Đáp án: richtig (ĐÚNG). Nhận định: „Die Klingel funktioniert nicht.“. Bằng chứng trong bài: „Klingel defekt“. Đối chiếu nhận định với đoạn này trong bài để thấy vì sao.","translate-only","","stratified","","",""
"content/a1/reading/A1-T3-007.json","Q14","a1","richtig_falsch","3","Hier darf man sein Auto abstellen.","falsch","","Parkverbot! Hier dürfen keine Autos parken","Auf dem Schild steht: 'Parkverbot! Hier dürfen keine Autos parken.'","Đáp án: falsch (SAI). Nhận định: „Hier darf man sein Auto abstellen.“. Bằng chứng trong bài: „Parkverbot! Hier dürfen keine Autos parken“. Đối chiếu nhận định với đoạn này trong bài để thấy vì sao.","translate-only","","stratified","","",""
"content/a2/reading/A2-T1-001.json","Q4","a2","multiple_choice","1","Ab welchem Betrag ist die Lieferung kostenlos?","b","","Die Lieferung ist ab 25 Euro Bestellung kostenlos","Im Text steht: 'Die Lieferung ist ab 25 Euro Bestellung kostenlos.'"," Câu hỏi: „Ab welchem Betrag ist die Lieferung kostenlos?“. Phương án đúng (b): „Ab 25 Euro.“. Bằng chứng trong bài: „Die Lieferung ist ab 25 Euro Bestellung kostenlos“. Các phương án còn lại không khớp với thông tin trong bài.","translate-only","","stratified","","",""
"content/a2/reading/A2-T1-002.json","Q3","a2","multiple_choice","1","Was hat Herr Vogel über das Fest gesagt?","c","","dass solche Feste für die Nachbarschaft sehr wichtig sind","Im Text steht: 'Er hat gesagt, dass solche Feste für die Nachbarschaft sehr wichtig sind.'"," Câu hỏi: „Was hat Herr Vogel über das Fest gesagt?“. Phương án đúng (c): „Solche Feste sind wichtig für die Nachbarschaft.“. Bằng chứng trong bài: „dass solche Feste für die Nachbarschaft sehr wichtig sind“. Các phương án còn lại không khớp với thông tin trong bài.","translate-only","","stratified","","",""
"content/a2/reading/A2-T1-002.json","Q5","a2","multiple_choice","1","Wann findet das nächste Fest statt?","b","","Das nächste Fest ist im Juni geplant","Im Text steht: 'Das nächste Fest ist im Juni geplant.'"," Câu hỏi: „Wann findet das nächste Fest statt?“. Phương án đúng (b): „Im Juni.“. Bằng chứng trong bài: „Das nächste Fest ist im Juni geplant“. Các phương án còn lại không khớp với thông tin trong bài.","translate-only","","stratified","","",""
"content/a2/reading/A2-T1-009.json","Q1","a2","multiple_choice","1","Wann findet die Jobmesse statt?","b","","Am kommenden Samstag","Im Text steht: 'Am kommenden Samstag findet im Rathaus Schöneberg eine große Jobmesse statt.'"," Câu hỏi: „Wann findet die Jobmesse statt?“. Phương án đúng (b): „Am Samstag.“. Bằng chứng trong bài: „Am kommenden Samstag“. Các phương án còn lại không khớp với thông tin trong bài.","translate-only","","stratified","","",""
"content/a2/reading/A2-T2-001.json","Q1","a2","multiple_choice","2","Wo kann man Brot kaufen?","b","","EG: Obst & Gemüse · Bäckerei · Metzgerei · Kasse 1–8","Die Bäckerei ist im EG (Erdgeschoss)."," Câu hỏi: „Wo kann man Brot kaufen?“. Phương án đúng (b): „Im Erdgeschoss.“. Bằng chứng trong bài: „EG: Obst & Gemüse · Bäckerei · Metzgerei · Kasse 1–8“. Các phương án còn lại không khớp với thông tin trong bài.","translate-only","de_low_evidence_overlap","flagged","","",""
"content/a2/reading/A2-T2-001.json","Q5","a2","multiple_choice","2","Wann hat der Markt geöffnet?","b","","Öffnungszeiten: Mo–Sa 7:00–21:00 Uhr","Die Öffnungszeiten sind: Mo–Sa 7:00–21:00 Uhr."," Câu hỏi: „Wann hat der Markt geöffnet?“. Phương án đúng (b): „Montag bis Samstag, 7:00–21:00 Uhr.“. Bằng chứng trong bài: „Öffnungszeiten: Mo–Sa 7:00–21:00 Uhr“. Các phương án còn lại không khớp với thông tin trong bài.","translate-only","","stratified","","",""
"content/a2/reading/A2-T2-002.json","Q1","a2","multiple_choice","2","Wo kann man sein Baby wickeln?","b","","EG: Empfang & Anmeldung · Spielzimmer (0–3 Jahre) · Wickelraum · WC","Der Wickelraum ist im EG (Erdgeschoss)."," Câu hỏi: „Wo kann man sein Baby wickeln?“. Phương án đúng (b): „Im Erdgeschoss.“. Bằng chứng trong bài: „EG: Empfang & Anmeldung · Spielzimmer (0–3 Jahre) · Wickelraum · WC“. Các phương án còn lại không khớp với thông tin trong bài.","translate-only","de_low_evidence_overlap","flagged","","",""
"content/a2/reading/A2-T2-002.json","Q2","a2","multiple_choice","2","In welchem Stockwerk ist die Krabbelgruppe?","b","","1. OG: Krabbelgruppe · Eltern-Kind-Turnen · Stillraum","Die Krabbelgruppe ist im 1. OG."," Câu hỏi: „In welchem Stockwerk ist die Krabbelgruppe?“. Phương án đúng (b): „Im 1. Obergeschoss.“. Bằng chứng trong bài: „1. OG: Krabbelgruppe · Eltern-Kind-Turnen · Stillraum“. Các phương án còn lại không khớp với thông tin trong bài.","translate-only","de_low_evidence_overlap","flagged","","",""
"content/a2/reading/A2-T2-003.json","Q1","a2","multiple_choice","2","Wo ist das Wartezimmer?","c","","EG: Rezeption · Wartezimmer · WC · Garderobe","Das Wartezimmer ist im EG (Erdgeschoss)."," Câu hỏi: „Wo ist das Wartezimmer?“. Phương án đúng (c): „Im Erdgeschoss.“. Bằng chứng trong bài: „EG: Rezeption · Wartezimmer · WC · Garderobe“. Các phương án còn lại không khớp với thông tin trong bài.","translate-only","de_low_evidence_overlap","flagged","","",""
"content/a2/reading/A2-T2-003.json","Q3","a2","multiple_choice","2","Wo kann man ein Röntgenbild machen lassen?","c","","2. OG: Labor · Röntgen · EKG · Ruheraum","Röntgen ist im 2. OG."," Câu hỏi: „Wo kann man ein Röntgenbild machen lassen?“. Phương án đúng (c): „Im 2. Obergeschoss.“. Bằng chứng trong bài: „2. OG: Labor · Röntgen · EKG · Ruheraum“. Các phương án còn lại không khớp với thông tin trong bài.","translate-only","de_low_evidence_overlap|de_len_anomaly","flagged","","",""
"content/a2/reading/A2-T2-003.json","Q4","a2","multiple_choice","2","Was muss man zur Praxis mitbringen?","b","","Bitte bringen Sie Ihre Versichertenkarte mit","Man soll die Versichertenkarte mitbringen."," Câu hỏi: „Was muss man zur Praxis mitbringen?“. Phương án đúng (b): „Die Versichertenkarte.“. Bằng chứng trong bài: „Bitte bringen Sie Ihre Versichertenkarte mit“. Các phương án còn lại không khớp với thông tin trong bài.","translate-only","de_low_evidence_overlap","flagged","","",""
"content/a2/reading/A2-T2-003.json","Q5","a2","multiple_choice","2","Was soll man bei einem Notfall tun?","c","","Notfälle ohne Termin: bitte direkt zur Rezeption","Bei Notfällen soll man direkt zur Rezeption gehen."," Câu hỏi: „Was soll man bei einem Notfall tun?“. Phương án đúng (c): „Direkt zur Rezeption gehen.“. Bằng chứng trong bài: „Notfälle ohne Termin: bitte direkt zur Rezeption“. Các phương án còn lại không khớp với thông tin trong bài.","translate-only","de_low_evidence_overlap","flagged","","",""
"content/a2/reading/A2-T2-004.json","Q1","a2","multiple_choice","2","In welchem Stockwerk sind die Sprachkurse?","b","","1. OG: Sprachkurse (Deutsch, Englisch, Spanisch) · Kursräume 101–106","Die Sprachkurse sind im 1. OG."," Câu hỏi: „In welchem Stockwerk sind die Sprachkurse?“. Phương án đúng (b): „Im 1. Obergeschoss.“. Bằng chứng trong bài: „1. OG: Sprachkurse (Deutsch, Englisch, Spanisch) · Kursräume 101–106“. Các phương án còn lại không khớp với thông tin trong bài.","translate-only","de_low_evidence_overlap","flagged","","",""
"content/a2/reading/A2-T2-004.json","Q2","a2","multiple_choice","2","Wo kann man einen Kochkurs machen?","b","","3. OG: Yoga · Pilates · Kochkurse · Kursräume 301–303","Die Kochkurse sind im 3. OG."," Câu hỏi: „Wo kann man einen Kochkurs machen?“. Phương án đúng (b): „Im 3. Obergeschoss.“. Bằng chứng trong bài: „3. OG: Yoga · Pilates · Kochkurse · Kursräume 301–303“. Các phương án còn lại không khớp với thông tin trong bài.","translate-only","de_low_evidence_overlap","flagged","","",""
"content/a2/reading/A2-T2-005.json","Q1","a2","multiple_choice","2","Wann kann man den Hausmeister sprechen?","b","","Sprechzeit: Mo & Do 9:00–11:00 Uhr","Der Hausmeister hat Sprechzeit am Mo & Do 9:00–11:00 Uhr."," Câu hỏi: „Wann kann man den Hausmeister sprechen?“. Phương án đúng (b): „Montag und Donnerstag, 9:00–11:00 Uhr.“. Bằng chứng trong bài: „Sprechzeit: Mo & Do 9:00–11:00 Uhr“. Các phương án còn lại không khớp với thông tin trong bài.","translate-only","","stratified","","",""
"content/a2/reading/A2-T2-006.json","Q2","a2","multiple_choice","2","Welches Gericht ist vegetarisch?","c","","Gemüse-Pasta (vegetarisch) 10,50 €","Die Gemüse-Pasta ist als vegetarisch markiert."," Câu hỏi: „Welches Gericht ist vegetarisch?“. Phương án đúng (c): „Gemüse-Pasta.“. Bằng chứng trong bài: „Gemüse-Pasta (vegetarisch) 10,50 €“. Các phương án còn lại không khớp với thông tin trong bài.","translate-only","","stratified","","",""
"content/a2/reading/A2-T2-007.json","Q3","a2","multiple_choice","2","Wie viel kostet ein großes Schließfach pro Tag?","b","","Schließfächer: 3 € (klein) / 5 € (groß) pro Tag","Ein großes Schließfach kostet 5 € pro Tag."," Câu hỏi: „Wie viel kostet ein großes Schließfach pro Tag?“. Phương án đúng (b): „5 Euro.“. Bằng chứng trong bài: „Schließfächer: 3 € (klein) / 5 € (groß) pro Tag“. Các phương án còn lại không khớp với thông tin trong bài.","translate-only","de_low_evidence_overlap","flagged","","",""
"content/a2/reading/A2-T2-009.json","Q1","a2","multiple_choice","2","Wo ist das Bewerbungstraining?","b","","1. OG: Berufsberatung · Bewerbungstraining · Computerarbeitsplätze","Das Bewerbungstraining ist im 1. OG."," Câu hỏi: „Wo ist das Bewerbungstraining?“. Phương án đúng (b): „Im 1. Obergeschoss.“. Bằng chứng trong bài: „1. OG: Berufsberatung · Bewerbungstraining · Computerarbeitsplätze“. Các phương án còn lại không khớp với thông tin trong bài.","translate-only","de_low_evidence_overlap","flagged","","",""
"content/a2/reading/A2-T2-009.json","Q2","a2","multiple_choice","2","Was soll man am Eingang tun?","b","","Bitte ziehen Sie eine Wartenummer am Automaten im EG","Man soll eine Wartenummer am Automaten ziehen."," Câu hỏi: „Was soll man am Eingang tun?“. Phương án đúng (b): „Eine Wartenummer ziehen.“. Bằng chứng trong bài: „Bitte ziehen Sie eine Wartenummer am Automaten im EG“. Các phương án còn lại không khớp với thông tin trong bài.","translate-only","","stratified","","",""
"content/a2/reading/A2-T2-009.json","Q5","a2","multiple_choice","2","Was soll man zum Termin mitbringen?","b","","Bitte bringen Sie Ihren Personalausweis und Lebenslauf mit","Man soll Personalausweis und Lebenslauf mitbringen."," Câu hỏi: „Was soll man zum Termin mitbringen?“. Phương án đúng (b): „Personalausweis und Lebenslauf.“. Bằng chứng trong bài: „Bitte bringen Sie Ihren Personalausweis und Lebenslauf mit“. Các phương án còn lại không khớp với thông tin trong bài.","translate-only","de_low_evidence_overlap","flagged","","",""
"content/a2/reading/A2-T2-010.json","Q3","a2","multiple_choice","2","Wie viel kostet der Eintritt zum Stadtfest?","c","","Eintritt frei!","Der Eintritt ist frei."," Câu hỏi: „Wie viel kostet der Eintritt zum Stadtfest?“. Phương án đúng (c): „Der Eintritt ist frei.“. Bằng chứng trong bài: „Eintritt frei!“. Các phương án còn lại không khớp với thông tin trong bài.","translate-only","de_len_anomaly","flagged","","",""
"content/a2/reading/A2-T3-001.json","Q1","a2","matching","3","Luisa isst kein Fleisch und keine Milch. Sie sucht ein Geschäft mit nur pflanzlichen Produkten.","D","","100 % pflanzliche Produkte","Anzeige D ist für den veganen Supermarkt „PlantPower“ mit 100 % pflanzlichen Produkten.","Tình huống „Luisa isst kein Fleisch und keine Milch. Sie sucht ein Geschäft mit nur pflanzlichen Produkten.“ khớp với mục D. Bằng chứng trong bài: „100 % pflanzliche Produkte“. Yêu cầu trong tình huống được đáp ứng đúng ở mục này.","translate-only","de_low_evidence_overlap","flagged","","",""
"content/a2/reading/A2-T3-001.json","Q5","a2","matching","3","Familie Braun möchte jede Woche Bio-Obst und -Gemüse nach Hause geliefert bekommen.","A","","Jede Woche frisches Obst und Gemüse direkt vom Bauernhof. Lieferung jeden Mittwoch","Anzeige A bietet eine Bio-Kiste mit wöchentlicher Lieferung von Obst und Gemüse.","Tình huống „Familie Braun möchte jede Woche Bio-Obst und -Gemüse nach Hause geliefert bekommen.“ khớp với mục A. Bằng chứng trong bài: „Jede Woche frisches Obst und Gemüse direkt vom Bauernhof. Lieferung jeden Mittwoch“. Yêu cầu trong tình huống được đáp ứng đúng ở mục này.","translate-only","de_low_evidence_overlap","flagged","","",""
"content/a2/reading/A2-T3-002.json","Q4","a2","matching","3","Lisa sucht eine Betreuung für ihre kleine Tochter (2 Jahre), weil sie wieder arbeiten möchte.","A","","Tagesmutter hat ab April einen Platz frei. Kinder 1–3 Jahre. Mo–Fr 8:00–15:00","Anzeige A ist eine Tagesmutter für Kinder 1–3 Jahre, Mo–Fr 8:00–15:00.","Tình huống „Lisa sucht eine Betreuung für ihre kleine Tochter (2 Jahre), weil sie wieder arbeiten möchte.“ khớp với mục A. Bằng chứng trong bài: „Tagesmutter hat ab April einen Platz frei. Kinder 1–3 Jahre. Mo–Fr 8:00–15:00“. Yêu cầu trong tình huống được đáp ứng đúng ở mục này.","translate-only","de_low_evidence_overlap","flagged","","",""
"content/a2/reading/A2-T3-003.json","Q2","a2","matching","3","Saras Rücken tut weh. Sie kann aber erst nach 18 Uhr einen Termin machen.","B","","Rückenprobleme? Wir helfen! Termine auch abends bis 20 Uhr","Anzeige B bietet Physiotherapie auch abends bis 20 Uhr.","Tình huống „Saras Rücken tut weh. Sie kann aber erst nach 18 Uhr einen Termin machen.“ khớp với mục B. Bằng chứng trong bài: „Rückenprobleme? Wir helfen! Termine auch abends bis 20 Uhr“. Yêu cầu trong tình huống được đáp ứng đúng ở mục này.","translate-only","de_low_evidence_overlap","flagged","","",""
"content/a2/reading/A2-T3-006.json","Q1","a2","matching","3","Tina plant eine große Geburtstagsfeier zu Hause. Sie möchte das Essen nicht selbst kochen.","C","","Catering für Ihre Feier! Geburtstag, Hochzeit, Firmenfeier","Anzeige C bietet Catering für Feiern ab 15 € pro Person.","Tình huống „Tina plant eine große Geburtstagsfeier zu Hause. Sie möchte das Essen nicht selbst kochen.“ khớp với mục C. Bằng chứng trong bài: „Catering für Ihre Feier! Geburtstag, Hochzeit, Firmenfeier“. Yêu cầu trong tình huống được đáp ứng đúng ở mục này.","translate-only","de_low_evidence_overlap","flagged","","",""
"content/a2/reading/A2-T3-006.json","Q2","a2","matching","3","Am Sonntagmorgen möchte Max mit seiner Familie gemütlich frühstücken gehen.","B","","Sonntagsbrunch im Hotel Seeblick! Jeden Sonntag 10:00–14:00. Großes Buffet","Anzeige B bietet einen Sonntagsbrunch mit großem Buffet.","Tình huống „Am Sonntagmorgen möchte Max mit seiner Familie gemütlich frühstücken gehen.“ khớp với mục B. Bằng chứng trong bài: „Sonntagsbrunch im Hotel Seeblick! Jeden Sonntag 10:00–14:00. Großes Buffet“. Yêu cầu trong tình huống được đáp ứng đúng ở mục này.","translate-only","de_low_evidence_overlap","flagged","","",""
"content/a2/reading/A2-T3-006.json","Q3","a2","matching","3","Ali hat am Abend keine Lust zu kochen. Er möchte Pizza bestellen und nach Hause liefern lassen.","F","","Pizza-Lieferdienst. Lieferung in 30 Minuten oder gratis","Anzeige F ist ein Pizza-Lieferdienst, täglich 17:00–23:00.","Tình huống „Ali hat am Abend keine Lust zu kochen. Er möchte Pizza bestellen und nach Hause liefern lassen.“ khớp với mục F. Bằng chứng trong bài: „Pizza-Lieferdienst. Lieferung in 30 Minuten oder gratis“. Yêu cầu trong tình huống được đáp ứng đúng ở mục này.","translate-only","de_low_evidence_overlap","flagged","","",""
"content/a2/reading/A2-T3-007.json","Q5","a2","matching","3","Julia braucht nur für ein paar Stunden ein Auto. Sie möchte flexibel sein und kein Auto für den ganzen Tag mieten.","F","","ShareNow Carsharing: Autos finden und sofort losfahren! Ab 0,29 €/Minute","Anzeige F ist ShareNow Carsharing, ab 0,29 €/Minute, spontan nutzbar.","Tình huống „Julia braucht nur für ein paar Stunden ein Auto. Sie möchte flexibel sein und kein Auto für den ganzen Tag mieten.“ khớp với mục F. Bằng chứng trong bài: „ShareNow Carsharing: Autos finden und sofort losfahren! Ab 0,29 €/Minute“. Yêu cầu trong tình huống được đáp ứng đúng ở mục này.","translate-only","de_low_evidence_overlap","flagged","","",""
"content/a2/reading/A2-T3-008.json","Q1","a2","matching","3","Sandra liest sehr gern. Sie möchte mit anderen Leuten über Bücher sprechen.","F","","Buchclub sucht neue Mitglieder! Wir lesen jeden Monat ein Buch und treffen uns zum Diskutieren","Anzeige F ist der Buchclub, der monatlich ein Buch liest und diskutiert.","Tình huống „Sandra liest sehr gern. Sie möchte mit anderen Leuten über Bücher sprechen.“ khớp với mục F. Bằng chứng trong bài: „Buchclub sucht neue Mitglieder! Wir lesen jeden Monat ein Buch und treffen uns zum Diskutieren“. Yêu cầu trong tình huống được đáp ứng đúng ở mục này.","translate-only","de_low_evidence_overlap","flagged","","",""
"content/a2/reading/A2-T3-008.json","Q4","a2","matching","3","Elena ist 35 und kann nicht schwimmen. Sie möchte es jetzt endlich lernen.","B","","Schwimmkurs für Erwachsene. Sie können nicht schwimmen? Kein Problem!","Anzeige B bietet einen Schwimmkurs für Erwachsene, auch für Nichtschwimmer.","Tình huống „Elena ist 35 und kann nicht schwimmen. Sie möchte es jetzt endlich lernen.“ khớp với mục B. Bằng chứng trong bài: „Schwimmkurs für Erwachsene. Sie können nicht schwimmen? Kein Problem!“. Yêu cầu trong tình huống được đáp ứng đúng ở mục này.","translate-only","de_low_evidence_overlap","flagged","","",""
"content/a2/reading/A2-T3-009.json","Q1","a2","matching","3","Ahmed ist vor 2 Jahren nach Deutschland gekommen. Er möchte lernen, wie man eine gute Bewerbung schreibt.","E","","Bewerbungstraining für Migranten. Lebenslauf schreiben, Vorstellungsgespräch üben. Kostenlos!","Anzeige E bietet kostenloses Bewerbungstraining für Migranten.","Tình huống „Ahmed ist vor 2 Jahren nach Deutschland gekommen. Er möchte lernen, wie man eine gute Bewerbung schreibt.“ khớp với mục E. Bằng chứng trong bài: „Bewerbungstraining für Migranten. Lebenslauf schreiben, Vorstellungsgespräch üben. Kostenlos!“. Yêu cầu trong tình huống được đáp ứng đúng ở mục này.","translate-only","de_low_evidence_overlap","flagged","","",""
"content/a2/reading/A2-T3-010.json","Q1","a2","matching","3","Frau Vogt möchte am Wochenende günstige Sachen kaufen: Bücher, Kleidung und Möbel.","A","","Großer Flohmarkt. Über 200 Stände: Kleidung, Möbel, Bücher, Spielzeug. Eintritt frei","Anzeige A ist der Flohmarkt im Mauerpark mit Kleidung, Möbeln und Büchern.","Tình huống „Frau Vogt möchte am Wochenende günstige Sachen kaufen: Bücher, Kleidung und Möbel.“ khớp với mục A. Bằng chứng trong bài: „Großer Flohmarkt. Über 200 Stände: Kleidung, Möbel, Bücher, Spielzeug. Eintritt frei“. Yêu cầu trong tình huống được đáp ứng đúng ở mục này.","translate-only","de_low_evidence_overlap","flagged","","",""
"content/a2/reading/A2-T3-010.json","Q2","a2","matching","3","Ben (10 Jahre) möchte am Sonntag draußen spielen und malen. Seine Eltern suchen eine kindgerechte Veranstaltung.","C","","Kinderfest am Lietzensee! Hüpfburg, Clown, Malen und Basteln","Anzeige C ist das Kinderfest mit Hüpfburg, Clown, Malen und Basteln.","Tình huống „Ben (10 Jahre) möchte am Sonntag draußen spielen und malen. Seine Eltern suchen eine kindgerechte Veranstaltung.“ khớp với mục C. Bằng chứng trong bài: „Kinderfest am Lietzensee! Hüpfburg, Clown, Malen und Basteln“. Yêu cầu trong tình huống được đáp ứng đúng ở mục này.","translate-only","","stratified","","",""
"content/a2/reading/A2-T3-010.json","Q3","a2","matching","3","Herr und Frau Wagner (beide 45) mögen Wein und möchten an einem Abend verschiedene Weine probieren.","E","","Weinprobe. 6 Weine + kleine Snacks. 25 € pro Person","Anzeige E bietet eine Weinprobe mit 6 Weinen und Snacks.","Tình huống „Herr und Frau Wagner (beide 45) mögen Wein und möchten an einem Abend verschiedene Weine probieren.“ khớp với mục E. Bằng chứng trong bài: „Weinprobe. 6 Weine + kleine Snacks. 25 € pro Person“. Yêu cầu trong tình huống được đáp ứng đúng ở mục này.","translate-only","de_low_evidence_overlap","flagged","","",""
"content/a2/reading/A2-T4-001.json","Q3","a2","detail_extraction","4","Wie hoch ist der Mindestbestellwert am Samstag?","c","","Samstag: Mindestbestellwert 30 €","Am Samstag beträgt der Mindestbestellwert 30 €."," Câu hỏi: „Wie hoch ist der Mindestbestellwert am Samstag?“. Phương án đúng (c): „30 €.“. Bằng chứng trong bài: „Samstag: Mindestbestellwert 30 €“. Các phương án còn lại không khớp với thông tin trong bài.","translate-only","","stratified","","",""
"content/a2/reading/A2-T4-002.json","Q3","a2","detail_extraction","4","Wer leitet den Musikgarten?","c","","Musikgarten: Kursleiter/in Herr Richter","Herr Richter leitet den Musikgarten."," Câu hỏi: „Wer leitet den Musikgarten?“. Phương án đúng (c): „Herr Richter.“. Bằng chứng trong bài: „Musikgarten: Kursleiter/in Herr Richter“. Các phương án còn lại không khớp với thông tin trong bài.","translate-only","","stratified","","",""
"content/a2/reading/A2-T4-007.json","Q1","a2","detail_extraction","4","Wann fährt der erste Bus am Montag von Am Waldrand ab?","b","","Am Waldrand: Mo–Fr 6:15","Der erste Bus Mo–Fr von Am Waldrand fährt um 6:15 ab."," Câu hỏi: „Wann fährt der erste Bus am Montag von Am Waldrand ab?“. Phương án đúng (b): „Um 6:15 Uhr.“. Bằng chứng trong bài: „Am Waldrand: Mo–Fr 6:15“. Các phương án còn lại không khớp với thông tin trong bài.","translate-only","","stratified","","",""
"content/a2/reading/A2-T4-007.json","Q2","a2","detail_extraction","4","Wie lange dauert die Fahrt von Am Waldrand bis zum Hauptbahnhof?","b","","Am Waldrand 6:15 → Hauptbahnhof 6:45","Von 6:15 bis 6:45 sind es 30 Minuten."," Câu hỏi: „Wie lange dauert die Fahrt von Am Waldrand bis zum Hauptbahnhof?“. Phương án đúng (b): „30 Minuten.“. Bằng chứng trong bài: „Am Waldrand 6:15 → Hauptbahnhof 6:45“. Các phương án còn lại không khớp với thông tin trong bài.","translate-only","de_low_evidence_overlap","flagged","","",""
"content/a2/reading/A2-T4-007.json","Q4","a2","detail_extraction","4","Wann kommt der Bus am Sonntag am Marktplatz an?","b","","Marktplatz: Sonn-/Feiertag 9:45 / 11:45","Am Sonntag hält der Bus am Marktplatz um 9:45 und 11:45."," Câu hỏi: „Wann kommt der Bus am Sonntag am Marktplatz an?“. Phương án đúng (b): „Um 9:45 und 11:45.“. Bằng chứng trong bài: „Marktplatz: Sonn-/Feiertag 9:45 / 11:45“. Các phương án còn lại không khớp với thông tin trong bài.","translate-only","de_low_evidence_overlap","flagged","","",""
"content/a2/reading/A2-T4-009.json","Q5","a2","detail_extraction","4","Was muss man mitbringen?","b","","Bitte Personalausweis mitbringen","Man soll den Personalausweis mitbringen."," Câu hỏi: „Was muss man mitbringen?“. Phương án đúng (b): „Den Personalausweis.“. Bằng chứng trong bài: „Bitte Personalausweis mitbringen“. Các phương án còn lại không khớp với thông tin trong bài.","translate-only","","stratified","","",""
"content/a2/reading/A2-T4-010.json","Q1","a2","detail_extraction","4","Wann beginnt das Stadtfest?","b","","14:00: Eröffnung durch Bürgermeister","Das Stadtfest beginnt um 14:00 mit der Eröffnung."," Câu hỏi: „Wann beginnt das Stadtfest?“. Phương án đúng (b): „Um 14:00 Uhr.“. Bằng chứng trong bài: „14:00: Eröffnung durch Bürgermeister“. Các phương án còn lại không khớp với thông tin trong bài.","translate-only","de_low_evidence_overlap","flagged","","",""
"content/a2/reading/A2-T4-010.json","Q5","a2","detail_extraction","4","Wann fährt die letzte S-Bahn?","c","","Letzte S-Bahn: 0:15 Uhr ab Hauptbahnhof","Die letzte S-Bahn fährt um 0:15 ab Hauptbahnhof."," Câu hỏi: „Wann fährt die letzte S-Bahn?“. Phương án đúng (c): „Um 0:15 Uhr.“. Bằng chứng trong bài: „Letzte S-Bahn: 0:15 Uhr ab Hauptbahnhof“. Các phương án còn lại không khớp với thông tin trong bài.","translate-only","","stratified","","",""
"content/b1/reading/B1-T1-001.json","Q5","b1","richtig_falsch","1","Julia isst heute überhaupt kein Fleisch und keinen Fisch mehr.","falsch","","ab und zu esse ich auch mal Fisch","Julia isst ab und zu noch Fisch und vermisst manchmal einen Burger.","Đáp án: falsch (SAI). Nhận định: „Julia isst heute überhaupt kein Fleisch und keinen Fisch mehr.“. Bằng chứng trong bài: „ab und zu esse ich auch mal Fisch“. Đối chiếu nhận định với đoạn này trong bài để thấy vì sao.","translate-only","de_low_evidence_overlap","flagged","","",""
"content/b1/reading/B1-T1-002.json","Q3","b1","richtig_falsch","1","Im Hostel hat Max andere Reisende kennengelernt und mit ihnen etwas unternommen.","richtig","","Wir haben zusammen gekocht, sind an den Strand gegangen und haben Ausflüge gemacht","Er hat andere Reisende kennengelernt, zusammen gekocht und Ausflüge gemacht.","Đáp án: richtig (ĐÚNG). Nhận định: „Im Hostel hat Max andere Reisende kennengelernt und mit ihnen etwas unternommen.“. Bằng chứng trong bài: „Wir haben zusammen gekocht, sind an den Strand gegangen und haben Ausflüge gemacht“. Đối chiếu nhận định với đoạn này trong bài để thấy vì sao.","translate-only","de_low_evidence_overlap","flagged","","",""
"content/b1/reading/B1-T1-002.json","Q4","b1","richtig_falsch","1","Max hat während der Reise nie Probleme gehabt.","falsch","","Einmal habe ich meinen Zug verpasst und musste vier Stunden am Bahnhof warten","Er hat seinen Zug verpasst und war manchmal einsam.","Đáp án: falsch (SAI). Nhận định: „Max hat während der Reise nie Probleme gehabt.“. Bằng chứng trong bài: „Einmal habe ich meinen Zug verpasst und musste vier Stunden am Bahnhof warten“. Đối chiếu nhận định với đoạn này trong bài để thấy vì sao.","translate-only","de_low_evidence_overlap","flagged","","",""
"content/b1/reading/B1-T1-002.json","Q5","b1","richtig_falsch","1","Max möchte als Nächstes nach Griechenland reisen.","richtig","","Jetzt plane ich schon meine nächste Reise — dieses Mal nach Griechenland","Er plant seine nächste Reise nach Griechenland.","Đáp án: richtig (ĐÚNG). Nhận định: „Max möchte als Nächstes nach Griechenland reisen.“. Bằng chứng trong bài: „Jetzt plane ich schon meine nächste Reise — dieses Mal nach Griechenland“. Đối chiếu nhận định với đoạn này trong bài để thấy vì sao.","translate-only","de_low_evidence_overlap","flagged","","",""
"content/b1/reading/B1-T1-003.json","Q1","b1","richtig_falsch","1","Der Autor deutet an, dass lena hat angefangen, weniger Plastik zu benutzen, nachdem sie einen Film gesehen hat.","richtig","","Vor einem Jahr habe ich einen Dokumentarfilm über Plastik im Meer gesehen","Ein Dokumentarfilm über Plastik im Meer hat sie motiviert.","Đáp án: richtig (ĐÚNG). Nhận định: „Der Autor deutet an, dass lena hat angefangen, weniger Plastik zu benutzen, nachdem sie einen Film gesehen hat.“. Bằng chứng trong bài: „Vor einem Jahr habe ich einen Dokumentarfilm über Plastik im Meer gesehen“. Đối chiếu nhận định với đoạn này trong bài để thấy vì sao.","translate-only","de_low_evidence_overlap","flagged","","",""
"content/b1/reading/B1-T1-005.json","Q3","b1","richtig_falsch","1","Laut dem Text gilt: sarah verdient in der Ausbildung kein Geld.","falsch","","Das Beste ist, dass ich von Anfang an Geld verdiene","Sie verdient von Anfang an Geld, nicht viel, aber genug.","Đáp án: falsch (SAI). Nhận định: „Laut dem Text gilt: sarah verdient in der Ausbildung kein Geld.“. Bằng chứng trong bài: „Das Beste ist, dass ich von Anfang an Geld verdiene“. Đối chiếu nhận định với đoạn này trong bài để thấy vì sao.","translate-only","de_low_evidence_overlap","flagged","","",""
"content/b1/reading/B1-T1-006.json","Q5","b1","richtig_falsch","1","Anna bereut ihre Entscheidung, in die WG gezogen zu sein.","falsch","","Insgesamt bin ich froh, dass ich den Schritt gewagt habe","Anna ist froh und würde es jedem empfehlen.","Đáp án: falsch (SAI). Nhận định: „Anna bereut ihre Entscheidung, in die WG gezogen zu sein.“. Bằng chứng trong bài: „Insgesamt bin ich froh, dass ich den Schritt gewagt habe“. Đối chiếu nhận định với đoạn này trong bài để thấy vì sao.","translate-only","de_low_evidence_overlap","flagged","","",""
"content/b1/reading/B1-T1-007.json","Q1","b1","richtig_falsch","1","Aus dem Text lässt sich schließen, dass im Text wird erwähnt, dass yumi hat sich selbst die Theaterkarte gekauft.","falsch","","Eine Kollegin hatte mir eine Karte geschenkt","Eine Kollegin hat ihr die Karte geschenkt.","Đáp án: falsch (SAI). Nhận định: „Aus dem Text lässt sich schließen, dass im Text wird erwähnt, dass yumi hat sich selbst die Theaterkarte gekauft.“. Bằng chứng trong bài: „Eine Kollegin hatte mir eine Karte geschenkt“. Đối chiếu nhận định với đoạn này trong bài để thấy vì sao.","translate-only","","stratified","","",""
"content/b1/reading/B1-T1-007.json","Q4","b1","richtig_falsch","1","Das Publikum hat am Ende lange geklatscht.","richtig","","hat das ganze Publikum aufgestanden und lange geklatscht","Das ganze Publikum hat aufgestanden und lange geklatscht.","Đáp án: richtig (ĐÚNG). Nhận định: „Das Publikum hat am Ende lange geklatscht.“. Bằng chứng trong bài: „hat das ganze Publikum aufgestanden und lange geklatscht“. Đối chiếu nhận định với đoạn này trong bài để thấy vì sao.","translate-only","","stratified","","",""
"content/b1/reading/B1-T1-008.json","Q3","b1","richtig_falsch","1","Chris hat ganz allein trainiert, ohne Hilfe von anderen.","falsch","","Am wichtigsten war meine Laufgruppe","Er hatte eine Laufgruppe, die ihm sehr geholfen hat.","Đáp án: falsch (SAI). Nhận định: „Chris hat ganz allein trainiert, ohne Hilfe von anderen.“. Bằng chứng trong bài: „Am wichtigsten war meine Laufgruppe“. Đối chiếu nhận định với đoạn này trong bài để thấy vì sao.","translate-only","de_low_evidence_overlap","flagged","","",""
"content/b1/reading/B1-T1-008.json","Q4","b1","richtig_falsch","1","Bei Kilometer 35 wollte Chris aufhören.","richtig","","Bei Kilometer 35 wollte ich aufhören","Er wollte bei Kilometer 35 aufhören, aber die Zuschauer haben ihn angefeuert.","Đáp án: richtig (ĐÚNG). Nhận định: „Bei Kilometer 35 wollte Chris aufhören.“. Bằng chứng trong bài: „Bei Kilometer 35 wollte ich aufhören“. Đối chiếu nhận định với đoạn này trong bài để thấy vì sao.","translate-only","","stratified","","",""
"content/b1/reading/B1-T1-009.json","Q2","b1","richtig_falsch","1","Nina war am Anfang der Meinung, dass Second-Hand-Kleidung nicht schön ist.","richtig","","Ich dachte, Second-Hand-Kleidung wäre alt und hässlich","Sie dachte, Second-Hand-Kleidung wäre alt und hässlich.","Đáp án: richtig (ĐÚNG). Nhận định: „Nina war am Anfang der Meinung, dass Second-Hand-Kleidung nicht schön ist.“. Bằng chứng trong bài: „Ich dachte, Second-Hand-Kleidung wäre alt und hässlich“. Đối chiếu nhận định với đoạn này trong bài để thấy vì sao.","translate-only","","stratified","","",""
"content/b1/reading/B1-T1-009.json","Q5","b1","richtig_falsch","1","Im Text wird erwähnt, dass nina kauft alle Sachen Second-Hand, auch Unterwäsche.","falsch","","Natürlich kaufe ich einige Dinge wie Unterwäsche und Sportschuhe noch neu","Unterwäsche und Sportschuhe kauft sie noch neu.","Đáp án: falsch (SAI). Nhận định: „Im Text wird erwähnt, dass nina kauft alle Sachen Second-Hand, auch Unterwäsche.“. Bằng chứng trong bài: „Natürlich kaufe ich einige Dinge wie Unterwäsche und Sportschuhe noch neu“. Đối chiếu nhận định với đoạn này trong bài để thấy vì sao.","translate-only","de_low_evidence_overlap","flagged","","",""
"content/b1/reading/B1-T1-010.json","Q4","b1","richtig_falsch","1","Emma und ihre Großeltern wohnen in der gleichen Stadt.","falsch","","Ich lebe in München, und meine Großeltern wohnen in einem kleinen Dorf in der Nähe von Dresden","Emma lebt in München, ihre Großeltern in der Nähe von Dresden.","Đáp án: falsch (SAI). Nhận định: „Emma und ihre Großeltern wohnen in der gleichen Stadt.“. Bằng chứng trong bài: „Ich lebe in München, und meine Großeltern wohnen in einem kleinen Dorf in der Nähe von Dresden“. Đối chiếu nhận định với đoạn này trong bài để thấy vì sao.","translate-only","de_low_evidence_overlap","flagged","","",""
"content/b1/reading/B1-T2-002.json","Q4","b1","multiple_choice","2","Warum kritisiert die Flugindustrie das Programm?","b","","weil es ihrer Meinung nach den Wettbewerb verzerrt","Die Flugindustrie meint, das Programm verzerrt den Wettbewerb."," Câu hỏi: „Warum kritisiert die Flugindustrie das Programm?“. Phương án đúng (b): „Weil es den Wettbewerb verzerrt.“. Bằng chứng trong bài: „weil es ihrer Meinung nach den Wettbewerb verzerrt“. Các phương án còn lại không khớp với thông tin trong bài.","translate-only","de_low_evidence_overlap","flagged","","",""
"content/b1/reading/B1-T2-003.json","Q4","b1","multiple_choice","2","Wie viel Zuschuss können Hausbesitzer bekommen?","b","","bis zu 5.000 Euro Zuschuss","Hausbesitzer können bis zu 5.000 Euro Zuschuss beantragen."," Câu hỏi: „Wie viel Zuschuss können Hausbesitzer bekommen?“. Phương án đúng (b): „Bis zu 5.000 Euro.“. Bằng chứng trong bài: „bis zu 5.000 Euro Zuschuss“. Các phương án còn lại không khớp với thông tin trong bài.","translate-only","","stratified","","",""
"content/b1/reading/B1-T2-004.json","Q4","b1","multiple_choice","2","Was meint Jan Schulze zur Smartphone-Nutzung?","b","","sollten wir die Medienkompetenz der jungen Menschen stärken","Er meint, man sollte die Medienkompetenz stärken statt die Nutzung zu verbieten."," Câu hỏi: „Was meint Jan Schulze zur Smartphone-Nutzung?“. Phương án đúng (b): „Man sollte die Medienkompetenz der Jugendlichen stärken.“. Bằng chứng trong bài: „sollten wir die Medienkompetenz der jungen Menschen stärken“. Các phương án còn lại không khớp với thông tin trong bài.","translate-only","de_low_evidence_overlap","flagged","","",""
"content/b1/reading/B1-T2-004.json","Q5","b1","multiple_choice","2","Was hat die Gesamtschule Köln-Mülheim eingeführt?","b","","ein Fach namens ""Digitale Welten""","Die Schule hat ein Fach namens „Digitale Welten“ eingeführt."," Câu hỏi: „Was hat die Gesamtschule Köln-Mülheim eingeführt?“. Phương án đúng (b): „Ein neues Schulfach über digitale Medien.“. Bằng chứng trong bài: „ein Fach namens ""Digitale Welten""“. Các phương án còn lại không khớp với thông tin trong bài.","translate-only","","stratified","","",""
"content/b1/reading/B1-T2-005.json","Q3","b1","multiple_choice","2","Was empfiehlt Professor Klein?","b","","zwei bis drei Tagen Homeoffice und zwei bis drei Tagen im Büro","Er empfiehlt 2-3 Tage Homeoffice und 2-3 Tage Büro."," Câu hỏi: „Was empfiehlt Professor Klein?“. Phương án đúng (b): „Ein hybrides Modell mit 2-3 Tagen Homeoffice.“. Bằng chứng trong bài: „zwei bis drei Tagen Homeoffice und zwei bis drei Tagen im Büro“. Các phương án còn lại không khớp với thông tin trong bài.","translate-only","de_low_evidence_overlap","flagged","","",""
"content/b1/reading/B1-T2-005.json","Q5","b1","multiple_choice","2","Wie viele Beschäftigte wurden für die Studie untersucht?","b","","2.500 Beschäftigte aus verschiedenen Branchen","Es wurden 2.500 Beschäftigte untersucht."," Câu hỏi: „Wie viele Beschäftigte wurden für die Studie untersucht?“. Phương án đúng (b): „2.500.“. Bằng chứng trong bài: „2.500 Beschäftigte aus verschiedenen Branchen“. Các phương án còn lại không khớp với thông tin trong bài.","translate-only","de_low_evidence_overlap","flagged","","",""
"content/b1/reading/B1-T2-006.json","Q3","b1","multiple_choice","2","Warum bezweifeln Kritiker den Erfolg des Programms?","b","","Material- und Fachkräftemangel","Material- und Fachkräftemangel machen den Bau teurer und langsamer."," Câu hỏi: „Warum bezweifeln Kritiker den Erfolg des Programms?“. Phương án đúng (b): „Weil es an Material und Fachkräften fehlt.“. Bằng chứng trong bài: „Material- und Fachkräftemangel“. Các phương án còn lại không khớp với thông tin trong bài.","translate-only","","stratified","","",""
"content/b1/reading/B1-T2-007.json","Q4","b1","multiple_choice","2","Warum haben viele kleinere Festivals finanzielle Probleme?","b","","Die Kosten für Sicherheit, Technik und Künstlergagen sind stark gestiegen","Die Kosten für Sicherheit, Technik und Gagen sind stark gestiegen."," Câu hỏi: „Warum haben viele kleinere Festivals finanzielle Probleme?“. Phương án đúng (b): „Weil Sicherheit, Technik und Künstlergagen teurer geworden sind.“. Bằng chứng trong bài: „Die Kosten für Sicherheit, Technik und Künstlergagen sind stark gestiegen“. Các phương án còn lại không khớp với thông tin trong bài.","translate-only","","stratified","","",""
"content/b1/reading/B1-T2-009.json","Q2","b1","multiple_choice","2","Was bedeutet Showrooming?","b","","kommen zwar noch ins Geschäft, um Produkte anzuschauen, bestellen dann aber online","Kunden schauen im Geschäft und bestellen dann online."," Câu hỏi: „Was bedeutet Showrooming?“. Phương án đúng (b): „Kunden schauen im Geschäft, bestellen aber online.“. Bằng chứng trong bài: „kommen zwar noch ins Geschäft, um Produkte anzuschauen, bestellen dann aber online“. Các phương án còn lại không khớp với thông tin trong bài.","translate-only","de_low_evidence_overlap","flagged","","",""
"content/b1/reading/B1-T3-002.json","Q3","b1","matching","3","Lukas (16) möchte sein Englisch verbessern und bei einer Familie im Ausland wohnen.","B","","Englisch lernen in Dublin / Gastfamilie / Schüler 14–17","Die Sprachreise nach Irland bietet Englischkurs und Gastfamilie für Schüler 14–17 Jahre.","Tình huống này khớp với mục B. Bằng chứng trong bài: „Englisch lernen in Dublin / Gastfamilie / Schüler 14–17“. Yêu cầu trong tình huống được đáp ứng đúng ở mục này.","translate-only","de_low_evidence_overlap","flagged","","",""
"content/b1/reading/B1-T3-003.json","Q1","b1","matching","3","Peter möchte am Wochenende etwas für die Natur tun, draußen, kostenlos.","A","","Jeden Sa / Vogelbeobachtung, Bäume pflanzen / Keine Vorkenntnisse nötig","Der Naturschutzverein sucht Freiwillige für Samstag — draussen, keine Kosten.","Tình huống này khớp với mục A. Bằng chứng trong bài: „Jeden Sa / Vogelbeobachtung, Bäume pflanzen / Keine Vorkenntnisse nötig“. Yêu cầu trong tình huống được đáp ứng đúng ở mục này.","translate-only","de_low_evidence_overlap","flagged","","",""
"content/b1/reading/B1-T3-003.json","Q3","b1","matching","3","Die Position, dass Die Yilmaz' möchten auf ihrem Balkon eigenen Strom produzieren, findet sich bei:","C","","Solar-Workshop für Balkone / Balkonkraftwerk","Der Solar-Workshop zeigt, wie man mit einem Balkonkraftwerk Strom erzeugt.","Tình huống này khớp với mục C. Bằng chứng trong bài: „Solar-Workshop für Balkone / Balkonkraftwerk“. Yêu cầu trong tình huống được đáp ứng đúng ở mục này.","translate-only","","stratified","","",""
"content/b1/reading/B1-T3-003.json","Q4","b1","matching","3","Jana möchte in der Stadt Gemüse anbauen, hat aber keinen eigenen Garten.","D","","Eigenes Beet (4 qm) / Hinterhof","Der Gemeinschaftsgarten bietet eigene Beete in der Stadt.","Tình huống này khớp với mục D. Bằng chứng trong bài: „Eigenes Beet (4 qm) / Hinterhof“. Yêu cầu trong tình huống được đáp ứng đúng ở mục này.","translate-only","de_low_evidence_overlap","flagged","","",""
"content/b1/reading/B1-T3-003.json","Q5","b1","matching","3","Familie Berg sucht eine Familien-Aktion für saubere Umwelt.","E","","Für alle Altersgruppen / Gemeinsam für ein sauberes Ufer","Die Müllsammelaktion ist für alle Altersgruppen und räumt das Rheinufer auf.","Tình huống này khớp với mục E. Bằng chứng trong bài: „Für alle Altersgruppen / Gemeinsam für ein sauberes Ufer“. Yêu cầu trong tình huống được đáp ứng đúng ở mục này.","translate-only","de_low_evidence_overlap","flagged","","",""
"content/b1/reading/B1-T3-004.json","Q2","b1","matching","3","Die Ansicht, dass familie Hoffmann sucht Streaming für die ganze Familie, wird vertreten von:","D","","Familien-Abo (bis 5 Profile)","StreamAll Premium bietet ein Familienabo mit bis zu 5 Profilen.","Tình huống này khớp với mục D. Bằng chứng trong bài: „Familien-Abo (bis 5 Profile)“. Yêu cầu trong tình huống được đáp ứng đúng ở mục này.","translate-only","de_low_evidence_overlap","flagged","","",""
"content/b1/reading/B1-T3-004.json","Q4","b1","matching","3","Die Ansicht, dass nina möchte einen eigenen Podcast starten, ohne Erfahrung, wird vertreten von:","C","","Erstelle deinen eigenen Podcast / Für Anfänger","Der Podcast-Workshop ist für Anfänger und deckt Aufnahme, Schnitt und Veröffentlichung ab.","Tình huống này khớp với mục C. Bằng chứng trong bài: „Erstelle deinen eigenen Podcast / Für Anfänger“. Yêu cầu trong tình huống được đáp ứng đúng ở mục này.","translate-only","de_low_evidence_overlap","flagged","","",""
"content/b1/reading/B1-T3-008.json","Q1","b1","matching","3","Herr Petersen (70) sucht sanften Vormittagssport für Gleichgewicht.","F","","ab 65 / Sturzprävention, sanfte Bewegung / Mi 10–11 Uhr","Seniorensport bietet Gymnastik und Balance, Mi 10–11 Uhr, ab 65 Jahre.","Tình huống này khớp với mục F. Bằng chứng trong bài: „ab 65 / Sturzprävention, sanfte Bewegung / Mi 10–11 Uhr“. Yêu cầu trong tình huống được đáp ứng đúng ở mục này.","translate-only","de_low_evidence_overlap","flagged","","",""
"content/b1/reading/B1-T3-008.json","Q4","b1","matching","3","Max möchte am Wochenende günstig draußen Yoga machen.","C","","Sonntag / Englischer Garten / Auf Spendenbasis","Yoga im Park ist sonntags, draussen, auf Spendenbasis.","Tình huống này khớp với mục C. Bằng chứng trong bài: „Sonntag / Englischer Garten / Auf Spendenbasis“. Yêu cầu trong tình huống được đáp ứng đúng ở mục này.","translate-only","de_low_evidence_overlap","flagged","","",""
"content/b1/reading/B1-T3-009.json","Q3","b1","matching","3","Laura möchte alte Kleidung tauschen, kostenlos.","D","","tausche sie gegen andere / Kostenlos","Die Kleidertausch-Party ist kostenlos: Kleidung mitbringen und tauschen.","Tình huống này khớp với mục D. Bằng chứng trong bài: „tausche sie gegen andere / Kostenlos“. Yêu cầu trong tình huống được đáp ứng đúng ở mục này.","translate-only","de_low_evidence_overlap","flagged","","",""
"content/b1/reading/B1-T3-009.json","Q5","b1","matching","3","Die Position, dass tim sucht günstige Markenkleidung in einem neuen Geschäft, findet sich bei:","G","","Top-Marken zu kleinen Preisen / Eröffnungswoche 20 % auf alles","Der neue Second-Hand-Laden hat Top-Marken, 20 % Eröffnungsrabatt.","Tình huống này khớp với mục G. Bằng chứng trong bài: „Top-Marken zu kleinen Preisen / Eröffnungswoche 20 % auf alles“. Yêu cầu trong tình huống được đáp ứng đúng ở mục này.","translate-only","de_low_evidence_overlap","flagged","","",""
"content/b1/reading/B1-T3-010.json","Q3","b1","matching","3","Eltern eines 13-Jährigen suchen einen Kurs zur Pubertätsbegleitung.","F","","Wie unterstütze ich mein Kind in der Pubertät","Der Elternkurs behandelt Unterstützung in der Pubertät.","Tình huống này khớp với mục F. Bằng chứng trong bài: „Wie unterstütze ich mein Kind in der Pubertät“. Yêu cầu trong tình huống được đáp ứng đúng ở mục này.","translate-only","de_low_evidence_overlap","flagged","","",""
"content/b1/reading/B1-T4-001.json","Q1","b1","ja_nein","4","Petra M. findet, dass Schulen nur gesundes Essen anbieten sollten.","ja","","Ich finde das eine tolle Idee / Die Schule hat auch eine Verantwortung","Petra findet die Idee toll und sagt, die Schule hat Verantwortung für die Gesundheit.","Đáp án: ja (ĐÚNG). Nhận định: „Petra M. findet, dass Schulen nur gesundes Essen anbieten sollten.“. Bằng chứng trong bài: „Ich finde das eine tolle Idee / Die Schule hat auch eine Verantwortung“. Đối chiếu nhận định với đoạn này trong bài để thấy vì sao.","translate-only","de_low_evidence_overlap","flagged","","",""
"content/b1/reading/B1-T4-001.json","Q2","b1","ja_nein","4","Thomas K. ist für ein Verbot von ungesundem Essen in der Schule.","nein","","Das ist doch Unsinn / Man kann den Schülern nicht vorschreiben","Thomas findet das Unsinn und meint, Schüler sollen selbst entscheiden.","Đáp án: nein (SAI). Nhận định: „Thomas K. ist für ein Verbot von ungesundem Essen in der Schule.“. Bằng chứng trong bài: „Das ist doch Unsinn / Man kann den Schülern nicht vorschreiben“. Đối chiếu nhận định với đoạn này trong bài để thấy vì sao.","translate-only","de_low_evidence_overlap","flagged","","",""
"content/b1/reading/B1-T4-001.json","Q4","b1","ja_nein","4","Jan P. meint, dass man Kinder lieber aufklären statt Essen verbieten sollte.","ja","","sollte man Kinder lieber über gesunde Ernährung aufklären","Jan ist gegen ein Verbot und findet, man sollte Kinder aufklären.","Đáp án: ja (ĐÚNG). Nhận định: „Jan P. meint, dass man Kinder lieber aufklären statt Essen verbieten sollte.“. Bằng chứng trong bài: „sollte man Kinder lieber über gesunde Ernährung aufklären“. Đối chiếu nhận định với đoạn này trong bài để thấy vì sao.","translate-only","de_low_evidence_overlap","flagged","","",""
"content/b1/reading/B1-T4-001.json","Q5","b1","ja_nein","4","Claudia R. ist gegen die Idee, weil sie findet, dass Kinder selbst entscheiden sollen.","nein","","Ja, unbedingt! In Frankreich und Schweden funktioniert das schon","Claudia ist dafür und nennt Frankreich und Schweden als positive Beispiele.","Đáp án: nein (SAI). Nhận định: „Claudia R. ist gegen die Idee, weil sie findet, dass Kinder selbst entscheiden sollen.“. Bằng chứng trong bài: „Ja, unbedingt! In Frankreich und Schweden funktioniert das schon“. Đối chiếu nhận định với đoạn này trong bài để thấy vì sao.","translate-only","de_low_evidence_overlap","flagged","","",""
"content/b1/reading/B1-T4-002.json","Q3","b1","ja_nein","4","Dr. Heinz B. meint, die Umweltkosten sollten im Ticketpreis enthalten sein.","ja","","Absolut! / Wenn wir die Umweltkosten einbeziehen, wäre Fliegen automatisch teurer","Er findet es fair, die wahren Umweltkosten einzubeziehen.","Đáp án: ja (ĐÚNG). Nhận định: „Dr. Heinz B. meint, die Umweltkosten sollten im Ticketpreis enthalten sein.“. Bằng chứng trong bài: „Absolut! / Wenn wir die Umweltkosten einbeziehen, wäre Fliegen automatisch teurer“. Đối chiếu nhận định với đoạn này trong bài để thấy vì sao.","translate-only","de_low_evidence_overlap","flagged","","",""
"content/b1/reading/B1-T4-002.json","Q4","b1","ja_nein","4","Elif T. ist für teurere Flugtickets.","nein","","Höhere Flugpreise würden bedeuten, dass wir unsere Familie seltener sehen / Das finde ich ungerecht","Elif ist dagegen, weil sie ihre Familie in der Türkei seltener sehen könnte.","Đáp án: nein (SAI). Nhận định: „Elif T. ist für teurere Flugtickets.“. Bằng chứng trong bài: „Höhere Flugpreise würden bedeuten, dass wir unsere Familie seltener sehen / Das finde ich ungerecht“. Đối chiếu nhận định với đoạn này trong bài để thấy vì sao.","translate-only","de_low_evidence_overlap","flagged","","",""
"content/b1/reading/B1-T4-002.json","Q5","b1","ja_nein","4","Jonas M. findet die Idee grundsätzlich richtig, hält aber bessere Bahn-Alternativen für notwendig.","ja","","Die Idee ist richtig, aber man muss gleichzeitig die Bahn günstiger und besser machen","Jonas stimmt zu, sagt aber, dass gleichzeitig die Bahn verbessert werden muss.","Đáp án: ja (ĐÚNG). Nhận định: „Jonas M. findet die Idee grundsätzlich richtig, hält aber bessere Bahn-Alternativen für notwendig.“. Bằng chứng trong bài: „Die Idee ist richtig, aber man muss gleichzeitig die Bahn günstiger und besser machen“. Đối chiếu nhận định với đoạn này trong bài để thấy vì sao.","translate-only","de_low_evidence_overlap","flagged","","",""
"content/b1/reading/B1-T4-003.json","Q1","b1","ja_nein","4","Stefan G. ist dafür, Autos aus der Innenstadt zu verbannen.","ja","","Unbedingt! / Die Lebensqualität steigt enorm","Stefan sagt unbedingt und lobt das Modell von Amsterdam und Kopenhagen.","Đáp án: ja (ĐÚNG). Nhận định: „Stefan G. ist dafür, Autos aus der Innenstadt zu verbannen.“. Bằng chứng trong bài: „Unbedingt! / Die Lebensqualität steigt enorm“. Đối chiếu nhận định với đoạn này trong bài để thấy vì sao.","translate-only","de_low_evidence_overlap","flagged","","",""
"content/b1/reading/B1-T4-003.json","Q2","b1","ja_nein","4","Der Autor deutet an, dass renate H. hält ein Autoverbot in der Innenstadt für eine gute Idee.","nein","","Das ist unrealistisch / Ein komplettes Autoverbot würde den Einzelhandel zerstören","Renate findet es unrealistisch und warnt vor Schäden für den Einzelhandel.","Đáp án: nein (SAI). Nhận định: „Der Autor deutet an, dass renate H. hält ein Autoverbot in der Innenstadt für eine gute Idee.“. Bằng chứng trong bài: „Das ist unrealistisch / Ein komplettes Autoverbot würde den Einzelhandel zerstören“. Đối chiếu nhận định với đoạn này trong bài để thấy vì sao.","translate-only","de_low_evidence_overlap","flagged","","",""
"content/b1/reading/B1-T4-003.json","Q3","b1","ja_nein","4","Yusuf D. ist grundsätzlich für autofreie Innenstädte.","ja","","Ich bin dafür, aber nur wenn der öffentliche Nahverkehr ausgebaut wird","Er ist dafür, aber fordert gleichzeitig besseren öffentlichen Nahverkehr.","Đáp án: ja (ĐÚNG). Nhận định: „Yusuf D. ist grundsätzlich für autofreie Innenstädte.“. Bằng chứng trong bài: „Ich bin dafür, aber nur wenn der öffentliche Nahverkehr ausgebaut wird“. Đối chiếu nhận định với đoạn này trong bài để thấy vì sao.","translate-only","de_low_evidence_overlap","flagged","","",""
"content/b1/reading/B1-T4-003.json","Q5","b1","ja_nein","4","Lisa S. findet, dass autofreie Zonen besser für Kinder sind.","ja","","Ja! Unsere Kinder verdienen saubere Luft / Autofreie Zonen sind sicherer","Lisa sagt Ja und betont, dass Kinder saubere Luft und Sicherheit verdienen.","Đáp án: ja (ĐÚNG). Nhận định: „Lisa S. findet, dass autofreie Zonen besser für Kinder sind.“. Bằng chứng trong bài: „Ja! Unsere Kinder verdienen saubere Luft / Autofreie Zonen sind sicherer“. Đối chiếu nhận định với đoạn này trong bài để thấy vì sao.","translate-only","de_low_evidence_overlap","flagged","","",""
"content/b1/reading/B1-T4-004.json","Q1","b1","ja_nein","4","Der Autor deutet an, dass sabine K. findet, dass Kinder unter 12 ein Smartphone haben sollten.","nein","","Auf keinen Fall! Kinder unter 12 brauchen kein eigenes Smartphone","Sabine sagt klar: Auf keinen Fall!","Đáp án: nein (SAI). Nhận định: „Der Autor deutet an, dass sabine K. findet, dass Kinder unter 12 ein Smartphone haben sollten.“. Bằng chứng trong bài: „Auf keinen Fall! Kinder unter 12 brauchen kein eigenes Smartphone“. Đối chiếu nhận định với đoạn này trong bài để thấy vì sao.","translate-only","de_low_evidence_overlap","flagged","","",""
"content/b1/reading/B1-T4-004.json","Q4","b1","ja_nein","4","Karim A. findet, dass Kinder früh Medienkompetenz lernen sollten.","ja","","Lieber früh in Medienkompetenz investieren / Verbote bringen gar nichts","Karim meint, frühe Medienkompetenz ist besser als Verbote.","Đáp án: ja (ĐÚNG). Nhận định: „Karim A. findet, dass Kinder früh Medienkompetenz lernen sollten.“. Bằng chứng trong bài: „Lieber früh in Medienkompetenz investieren / Verbote bringen gar nichts“. Đối chiếu nhận định với đoạn này trong bài để thấy vì sao.","translate-only","de_low_evidence_overlap","flagged","","",""
"content/b1/reading/B1-T4-004.json","Q5","b1","ja_nein","4","Beate N. ist froh, dass ihr Sohn früh ein Smartphone bekommen hat.","nein","","Ich hätte besser länger gewartet / Seine Noten sind schlechter geworden","Beate bereut die Entscheidung, weil ihr Sohn schlechtere Noten bekam.","Đáp án: nein (SAI). Nhận định: „Beate N. ist froh, dass ihr Sohn früh ein Smartphone bekommen hat.“. Bằng chứng trong bài: „Ich hätte besser länger gewartet / Seine Noten sind schlechter geworden“. Đối chiếu nhận định với đoạn này trong bài để thấy vì sao.","translate-only","de_low_evidence_overlap","flagged","","",""
"content/b1/reading/B1-T4-005.json","Q1","b1","ja_nein","4","Anna W. fand ihr Praktikum hilfreich für die Berufswahl.","ja","","hat mir gezeigt, was ich später machen möchte","Anna sagt, ohne das Praktikum hätte sie sich falsch entschieden.","Đáp án: ja (ĐÚNG). Nhận định: „Anna W. fand ihr Praktikum hilfreich für die Berufswahl.“. Bằng chứng trong bài: „hat mir gezeigt, was ich später machen möchte“. Đối chiếu nhận định với đoạn này trong bài để thấy vì sao.","translate-only","de_low_evidence_overlap","flagged","","",""
"content/b1/reading/B1-T4-005.json","Q2","b1","ja_nein","4","David S. unterstützt ein Pflichtpraktikum.","nein","","Ich bin dagegen / Unternehmen nutzen Praktikanten als billige Arbeitskräfte aus","David ist dagegen wegen schlechter Bezahlung und Ausnutzung.","Đáp án: nein (SAI). Nhận định: „David S. unterstützt ein Pflichtpraktikum.“. Bằng chứng trong bài: „Ich bin dagegen / Unternehmen nutzen Praktikanten als billige Arbeitskräfte aus“. Đối chiếu nhận định với đoạn này trong bài để thấy vì sao.","translate-only","de_low_evidence_overlap","flagged","","",""
"content/b1/reading/B1-T4-005.json","Q3","b1","ja_nein","4","Der Autor deutet an, dass prof. Maria K. sieht Praktika als wertvolle Ergänzung zum Studium.","ja","","Ein Pflichtpraktikum wäre eine sinnvolle Ergänzung zum Studium","Sie sieht den Wert und hält ein Pflichtpraktikum für sinnvoll.","Đáp án: ja (ĐÚNG). Nhận định: „Der Autor deutet an, dass prof. Maria K. sieht Praktika als wertvolle Ergänzung zum Studium.“. Bằng chứng trong bài: „Ein Pflichtpraktikum wäre eine sinnvolle Ergänzung zum Studium“. Đối chiếu nhận định với đoạn này trong bài để thấy vì sao.","translate-only","de_low_evidence_overlap","flagged","","",""
"content/b1/reading/B1-T4-005.json","Q4","b1","ja_nein","4","Luisa B. hat bei ihrem Praktikum viel gelernt.","nein","","Kaffee gekocht und Kopien gemacht / gelernt habe ich nichts","Luisa hat nur Kaffee gekocht und Kopien gemacht — gelernt hat sie nichts.","Đáp án: nein (SAI). Nhận định: „Luisa B. hat bei ihrem Praktikum viel gelernt.“. Bằng chứng trong bài: „Kaffee gekocht und Kopien gemacht / gelernt habe ich nichts“. Đối chiếu nhận định với đoạn này trong bài để thấy vì sao.","translate-only","","stratified","","",""
"content/b1/reading/B1-T4-005.json","Q5","b1","ja_nein","4","Mehmet Y. ist für ein Pflichtpraktikum, aber mit klaren Standards.","ja","","Ja, aber mit Bedingungen / eine großartige Chance für junge Menschen","Mehmet sagt Ja, mit Bedingungen: fair bezahlt, echte Lernmöglichkeit.","Đáp án: ja (ĐÚNG). Nhận định: „Mehmet Y. ist für ein Pflichtpraktikum, aber mit klaren Standards.“. Bằng chứng trong bài: „Ja, aber mit Bedingungen / eine großartige Chance für junge Menschen“. Đối chiếu nhận định với đoạn này trong bài để thấy vì sao.","translate-only","de_low_evidence_overlap","flagged","","",""
"content/b1/reading/B1-T4-007.json","Q1","b1","ja_nein","4","Aus dem Text lässt sich schließen, dass julia H. ist für kostenlosen Museumseintritt.","ja","","Ja! Kultur und Bildung müssen für alle zugänglich sein","Julia sagt Ja und nennt London als positives Beispiel.","Đáp án: ja (ĐÚNG). Nhận định: „Aus dem Text lässt sich schließen, dass julia H. ist für kostenlosen Museumseintritt.“. Bằng chứng trong bài: „Ja! Kultur und Bildung müssen für alle zugänglich sein“. Đối chiếu nhận định với đoạn này trong bài để thấy vì sao.","translate-only","de_low_evidence_overlap","flagged","","",""
"content/b1/reading/B1-T4-007.json","Q3","b1","ja_nein","4","Lara F. wünscht sich freien Eintritt in Museen.","ja","","Unbedingt! / Bildung ist ein Recht","Lara sagt unbedingt, weil sie sich als Studentin den Eintritt nicht leisten kann.","Đáp án: ja (ĐÚNG). Nhận định: „Lara F. wünscht sich freien Eintritt in Museen.“. Bằng chứng trong bài: „Unbedingt! / Bildung ist ein Recht“. Đối chiếu nhận định với đoạn này trong bài để thấy vì sao.","translate-only","de_low_evidence_overlap","flagged","","",""
"content/b1/reading/B1-T4-007.json","Q5","b1","ja_nein","4","Nora A. will kostenlosen Eintritt für Kinder und Jugendliche.","ja","","Ja, zumindest für Kinder und Jugendliche / eine Investition in die Zukunft","Nora sagt Ja für Kinder und Jugendliche, Erwachsene könnten einen Beitrag zahlen.","Đáp án: ja (ĐÚNG). Nhận định: „Nora A. will kostenlosen Eintritt für Kinder und Jugendliche.“. Bằng chứng trong bài: „Ja, zumindest für Kinder und Jugendliche / eine Investition in die Zukunft“. Đối chiếu nhận định với đoạn này trong bài để thấy vì sao.","translate-only","de_low_evidence_overlap","flagged","","",""
"content/b1/reading/B1-T4-008.json","Q3","b1","ja_nein","4","Zeynep A. findet, die Gesundheit der Kinder muss Priorität haben.","ja","","Unbedingt! / Die Gesundheit unserer Kinder muss Priorität haben","Sie sagt unbedingt und sieht als Sportlehrerin, wie gut Bewegung den Kindern tut.","Đáp án: ja (ĐÚNG). Nhận định: „Zeynep A. findet, die Gesundheit der Kinder muss Priorität haben.“. Bằng chứng trong bài: „Unbedingt! / Die Gesundheit unserer Kinder muss Priorität haben“. Đối chiếu nhận định với đoạn này trong bài để thấy vì sao.","translate-only","de_low_evidence_overlap","flagged","","",""
"content/b1/reading/B1-T4-008.json","Q5","b1","ja_nein","4","Maria G. findet täglichen Sportunterricht ideal.","ja","","Täglicher Sportunterricht wäre ideal, wie in Finnland","Maria sagt Ja und findet täglichen Sport ideal, wie in Finnland.","Đáp án: ja (ĐÚNG). Nhận định: „Maria G. findet täglichen Sportunterricht ideal.“. Bằng chứng trong bài: „Täglicher Sportunterricht wäre ideal, wie in Finnland“. Đối chiếu nhận định với đoạn này trong bài để thấy vì sao.","translate-only","de_low_evidence_overlap","flagged","","",""
"content/b1/reading/B1-T4-009.json","Q1","b1","ja_nein","4","Nicole T. möchte, dass Supermärkte sonntags öffnen.","ja","","Ja, warum nicht? / Der Sonntag wäre perfekt","Nicole sagt Ja, weil sie unter der Woche keine Zeit hat.","Đáp án: ja (ĐÚNG). Nhận định: „Nicole T. möchte, dass Supermärkte sonntags öffnen.“. Bằng chứng trong bài: „Ja, warum nicht? / Der Sonntag wäre perfekt“. Đối chiếu nhận định với đoạn này trong bài để thấy vì sao.","translate-only","de_low_evidence_overlap","flagged","","",""
"content/b1/reading/B1-T4-009.json","Q3","b1","ja_nein","4","Tina M. würde von einem offenen Sonntag profitieren.","ja","","Ich bin dafür / Ein offener Sonntag würde mir sehr helfen","Tina ist dafür, weil sie als alleinerziehende Mutter den Sonntag braucht.","Đáp án: ja (ĐÚNG). Nhận định: „Tina M. würde von einem offenen Sonntag profitieren.“. Bằng chứng trong bài: „Ich bin dafür / Ein offener Sonntag würde mir sehr helfen“. Đối chiếu nhận định với đoạn này trong bài để thấy vì sao.","translate-only","de_low_evidence_overlap","flagged","","",""
"content/b1/reading/B1-T4-009.json","Q5","b1","ja_nein","4","Sven K. schlägt einen Kompromiss vor.","ja","","Ja, aber freiwillig und mit Extra-Bezahlung / Ein Kompromiss wäre besser","Sven ist dafür, aber freiwillig und mit Extra-Bezahlung.","Đáp án: ja (ĐÚNG). Nhận định: „Sven K. schlägt einen Kompromiss vor.“. Bằng chứng trong bài: „Ja, aber freiwillig und mit Extra-Bezahlung / Ein Kompromiss wäre besser“. Đối chiếu nhận định với đoạn này trong bài để thấy vì sao.","translate-only","","stratified","","",""
"content/b1/reading/B1-T4-010.json","Q3","b1","ja_nein","4","Lena R. wünscht sich, dass Väter in Deutschland länger Elternzeit nehmen.","ja","","Unbedingt! In Schweden nehmen Väter selbstverständlich lange Elternzeit","Lena sagt unbedingt und nennt Schweden als Vorbild.","Đáp án: ja (ĐÚNG). Nhận định: „Lena R. wünscht sich, dass Väter in Deutschland länger Elternzeit nehmen.“. Bằng chứng trong bài: „Unbedingt! In Schweden nehmen Väter selbstverständlich lange Elternzeit“. Đối chiếu nhận định với đoạn này trong bài để thấy vì sao.","translate-only","de_low_evidence_overlap","flagged","","",""
"content/b1/reading/B1-T4-010.json","Q5","b1","ja_nein","4","Seda T. meint, dass Arbeitgeber Väter bei der Elternzeit unterstützen müssen.","ja","","Arbeitgeber müssen das unterstützen / Wir brauchen bessere Gesetze","Seda sagt Ja und fordert bessere Gesetze, weil Väter Angst um die Karriere haben.","Đáp án: ja (ĐÚNG). Nhận định: „Seda T. meint, dass Arbeitgeber Väter bei der Elternzeit unterstützen müssen.“. Bằng chứng trong bài: „Arbeitgeber müssen das unterstützen / Wir brauchen bessere Gesetze“. Đối chiếu nhận định với đoạn này trong bài để thấy vì sao.","translate-only","de_low_evidence_overlap","flagged","","",""
"content/b1/reading/B1-T5-001.json","Q2","b1","multiple_choice","5","Wofür bekommt man KEINE Punkte?","c","","Vorsorgeuntersuchungen, Impfungen, Sportverein, Gesundheitskurse, Nichtraucher, BMI","Apothekeneinkäufe werden nicht als Aktivität aufgeführt."," Câu hỏi: „Wofür bekommt man KEINE Punkte?“. Phương án đúng (c): „Einkauf in der Apotheke.“. Bằng chứng trong bài: „Vorsorgeuntersuchungen, Impfungen, Sportverein, Gesundheitskurse, Nichtraucher, BMI“. Các phương án còn lại không khớp với thông tin trong bài.","translate-only","de_low_evidence_overlap","flagged","","",""
"content/b1/reading/B1-T5-004.json","Q4","b1","multiple_choice","5","Warum wird passiert mit digitalen Medien nach Ablauf der Leihfrist im Text erwähnt?","b","","nach Ablauf der Leihfrist automatisch zurückgegeben","Digitale Medien werden automatisch zurückgegeben."," Câu hỏi: „Warum wird passiert mit digitalen Medien nach Ablauf der Leihfrist im Text erwähnt?“. Phương án đúng (b): „Sie werden automatisch zurückgegeben.“. Bằng chứng trong bài: „nach Ablauf der Leihfrist automatisch zurückgegeben“. Các phương án còn lại không khớp với thông tin trong bài.","translate-only","de_low_evidence_overlap","flagged","","",""
"content/b1/reading/B1-T5-005.json","Q4","b1","multiple_choice","5","Wie viel zahlen Inhaber eines Frankfurt-Passes pro Abend?","b","","Frankfurt-Passes zahlen nur 1 Euro pro Abend","Mit dem Frankfurt-Pass zahlt man nur 1 Euro pro Abend."," Câu hỏi: „Wie viel zahlen Inhaber eines Frankfurt-Passes pro Abend?“. Phương án đúng (b): „1 Euro.“. Bằng chứng trong bài: „Frankfurt-Passes zahlen nur 1 Euro pro Abend“. Các phương án còn lại không khớp với thông tin trong bài.","translate-only","","stratified","","",""
"content/b1/reading/B1-T5-006.json","Q2","b1","multiple_choice","5","Wie lang ist die Kündigungsfrist für Mieter?","b","","Die gesetzliche Kündigungsfrist für Mieter beträgt 3 Monate","Die gesetzliche Kündigungsfrist beträgt 3 Monate."," Câu hỏi: „Wie lang ist die Kündigungsfrist für Mieter?“. Phương án đúng (b): „3 Monate.“. Bằng chứng trong bài: „Die gesetzliche Kündigungsfrist für Mieter beträgt 3 Monate“. Các phương án còn lại không khớp với thông tin trong bài.","translate-only","","stratified","","",""
"content/b1/reading/B1-T5-007.json","Q4","b1","multiple_choice","5","Was müssen Ehrenamtliche vertraulich behandeln?","b","","Was Sie im Ehrenamt erfahren, müssen Sie vertraulich behandeln","Was man im Ehrenamt erfährt, muss vertraulich behandelt werden."," Câu hỏi: „Was müssen Ehrenamtliche vertraulich behandeln?“. Phương án đúng (b): „Informationen, die sie im Ehrenamt erfahren.“. Bằng chứng trong bài: „Was Sie im Ehrenamt erfahren, müssen Sie vertraulich behandeln“. Các phương án còn lại không khớp với thông tin trong bài.","translate-only","de_low_evidence_overlap","flagged","","",""
"content/b1/reading/B1-T5-007.json","Q5","b1","multiple_choice","5","Wo findet man ein passendes Ehrenamt?","b","","Die Freiwilligenagenturen in Ihrer Stadt helfen Ihnen","Freiwilligenagenturen helfen, das passende Ehrenamt zu finden."," Câu hỏi: „Wo findet man ein passendes Ehrenamt?“. Phương án đúng (b): „Bei Freiwilligenagenturen.“. Bằng chứng trong bài: „Die Freiwilligenagenturen in Ihrer Stadt helfen Ihnen“. Các phương án còn lại không khớp với thông tin trong bài.","translate-only","de_low_evidence_overlap","flagged","","",""
"content/b1/reading/B1-T5-009.json","Q1","b1","multiple_choice","5","Wie lange hat man beim Online-Kauf Widerrufsrecht?","b","","gesetzliches Widerrufsrecht von 14 Tagen","Das gesetzliche Widerrufsrecht bei Online-Käufen beträgt 14 Tage."," Câu hỏi: „Wie lange hat man beim Online-Kauf Widerrufsrecht?“. Phương án đúng (b): „14 Tage.“. Bằng chứng trong bài: „gesetzliches Widerrufsrecht von 14 Tagen“. Các phương án còn lại không khớp với thông tin trong bài.","translate-only","de_low_evidence_overlap","flagged","","",""
"content/b1/reading/B1-T5-009.json","Q4","b1","multiple_choice","5","Was möchte der Autor mit der Unterschied zwischen Garantie und Gewährleistung verdeutlichen?","b","","Die Garantie ist eine freiwillige Leistung des Herstellers / zusätzlich zur gesetzlichen Gewährleistung","Die Garantie ist freiwillig vom Hersteller, die Gewährleistung ist gesetzlich."," Câu hỏi: „Was möchte der Autor mit der Unterschied zwischen Garantie und Gewährleistung verdeutlichen?“. Phương án đúng (b): „Garantie ist freiwillig vom Hersteller, Gewährleistung ist gesetzlich.“. Bằng chứng trong bài: „Die Garantie ist eine freiwillige Leistung des Herstellers / zusätzlich zur gesetzlichen Gewährleistung“. Các phương án còn lại không khớp với thông tin trong bài.","translate-only","de_low_evidence_overlap","flagged","","",""
"content/b1/reading/B1-T5-010.json","Q3","b1","multiple_choice","5","Wie viele Stunden pro Woche darf man während der Elternzeit arbeiten?","b","","bis zu 32 Stunden pro Woche","Man kann während der Elternzeit bis zu 32 Stunden pro Woche in Teilzeit arbeiten."," Câu hỏi: „Wie viele Stunden pro Woche darf man während der Elternzeit arbeiten?“. Phương án đúng (b): „Bis zu 32 Stunden.“. Bằng chứng trong bài: „bis zu 32 Stunden pro Woche“. Các phương án còn lại không khớp với thông tin trong bài.","translate-only","","stratified","","",""
"content/b2/reading/B2-T1-002.json","Q4","b2","multiple_choice","1","Was fordert der Deutsche Bundesjugendring?","b","","Einführung des Wahlrechts ab 16 Jahren","Der Bundesjugendring fordert die Einführung des Wahlrechts ab 16 Jahren."," Câu hỏi: „Was fordert der Deutsche Bundesjugendring?“. Phương án đúng (b): „Das Wahlrecht ab 16 Jahren.“. Bằng chứng trong bài: „Einführung des Wahlrechts ab 16 Jahren“. Các phương án còn lại không khớp với thông tin trong bài.","translate-only","","stratified","","",""
"content/b2/reading/B2-T1-003.json","Q1","b2","multiple_choice","1","Was impliziert der Text über lässt sich aus den Angaben über Um wie viel Prozent ging die schließen?","b","","um weitere 18 Prozent zurück","Die Zahl der Kinobesucher ging um weitere 18 Prozent zurück."," Câu hỏi: „Was impliziert der Text über lässt sich aus den Angaben über Um wie viel Prozent ging die schließen?“. Phương án đúng (b): „18 Prozent.“. Bằng chứng trong bài: „um weitere 18 Prozent zurück“. Các phương án còn lại không khớp với thông tin trong bài.","translate-only","","stratified","","",""
"content/b2/reading/B2-T1-003.json","Q2","b2","multiple_choice","1","Welche Schwäche hat die Argumentation bezüglich betont Marcus Weber über das Kino?","b","","ein sozialer Treffpunkt, ein kultureller Raum","Weber betont, das Kino sei ein sozialer Treffpunkt und kultureller Raum."," Câu hỏi: „Welche Schwäche hat die Argumentation bezüglich betont Marcus Weber über das Kino?“. Phương án đúng (b): „Das Kino ist ein sozialer und kultureller Raum.“. Bằng chứng trong bài: „ein sozialer Treffpunkt, ein kultureller Raum“. Các phương án còn lại không khớp với thông tin trong bài.","translate-only","","stratified","","",""
"content/b2/reading/B2-T1-007.json","Q3","b2","multiple_choice","1","Welche Schwäche hat die Argumentation bezüglich viel Prozent der medizinischen Fragestellungen eignen sich für Telemedizin?","a","","höchstens 30 Prozent aller medizinischen Fragestellungen","Laut Bundesärztekammer eignen sich höchstens 30 Prozent für Telemedizin."," Câu hỏi: „Welche Schwäche hat die Argumentation bezüglich viel Prozent der medizinischen Fragestellungen eignen sich für Telemediz…“. Phương án đúng (a): „Höchstens 30 Prozent.“. Bằng chứng trong bài: „höchstens 30 Prozent aller medizinischen Fragestellungen“. Các phương án còn lại không khớp với thông tin trong bài.","translate-only","de_low_evidence_overlap","flagged","","",""
"content/b2/reading/B2-T1-007.json","Q5","b2","multiple_choice","1","Was lässt sich aus den Angaben über prognostizieren Experten für das Jahr 2030 schließen?","b","","bis 2030 rund die Hälfte aller Erstkontakte","Experten prognostizieren, dass bis 2030 rund die Hälfte aller Erstkontakte digital stattfindet."," Câu hỏi: „Was lässt sich aus den Angaben über prognostizieren Experten für das Jahr 2030 schließen?“. Phương án đúng (b): „Rund die Hälfte aller Erstkontakte wird digital stattfinden.“. Bằng chứng trong bài: „bis 2030 rund die Hälfte aller Erstkontakte“. Các phương án còn lại không khớp với thông tin trong bài.","translate-only","","stratified","","",""
"content/b2/reading/B2-T2-001.json","Q1","b2","multiple_choice","2","Was impliziert der Text über viele Tiere werden in Deutschland jährlich in Versuchen eingesetzt?","b","","rund 1,9 Millionen Tiere","rund 1,9 Millionen Tiere"," Câu hỏi: „Was impliziert der Text über viele Tiere werden in Deutschland jährlich in Versuchen eingesetzt?“. Phương án đúng (b): „1,9 Millionen.“. Bằng chứng trong bài: „rund 1,9 Millionen Tiere“. Các phương án còn lại không khớp với thông tin trong bài.","translate-only","de_len_anomaly","flagged","","",""
"content/b2/reading/B2-T2-001.json","Q5","b2","multiple_choice","2","Welche Position vertritt der Autor?","b","","differenzierten Ansatz","differenzierten Ansatz"," Câu hỏi: „Welche Position vertritt der Autor?“. Phương án đúng (b): „Einen differenzierten Ansatz mit gezielter Förderung von Alternativen.“. Bằng chứng trong bài: „differenzierten Ansatz“. Các phương án còn lại không khớp với thông tin trong bài.","translate-only","de_len_anomaly","flagged","","",""
"content/b2/reading/B2-T2-002.json","Q2","b2","multiple_choice","2","Was können Jugendliche ab 16 in Deutschland bereits tun?","a","","Personalausweis beantragen","Personalausweis beantragen"," Câu hỏi: „Was können Jugendliche ab 16 in Deutschland bereits tun?“. Phương án đúng (a): „Einen Personalausweis beantragen.“. Bằng chứng trong bài: „Personalausweis beantragen“. Các phương án còn lại không khớp với thông tin trong bài.","translate-only","de_len_anomaly","flagged","","",""
"content/b2/reading/B2-T2-003.json","Q1","b2","multiple_choice","2","Was impliziert der Text über viel gibt die öffentliche Hand in Deutschland jährlich für Kultur aus?","b","","rund 11,4 Milliarden Euro","rund 11,4 Milliarden Euro"," Câu hỏi: „Was impliziert der Text über viel gibt die öffentliche Hand in Deutschland jährlich für Kultur aus?“. Phương án đúng (b): „11,4 Milliarden Euro.“. Bằng chứng trong bài: „rund 11,4 Milliarden Euro“. Các phương án còn lại không khớp với thông tin trong bài.","translate-only","de_len_anomaly","flagged","","",""
"content/b2/reading/B2-T2-004.json","Q1","b2","multiple_choice","2","Was lässt sich aus den Angaben über viel Prozent der Beschäftigten arbeiten mindestens teilweise von zu Hause schließen?","b","","rund 24 Prozent","rund 24 Prozent"," Câu hỏi: „Was lässt sich aus den Angaben über viel Prozent der Beschäftigten arbeiten mindestens teilweise von zu Hause schließen?“. Phương án đúng (b): „24 Prozent.“. Bằng chứng trong bài: „rund 24 Prozent“. Các phương án còn lại không khớp với thông tin trong bài.","translate-only","de_len_anomaly","flagged","","",""
"content/b2/reading/B2-T2-004.json","Q3","b2","multiple_choice","2","Welches Arbeitsmodell setzen viele Unternehmen ein?","b","","hybride Modelle","hybride Modelle"," Câu hỏi: „Welches Arbeitsmodell setzen viele Unternehmen ein?“. Phương án đúng (b): „Hybride Modelle.“. Bằng chứng trong bài: „hybride Modelle“. Các phương án còn lại không khớp với thông tin trong bài.","translate-only","de_len_anomaly","flagged","","",""
"content/b2/reading/B2-T2-005.json","Q3","b2","multiple_choice","2","Was lässt sich aus den Angaben über könnte man dem Autor bezüglich viel zusätzlicher Strom wäre nötig, um alle Pkw durch E-Autos zu ersetzen entgegenhalten schließen?","b","","rund 130 Terawattstunden","rund 130 Terawattstunden"," Câu hỏi: „Was lässt sich aus den Angaben über könnte man dem Autor bezüglich viel zusätzlicher Strom wäre nötig, um alle Pkw durch…“. Phương án đúng (b): „130 Terawattstunden.“. Bằng chứng trong bài: „rund 130 Terawattstunden“. Các phương án còn lại không khớp với thông tin trong bài.","translate-only","de_len_anomaly","flagged","","",""
"content/b2/reading/B2-T2-005.json","Q4","b2","multiple_choice","2","Warum ist der Verzicht auf Autos in ländlichen Regionen schwierig?","b","","Busse nur wenige Male am Tag","Busse nur wenige Male am Tag"," Câu hỏi: „Warum ist der Verzicht auf Autos in ländlichen Regionen schwierig?“. Phương án đúng (b): „Weil der öffentliche Nahverkehr unzureichend ist.“. Bằng chứng trong bài: „Busse nur wenige Male am Tag“. Các phương án còn lại không khớp với thông tin trong bài.","translate-only","de_len_anomaly","flagged","","",""
"content/b2/reading/B2-T2-005.json","Q5","b2","multiple_choice","2","Was schlägt der Autor als Lösung vor?","b","","klugen Kombination","klugen Kombination"," Câu hỏi: „Was schlägt der Autor als Lösung vor?“. Phương án đúng (b): „Eine Kombination aus ÖPNV-Ausbau, emissionsfreien Fahrzeugen und intelligenten Konzepten.“. Bằng chứng trong bài: „klugen Kombination“. Các phương án còn lại không khớp với thông tin trong bài.","translate-only","de_len_anomaly","flagged","","",""
"content/b2/reading/B2-T2-006.json","Q3","b2","multiple_choice","2","Welche Schlussfolgerung über Ab welcher Klasse erhalten Schüler in legt der Text nahe?","b","","erst ab der vierten Klasse","erst ab der vierten Klasse"," Câu hỏi: „Welche Schlussfolgerung über Ab welcher Klasse erhalten Schüler in legt der Text nahe?“. Phương án đúng (b): „Ab der vierten Klasse.“. Bằng chứng trong bài: „erst ab der vierten Klasse“. Các phương án còn lại không khớp với thông tin trong bài.","translate-only","de_len_anomaly","flagged","","",""
"content/b2/reading/B2-T2-007.json","Q1","b2","multiple_choice","2","Welche Schlussfolgerung über Auf wie viel Prozent stieg die legt der Text nahe?","c","","von 89 auf 97 Prozent","von 89 auf 97 Prozent"," Câu hỏi: „Welche Schlussfolgerung über Auf wie viel Prozent stieg die legt der Text nahe?“. Phương án đúng (c): „97 Prozent.“. Bằng chứng trong bài: „von 89 auf 97 Prozent“. Các phương án còn lại không khớp với thông tin trong bài.","translate-only","de_len_anomaly","flagged","","",""
"content/b2/reading/B2-T2-008.json","Q1","b2","multiple_choice","2","Welche Absicht verfolgt der Autor, wenn er viele Stunden verbringen Erwachsene in Deutschland täglich an Bildschirmen erwähnt?","b","","5,5 Stunden täglich","5,5 Stunden täglich"," Câu hỏi: „Welche Absicht verfolgt der Autor, wenn er viele Stunden verbringen Erwachsene in Deutschland täglich an Bildschirmen er…“. Phương án đúng (b): „5,5 Stunden.“. Bằng chứng trong bài: „5,5 Stunden täglich“. Các phương án còn lại không khớp với thông tin trong bài.","translate-only","de_len_anomaly","flagged","","",""
"content/b2/reading/B2-T2-009.json","Q1","b2","multiple_choice","2","Wie viele Menschen mit ausländischer Staatsangehörigkeit leben in Deutschland?","b","","rund 13,4 Millionen","rund 13,4 Millionen"," Câu hỏi: „Wie viele Menschen mit ausländischer Staatsangehörigkeit leben in Deutschland?“. Phương án đúng (b): „13,4 Millionen.“. Bằng chứng trong bài: „rund 13,4 Millionen“. Các phương án còn lại không khớp với thông tin trong bài.","translate-only","de_len_anomaly","flagged","","",""
"content/b2/reading/B2-T2-009.json","Q2","b2","multiple_choice","2","Welche Absicht verfolgt der Autor, wenn er viel wurde seit 2016 in Integrationsmaßnahmen investiert erwähnt?","b","","über 4,5 Milliarden Euro","über 4,5 Milliarden Euro"," Câu hỏi: „Welche Absicht verfolgt der Autor, wenn er viel wurde seit 2016 in Integrationsmaßnahmen investiert erwähnt?“. Phương án đúng (b): „4,5 Milliarden Euro.“. Bằng chứng trong bài: „über 4,5 Milliarden Euro“. Các phương án còn lại không khớp với thông tin trong bài.","translate-only","de_len_anomaly","flagged","","",""
"content/b2/reading/B2-T2-009.json","Q3","b2","multiple_choice","2","Was lässt sich aus den Angaben über lange betragen die Wartezeiten für einen Integrationskurs in manchen Städten schließen?","b","","bis zu sechs Monate","bis zu sechs Monate"," Câu hỏi: „Was lässt sich aus den Angaben über lange betragen die Wartezeiten für einen Integrationskurs in manchen Städten schließ…“. Phương án đúng (b): „Sechs Monate.“. Bằng chứng trong bài: „bis zu sechs Monate“. Các phương án còn lại không khớp với thông tin trong bài.","translate-only","de_len_anomaly","flagged","","",""
"content/b2/reading/B2-T2-010.json","Q1","b2","multiple_choice","2","Was lässt sich aus den Angaben über könnte man dem Autor bezüglich Stadt hat 2013 als erste den Nahverkehr kostenlos gemacht entgegenhalten schließen?","b","","Tallinn in Estland","Tallinn in Estland"," Câu hỏi: „Was lässt sich aus den Angaben über könnte man dem Autor bezüglich Stadt hat 2013 als erste den Nahverkehr kostenlos gem…“. Phương án đúng (b): „Tallinn.“. Bằng chứng trong bài: „Tallinn in Estland“. Các phương án còn lại không khớp với thông tin trong bài.","translate-only","de_len_anomaly","flagged","","",""
"content/b2/reading/B2-T2-010.json","Q3","b2","multiple_choice","2","Wie hoch sind die jährlichen Fahrgeldeinnahmen deutscher Verkehrsunternehmen?","b","","rund 13 Milliarden Euro","rund 13 Milliarden Euro"," Câu hỏi: „Wie hoch sind die jährlichen Fahrgeldeinnahmen deutscher Verkehrsunternehmen?“. Phương án đúng (b): „13 Milliarden Euro.“. Bằng chứng trong bài: „rund 13 Milliarden Euro“. Các phương án còn lại không khớp với thông tin trong bài.","translate-only","de_len_anomaly","flagged","","",""
"content/b2/reading/B2-T3-005.json","Q1","b2","matching","3","Ein mittelständisches Unternehmen muss ein Energieaudit durchführen und sucht einen zertifizierten Berater.","D","","Anzeige D","Anzeige D passt, weil sie das beschriebene Bedürfnis erfüllt.","Tình huống này khớp với mục D. Bằng chứng trong bài: „Anzeige D“. Yêu cầu trong tình huống được đáp ứng đúng ở mục này.","translate-only","","stratified","","",""
"content/b2/reading/B2-T3-005.json","Q3","b2","matching","3","Eine Erzieherin möchte lernen, wie sie Kindern die Natur näherbringen kann.","G","","Anzeige G","Anzeige G passt, weil sie das beschriebene Bedürfnis erfüllt.","Tình huống này khớp với mục G. Bằng chứng trong bài: „Anzeige G“. Yêu cầu trong tình huống được đáp ứng đúng ở mục này.","translate-only","","stratified","","",""
"content/b2/reading/B2-T3-009.json","Q1","b2","matching","3","Die implizite Annahme, dass Ein syrischer Arzt möchte seinen Abschluss in Deutschland anerkennen lassen, liegt dem Beitrag zugrunde:","B","","Anzeige B","Anzeige B passt, weil sie das beschriebene Bedürfnis erfüllt.","Tình huống này khớp với mục B. Bằng chứng trong bài: „Anzeige B“. Yêu cầu trong tình huống được đáp ứng đúng ở mục này.","translate-only","","stratified","","",""
"content/b2/reading/B2-T4-002.json","Q5","b2","ja_nein","4","Aus dem Text lässt sich schließen, dass Die Mehrzahl der Kommentatoren spricht sich fur einen Pflichtdienst aus.","nein","","Die Mehrzahl der Kommentatoren spricht sich fur einen Pflichtdienst aus.","Die Textstelle „Die Mehrzahl der Kommentatoren spricht sich fur einen Pflichtdienst aus.“ belegt die richtige Antwort (nein).","Đáp án: nein (SAI). Nhận định: „Aus dem Text lässt sich schließen, dass Die Mehrzahl der Kommentatoren spricht sich fur einen Pflichtdienst aus.“. Bằng chứng trong bài: „Die Mehrzahl der Kommentatoren spricht sich fur einen Pflichtdienst aus.“. Đối chiếu nhận định với đoạn này trong bài để thấy vì sao.","rewritten","","stratified","","",""
"content/b2/reading/B2-T4-004.json","Q1","b2","ja_nein","4","Sandra Muller sieht im Homeoffice eine Chance fur die Gleichstellung.","ja","","Sandra Muller sieht im Homeoffice eine Chance fur die Gleichstellung.","Die Textstelle „Sandra Muller sieht im Homeoffice eine Chance fur die Gleichstellung.“ belegt die richtige Antwort (ja).","Đáp án: ja (ĐÚNG). Nhận định: „Sandra Muller sieht im Homeoffice eine Chance fur die Gleichstellung.“. Bằng chứng trong bài: „Sandra Muller sieht im Homeoffice eine Chance fur die Gleichstellung.“. Đối chiếu nhận định với đoạn này trong bài để thấy vì sao.","rewritten","","stratified","","",""
"content/b2/reading/B2-T4-006.json","Q1","b2","ja_nein","4","Martina Gross sieht Hausaufgaben als wichtigen Teil des Lernprozesses.","ja","","Martina Gross sieht Hausaufgaben als wichtigen Teil des Lernprozesses.","Die Textstelle „Martina Gross sieht Hausaufgaben als wichtigen Teil des Lernprozesses.“ belegt die richtige Antwort (ja).","Đáp án: ja (ĐÚNG). Nhận định: „Martina Gross sieht Hausaufgaben als wichtigen Teil des Lernprozesses.“. Bằng chứng trong bài: „Martina Gross sieht Hausaufgaben als wichtigen Teil des Lernprozesses.“. Đối chiếu nhận định với đoạn này trong bài để thấy vì sao.","rewritten","","stratified","","",""
"content/b2/reading/B2-T4-010.json","Q4","b2","ja_nein","4","Aus dem Text lässt sich schließen, dass benjamin Koch weist auf die Gefahr grosser Geschwindigkeitsunterschiede hin.","ja","","Benjamin Koch weist auf die Gefahr grosser Geschwindigkeitsunterschiede hin.","Die Textstelle „Benjamin Koch weist auf die Gefahr grosser Geschwindigkeitsunterschiede hin.“ belegt die richtige Antwort (ja).","Đáp án: ja (ĐÚNG). Nhận định: „Aus dem Text lässt sich schließen, dass benjamin Koch weist auf die Gefahr grosser Geschwindigkeitsunterschiede hin.“. Bằng chứng trong bài: „Benjamin Koch weist auf die Gefahr grosser Geschwindigkeitsunterschiede hin.“. Đối chiếu nhận định với đoạn này trong bài để thấy vì sao.","rewritten","","stratified","","",""
"content/b2/reading/B2-T5-004.json","Q1","b2","multiple_choice","5","Was impliziert der Text über Schlussfolgerung über man vor dem Gespräch recherchieren legt der Text nahe?","b","","Ratgeber: Erfolgreich durch das Vorstellungsgespräch","Die Textstelle „Ratgeber: Erfolgreich durch das Vorstellungsgespräch“ belegt die richtige Antwort (b)."," Câu hỏi: „Was impliziert der Text über Schlussfolgerung über man vor dem Gespräch recherchieren legt der Text nahe?“. Phương án đúng (b): „Geschäftsmodell, Projekte und Unternehmenskultur.“. Bằng chứng trong bài: „Ratgeber: Erfolgreich durch das Vorstellungsgespräch“. Các phương án còn lại không khớp với thông tin trong bài.","rewritten","","stratified","","",""
"content/c1/reading/C1-T2-002.json","Q6","c1","multiple_choice","2","Welche Funktion hat ist Swish im Gesamtargument des Textes?","b","","Mit der Bezahl-App Swish, die von den größten schwedischen Banken entwickelt wurde, können Beträge in Echtzeit von einem Konto zum anderen übertrag...","Die Textstelle „Mit der Bezahl-App Swish, die von den größten schwedischen Banken entwickelt wurde, können Beträge in Echtzeit von einem Konto zum anderen übertrag...“ belegt die richtige Antwort (b)."," Câu hỏi: „Welche Funktion hat ist Swish im Gesamtargument des Textes?“. Phương án đúng (b): „Eine Bezahl-App für Echtzeit-Überweisungen.“. Bằng chứng trong bài: „Mit der Bezahl-App Swish, die von den größten schwedischen Banken entwickelt wurde, können Beträge in Echtzeit von einem Konto zum anderen übertrag...“. Các phương án còn lại không khớp với thông tin trong bài.","rewritten","","stratified","","",""
"content/c1/reading/C1-T2-003.json","Q6","c1","multiple_choice","2","Was impliziert die Darstellung von Herausforderung haben Verlage für die Gesamtthese?","b","","Die Dominanz weniger großer Streaming-Plattformen drückt die Margen und gibt den Plattformbetreibern erhebliche Verhandlungsmacht.","Die Textstelle „Die Dominanz weniger großer Streaming-Plattformen drückt die Margen und gibt den Plattformbetreibern erhebliche Verhandlungsmacht.“ belegt die richtige Antwort (b)."," Câu hỏi: „Was impliziert die Darstellung von Herausforderung haben Verlage für die Gesamtthese?“. Phương án đúng (b): „Dominanz großer Streaming-Plattformen drückt die Margen.“. Bằng chứng trong bài: „Die Dominanz weniger großer Streaming-Plattformen drückt die Margen und gibt den Plattformbetreibern erhebliche Verhandlungsmacht.“. Các phương án còn lại không khớp với thông tin trong bài.","rewritten","","stratified","","",""
"content/c1/reading/C1-T2-006.json","Q2","c1","multiple_choice","2","Welche Gegenposition zu Vorurteil betrifft den Peer-Review-Prozess wird im Text nicht berücksichtigt?","b","","Renommierte Autoren und Forscher prestigeträchtiger Institutionen werden tendenziell milder bewertet, während Einreichungen unbekannter Autoren ode...","Die Textstelle „Renommierte Autoren und Forscher prestigeträchtiger Institutionen werden tendenziell milder bewertet, während Einreichungen unbekannter Autoren ode...“ belegt die richtige Antwort (b)."," Câu hỏi: „Welche Gegenposition zu Vorurteil betrifft den Peer-Review-Prozess wird im Text nicht berücksichtigt?“. Phương án đúng (b): „Renommierte Autoren werden milder bewertet.“. Bằng chứng trong bài: „Renommierte Autoren und Forscher prestigeträchtiger Institutionen werden tendenziell milder bewertet, während Einreichungen unbekannter Autoren ode...“. Các phương án còn lại không khớp với thông tin trong bài.","rewritten","","stratified","","",""
"content/c1/reading/C1-T2-011.json","Q3","c1","multiple_choice","2","Was impliziert die Darstellung von gilt als Haupttreiber des Biodiversitätsverlusts für die Gesamtthese?","b","","Die Umwandlung natürlicher Lebensräume in landwirtschaftliche Nutzflächen gilt als Haupttreiber.","Die Textstelle „Die Umwandlung natürlicher Lebensräume in landwirtschaftliche Nutzflächen gilt als Haupttreiber.“ belegt die richtige Antwort (b)."," Câu hỏi: „Was impliziert die Darstellung von gilt als Haupttreiber des Biodiversitätsverlusts für die Gesamtthese?“. Phương án đúng (b): „Umwandlung natürlicher Lebensräume in landwirtschaftliche Flächen.“. Bằng chứng trong bài: „Die Umwandlung natürlicher Lebensräume in landwirtschaftliche Nutzflächen gilt als Haupttreiber.“. Các phương án còn lại không khớp với thông tin trong bài.","rewritten","","stratified","","",""
"content/c1/reading/C1-T4-004.json","Q5","c1","matching","4","Die grundlegende Prämisse, dass starre Vorschriften verhindern sinnvolle Sanierungen, liegt der Position zugrunde:","A","","Text/Beitrag A","Die Textstelle „Text/Beitrag A“ belegt die richtige Antwort (A).","Tình huống này khớp với mục A. Bằng chứng trong bài: „Text/Beitrag A“. Yêu cầu trong tình huống được đáp ứng đúng ở mục này.","rewritten","","stratified","","",""
"content/c1/reading/C1-T4-006.json","Q4","c1","matching","4","Die These, dass wissenschaft muss auf populären Social-Media-Plattformen präsent sein, wird durch folgende Argumentation gestützt:","D","","Text/Beitrag D","Die Textstelle „Text/Beitrag D“ belegt die richtige Antwort (D).","Tình huống này khớp với mục D. Bằng chứng trong bài: „Text/Beitrag D“. Yêu cầu trong tình huống được đáp ứng đúng ở mục này.","rewritten","","stratified","","",""
"content/c1/reading/C1-T4-007.json","Q7","c1","matching","4","Die grundlegende Prämisse, dass bürgerjournalismus zeigt, dass Qualität auch außerhalb großer Verlage möglich ist, liegt der Position zugrunde:","D","","Text/Beitrag D","Die Textstelle „Text/Beitrag D“ belegt die richtige Antwort (D).","Tình huống này khớp với mục D. Bằng chứng trong bài: „Text/Beitrag D“. Yêu cầu trong tình huống được đáp ứng đúng ở mục này.","rewritten","","stratified","","",""
"content/c2/reading/C2-T1-002.json","Q3","c2","multiple_choice","1","Bewerten Sie die argumentative Konsistenz der Darstellung von im Zauberberg zugleich inszeniert und unterlaufen.","b","","Hans Castorps siebenjähriger Aufenthalt im Sanatorium wird zum ironischen Bildungsroman, in dem die klassische Idee der Persönlichkeitsentwicklung ...","Die Textstelle „Hans Castorps siebenjähriger Aufenthalt im Sanatorium wird zum ironischen Bildungsroman, in dem die klassische Idee der Persönlichkeitsentwicklung ...“ belegt die richtige Antwort (b)."," Câu hỏi: „Bewerten Sie die argumentative Konsistenz der Darstellung von im Zauberberg zugleich inszeniert und unterlaufen.“. Phương án đúng (b): „Die Idee der Persönlichkeitsentwicklung.“. Bằng chứng trong bài: „Hans Castorps siebenjähriger Aufenthalt im Sanatorium wird zum ironischen Bildungsroman, in dem die klassische Idee der Persönlichkeitsentwicklung ...“. Các phương án còn lại không khớp với thông tin trong bài.","rewritten","","stratified","","",""
"content/c2/reading/C2-T1-003.json","Q4","c2","multiple_choice","1","Welche methodologische Implikation hat die Analyse von postuliert die Viele-Welten-Theorie?","b","","Alternative Interpretationen wie die Viele-Welten-Theorie von Hugh Everett postulieren, dass jede quantenmechanische Messung das Universum in paral...","Die Textstelle „Alternative Interpretationen wie die Viele-Welten-Theorie von Hugh Everett postulieren, dass jede quantenmechanische Messung das Universum in paral...“ belegt die richtige Antwort (b)."," Câu hỏi: „Welche methodologische Implikation hat die Analyse von postuliert die Viele-Welten-Theorie?“. Phương án đúng (b): „Messungen spalten das Universum in parallele Zweige.“. Bằng chứng trong bài: „Alternative Interpretationen wie die Viele-Welten-Theorie von Hugh Everett postulieren, dass jede quantenmechanische Messung das Universum in paral...“. Các phương án còn lại không khớp với thông tin trong bài.","rewritten","","stratified","","",""
"content/c2/reading/C2-T1-003.json","Q5","c2","multiple_choice","1","Welche fundamentale Prämisse der Argumentation zu beschreibt der Formalismus laut Kopenhagener Deutung bleibt unausgesprochen?","b","","Der quantenmechanische Formalismus beschreibe nicht die Realität, wie sie an sich sei, sondern lediglich unsere Möglichkeit, Vorhersagen über Messe...","Die Textstelle „Der quantenmechanische Formalismus beschreibe nicht die Realität, wie sie an sich sei, sondern lediglich unsere Möglichkeit, Vorhersagen über Messe...“ belegt die richtige Antwort (b)."," Câu hỏi: „Welche fundamentale Prämisse der Argumentation zu beschreibt der Formalismus laut Kopenhagener Deutung bleibt unausgespr…“. Phương án đúng (b): „Unsere Möglichkeit, Messergebnisse vorherzusagen.“. Bằng chứng trong bài: „Der quantenmechanische Formalismus beschreibe nicht die Realität, wie sie an sich sei, sondern lediglich unsere Möglichkeit, Vorhersagen über Messe...“. Các phương án còn lại không khớp với thông tin trong bài.","rewritten","","stratified","","",""
"content/c2/reading/C2-T1-004.json","Q7","c2","multiple_choice","1","Inwiefern widersprechen sich die Ausführungen zu erweist sich in einer globalisierten Welt als Illusion mit der Gesamtthese?","b","","In einer globalisierten Welt, in der unterschiedliche Diskursgemeinschaften aufeinandertreffen, erweist sich die Annahme einer universell geteilten...","Die Textstelle „In einer globalisierten Welt, in der unterschiedliche Diskursgemeinschaften aufeinandertreffen, erweist sich die Annahme einer universell geteilten...“ belegt die richtige Antwort (b)."," Câu hỏi: „Inwiefern widersprechen sich die Ausführungen zu erweist sich in einer globalisierten Welt als Illusion mit der Gesamtth…“. Phương án đúng (b): „Die Annahme einer universell geteilten Sprache.“. Bằng chứng trong bài: „In einer globalisierten Welt, in der unterschiedliche Diskursgemeinschaften aufeinandertreffen, erweist sich die Annahme einer universell geteilten...“. Các phương án còn lại không khớp với thông tin trong bài.","rewritten","","stratified","","",""
"content/c2/reading/C2-T1-006.json","Q6","c2","multiple_choice","1","Wonach sucht die gegenwärtige Forschung?","b","","Die gegenwärtige Forschung navigiert zwischen diesen Polen und sucht nach einer Position, die weder in einen naiven Objektivismus noch in einen des...","Die Textstelle „Die gegenwärtige Forschung navigiert zwischen diesen Polen und sucht nach einer Position, die weder in einen naiven Objektivismus noch in einen des...“ belegt die richtige Antwort (b)."," Câu hỏi: „Wonach sucht die gegenwärtige Forschung?“. Phương án đúng (b): „Nach einer Position zwischen naivem Objektivismus und destruktivem Relativismus.“. Bằng chứng trong bài: „Die gegenwärtige Forschung navigiert zwischen diesen Polen und sucht nach einer Position, die weder in einen naiven Objektivismus noch in einen des...“. Các phương án còn lại không khớp với thông tin trong bài.","rewritten","","stratified","","",""
"content/c2/reading/C2-T1-007.json","Q4","c2","multiple_choice","1","Was lässt sich aus der kritischen Betrachtung von Worin liegt die Gefahr des erkenntnistheoretischen für die Gesamtthese ableiten?","b","","Gleichzeitig birgt der erkenntnistheoretische Relativismus die Gefahr, jede Aussage als gleichermaßen gültig zu betrachten und damit die Kriterien ...","Die Textstelle „Gleichzeitig birgt der erkenntnistheoretische Relativismus die Gefahr, jede Aussage als gleichermaßen gültig zu betrachten und damit die Kriterien ...“ belegt die richtige Antwort (b)."," Câu hỏi: „Was lässt sich aus der kritischen Betrachtung von Worin liegt die Gefahr des erkenntnistheoretischen für die Gesamtthese…“. Phương án đúng (b): „Darin, jede Aussage als gleich gültig zu betrachten.“. Bằng chứng trong bài: „Gleichzeitig birgt der erkenntnistheoretische Relativismus die Gefahr, jede Aussage als gleichermaßen gültig zu betrachten und damit die Kriterien ...“. Các phương án còn lại không khớp với thông tin trong bài.","rewritten","","stratified","","",""
"content/c2/reading/C2-T1-009.json","Q10","c2","multiple_choice","1","Wie weit reicht die Relevanz der Diskussion?","b","","Abschließend sei betont, dass die Relevanz dieser Diskussion weit über den akademischen Rahmen hinausreicht.","Die Textstelle „Abschließend sei betont, dass die Relevanz dieser Diskussion weit über den akademischen Rahmen hinausreicht.“ belegt die richtige Antwort (b)."," Câu hỏi: „Wie weit reicht die Relevanz der Diskussion?“. Phương án đúng (b): „Weit über den akademischen Rahmen hinaus.“. Bằng chứng trong bài: „Abschließend sei betont, dass die Relevanz dieser Diskussion weit über den akademischen Rahmen hinausreicht.“. Các phương án còn lại không khớp với thông tin trong bài.","rewritten","","stratified","","",""
"content/c2/reading/C2-T1-012.json","Q4","c2","multiple_choice","1","Worin liegt die Gefahr des erkenntnistheoretischen Relativismus?","b","","Gleichzeitig birgt der erkenntnistheoretische Relativismus die Gefahr, jede Aussage als gleichermaßen gültig zu betrachten und damit die Kriterien ...","Die Textstelle „Gleichzeitig birgt der erkenntnistheoretische Relativismus die Gefahr, jede Aussage als gleichermaßen gültig zu betrachten und damit die Kriterien ...“ belegt die richtige Antwort (b)."," Câu hỏi: „Worin liegt die Gefahr des erkenntnistheoretischen Relativismus?“. Phương án đúng (b): „Darin, jede Aussage als gleich gültig zu betrachten.“. Bằng chứng trong bài: „Gleichzeitig birgt der erkenntnistheoretische Relativismus die Gefahr, jede Aussage als gleichermaßen gültig zu betrachten und damit die Kriterien ...“. Các phương án còn lại không khớp với thông tin trong bài.","rewritten","","stratified","","",""
"content/c2/reading/C2-T3-002.json","Q3","c2","multiple_choice","3","Inwiefern widersprechen sich die Ausführungen zu können transdisziplinäre Forschungsansätze leisten mit der Gesamtthese?","b","","Transdisziplinäre Forschungsansätze versuchen, diese fragmentierte Wissenslandschaft durch die Entwicklung integrativer Rahmenkonzepte zu überwinden.","Die Textstelle „Transdisziplinäre Forschungsansätze versuchen, diese fragmentierte Wissenslandschaft durch die Entwicklung integrativer Rahmenkonzepte zu überwinden.“ belegt die richtige Antwort (b)."," Câu hỏi: „Inwiefern widersprechen sich die Ausführungen zu können transdisziplinäre Forschungsansätze leisten mit der Gesamtthese?“. Phương án đúng (b): „Die fragmentierte Wissenslandschaft durch integrative Rahmenkonzepte überwinden.“. Bằng chứng trong bài: „Transdisziplinäre Forschungsansätze versuchen, diese fragmentierte Wissenslandschaft durch die Entwicklung integrativer Rahmenkonzepte zu überwinden.“. Các phương án còn lại không khớp với thông tin trong bài.","rewritten","","stratified","","",""
"content/c2/reading/C2-T3-004.json","Q2","c2","multiple_choice","3","Inwiefern unterstützt die Darstellung von erschwert die interdisziplinäre Integration die Gesamtargumentation?","b","","Die zunehmende Spezialisierung wissenschaftlicher Disziplinen hat zwar zu erheblichen Erkenntnisfortschritten in Teilbereichen geführt, erschwert j...","Die Textstelle „Die zunehmende Spezialisierung wissenschaftlicher Disziplinen hat zwar zu erheblichen Erkenntnisfortschritten in Teilbereichen geführt, erschwert j...“ belegt die richtige Antwort (b)."," Câu hỏi: „Inwiefern unterstützt die Darstellung von erschwert die interdisziplinäre Integration die Gesamtargumentation?“. Phương án đúng (b): „Die zunehmende Spezialisierung wissenschaftlicher Disziplinen.“. Bằng chứng trong bài: „Die zunehmende Spezialisierung wissenschaftlicher Disziplinen hat zwar zu erheblichen Erkenntnisfortschritten in Teilbereichen geführt, erschwert j...“. Các phương án còn lại không khớp với thông tin trong bài.","rewritten","","stratified","","",""
"content/c2/reading/C2-T3-005.json","Q2","c2","multiple_choice","3","Bewerten Sie die argumentative Konsistenz der Darstellung von erschwert die interdisziplinäre Integration.","b","","Die zunehmende Spezialisierung wissenschaftlicher Disziplinen hat zwar zu erheblichen Erkenntnisfortschritten in Teilbereichen geführt, erschwert j...","Die Textstelle „Die zunehmende Spezialisierung wissenschaftlicher Disziplinen hat zwar zu erheblichen Erkenntnisfortschritten in Teilbereichen geführt, erschwert j...“ belegt die richtige Antwort (b)."," Câu hỏi: „Bewerten Sie die argumentative Konsistenz der Darstellung von erschwert die interdisziplinäre Integration.“. Phương án đúng (b): „Die zunehmende Spezialisierung wissenschaftlicher Disziplinen.“. Bằng chứng trong bài: „Die zunehmende Spezialisierung wissenschaftlicher Disziplinen hat zwar zu erheblichen Erkenntnisfortschritten in Teilbereichen geführt, erschwert j...“. Các phương án còn lại không khớp với thông tin trong bài.","rewritten","","stratified","","",""
"content/c2/reading/C2-T3-006.json","Q3","c2","multiple_choice","3","Welcher epistemologische Einwand lässt sich gegen die Analyse von können transdisziplinäre Forschungsansätze leisten erheben?","b","","Transdisziplinäre Forschungsansätze versuchen, diese fragmentierte Wissenslandschaft durch die Entwicklung integrativer Rahmenkonzepte zu überwinden.","Die Textstelle „Transdisziplinäre Forschungsansätze versuchen, diese fragmentierte Wissenslandschaft durch die Entwicklung integrativer Rahmenkonzepte zu überwinden.“ belegt die richtige Antwort (b)."," Câu hỏi: „Welcher epistemologische Einwand lässt sich gegen die Analyse von können transdisziplinäre Forschungsansätze leisten erh…“. Phương án đúng (b): „Die fragmentierte Wissenslandschaft durch integrative Rahmenkonzepte überwinden.“. Bằng chứng trong bài: „Transdisziplinäre Forschungsansätze versuchen, diese fragmentierte Wissenslandschaft durch die Entwicklung integrativer Rahmenkonzepte zu überwinden.“. Các phương án còn lại không khớp với thông tin trong bài.","rewritten","","stratified","","",""
"content/c2/reading/C2-T3-007.json","Q6","c2","multiple_choice","3","Welche fundamentale Prämisse der Argumentation zu erweisen sich die spezifischen Fachherausforderungen bei näherer Betrachtung bleibt unausgesprochen?","b","","Die spezifischen Herausforderungen des Fachgebiets erweisen sich bei näherer Betrachtung als Ausdruck allgemeiner erkenntnistheoretischer Problemla...","Die Textstelle „Die spezifischen Herausforderungen des Fachgebiets erweisen sich bei näherer Betrachtung als Ausdruck allgemeiner erkenntnistheoretischer Problemla...“ belegt die richtige Antwort (b)."," Câu hỏi: „Welche fundamentale Prämisse der Argumentation zu erweisen sich die spezifischen Fachherausforderungen bei näherer Betra…“. Phương án đúng (b): „Als Ausdruck allgemeiner erkenntnistheoretischer Problemlagen.“. Bằng chứng trong bài: „Die spezifischen Herausforderungen des Fachgebiets erweisen sich bei näherer Betrachtung als Ausdruck allgemeiner erkenntnistheoretischer Problemla...“. Các phương án còn lại không khớp với thông tin trong bài.","rewritten","","stratified","","",""
"content/c2/reading/C2-T3-009.json","Q1","c2","multiple_choice","3","Welche epistemologische Position vertritt der Autor bezüglich epistemologischen Kritik sieht sich die positivistische Tradition ausgesetzt?","b","","Die positivistische Tradition, die auf der strikten Trennung von Tatsachenaussagen und Werturteilen beharrt, sieht sich zunehmender Kritik ausgesetzt.","Die Textstelle „Die positivistische Tradition, die auf der strikten Trennung von Tatsachenaussagen und Werturteilen beharrt, sieht sich zunehmender Kritik ausgesetzt.“ belegt die richtige Antwort (b)."," Câu hỏi: „Welche epistemologische Position vertritt der Autor bezüglich epistemologischen Kritik sieht sich die positivistische Tr…“. Phương án đúng (b): „Sie verkenne die Untrennbarkeit von Beobachtung und Interpretation.“. Bằng chứng trong bài: „Die positivistische Tradition, die auf der strikten Trennung von Tatsachenaussagen und Werturteilen beharrt, sieht sich zunehmender Kritik ausgesetzt.“. Các phương án còn lại không khớp với thông tin trong bài.","rewritten","","stratified","","",""
"content/c2/reading/C2-T3-011.json","Q2","c2","multiple_choice","3","Welche methodologische Implikation hat die Analyse von erschwert die interdisziplinäre Integration?","b","","Die zunehmende Spezialisierung wissenschaftlicher Disziplinen hat zwar zu erheblichen Erkenntnisfortschritten in Teilbereichen geführt, erschwert j...","Die Textstelle „Die zunehmende Spezialisierung wissenschaftlicher Disziplinen hat zwar zu erheblichen Erkenntnisfortschritten in Teilbereichen geführt, erschwert j...“ belegt die richtige Antwort (b)."," Câu hỏi: „Welche methodologische Implikation hat die Analyse von erschwert die interdisziplinäre Integration?“. Phương án đúng (b): „Die zunehmende Spezialisierung wissenschaftlicher Disziplinen.“. Bằng chứng trong bài: „Die zunehmende Spezialisierung wissenschaftlicher Disziplinen hat zwar zu erheblichen Erkenntnisfortschritten in Teilbereichen geführt, erschwert j...“. Các phương án còn lại không khớp với thông tin trong bài.","rewritten","","stratified","","",""
"content/c2/reading/C2-T4-001.json","Q1","c2","matching","4","Algorithmen können die Konsistenz richterlicher Urteile verbessern.","A","","Text/Beitrag A","Die Textstelle „Text/Beitrag A“ belegt die richtige Antwort (A).","Tình huống này khớp với mục A. Bằng chứng trong bài: „Text/Beitrag A“. Yêu cầu trong tình huống được đáp ứng đúng ở mục này.","rewritten","de_len_anomaly|vi_len_anomaly","flagged","","",""
"content/c2/reading/C2-T4-001.json","Q2","c2","matching","4","Die epistemologische Überzeugung, dass prädiktive Algorithmen übertreffen menschliche Experten bei Vorhersagen, manifestiert sich in der Argumentation von:","B","","Text/Beitrag B","Die Textstelle „Text/Beitrag B“ belegt die richtige Antwort (B).","Tình huống này khớp với mục B. Bằng chứng trong bài: „Text/Beitrag B“. Yêu cầu trong tình huống được đáp ứng đúng ở mục này.","rewritten","de_len_anomaly|vi_len_anomaly","flagged","","",""
"content/c2/reading/C2-T4-001.json","Q3","c2","matching","4","Die methodologische Annahme, dass richterliche Unabhängigkeit darf nicht durch Algorithmen ersetzt werden, prägt die Analyse von:","C","","Text/Beitrag C","Die Textstelle „Text/Beitrag C“ belegt die richtige Antwort (C).","Tình huống này khớp với mục C. Bằng chứng trong bài: „Text/Beitrag C“. Yêu cầu trong tình huống được đáp ứng đúng ở mục này.","rewritten","de_len_anomaly|vi_len_anomaly","flagged","","",""
"content/c2/reading/C2-T4-001.json","Q4","c2","matching","4","Die methodologische Annahme, dass kI reproduziert bestehende gesellschaftliche Vorurteile, prägt die Analyse von:","D","","Text/Beitrag D","Die Textstelle „Text/Beitrag D“ belegt die richtige Antwort (D).","Tình huống này khớp với mục D. Bằng chứng trong bài: „Text/Beitrag D“. Yêu cầu trong tình huống được đáp ứng đúng ở mục này.","rewritten","de_len_anomaly|vi_len_anomaly","flagged","","",""
"content/c2/reading/C2-T4-001.json","Q5","c2","matching","4","Die methodologische Annahme, dass Die vollständige Delegation an Maschinen ist mit dem Rechtsstaat unvereinbar, prägt die Analyse von:","A","","Text/Beitrag A","Die Textstelle „Text/Beitrag A“ belegt die richtige Antwort (A).","Tình huống này khớp với mục A. Bằng chứng trong bài: „Text/Beitrag A“. Yêu cầu trong tình huống được đáp ứng đúng ở mục này.","rewritten","de_len_anomaly|vi_len_anomaly","flagged","","",""
"content/c2/reading/C2-T4-001.json","Q6","c2","matching","4","Die epistemologische Überzeugung, dass jeder Fall ist einzigartig und erfordert menschliches Urteilsvermögen, manifestiert sich in der Argumentation von:","C","","Text/Beitrag C","Die Textstelle „Text/Beitrag C“ belegt die richtige Antwort (C).","Tình huống này khớp với mục C. Bằng chứng trong bài: „Text/Beitrag C“. Yêu cầu trong tình huống được đáp ứng đúng ở mục này.","rewritten","de_len_anomaly|vi_len_anomaly","flagged","","",""
"content/c2/reading/C2-T4-002.json","Q1","c2","matching","4","Die epistemologische Überzeugung, dass jeder Text ist politisch, ob bewusst oder unbewusst, manifestiert sich in der Argumentation von:","A","","Text/Beitrag A","Die Textstelle „Text/Beitrag A“ belegt die richtige Antwort (A).","Tình huống này khớp với mục A. Bằng chứng trong bài: „Text/Beitrag A“. Yêu cầu trong tình huống được đáp ứng đúng ở mục này.","rewritten","de_len_anomaly|vi_len_anomaly","flagged","","",""
"content/c2/reading/C2-T4-002.json","Q2","c2","matching","4","Die epistemologische Überzeugung, dass politische Instrumentalisierung verarmt das Ästhetische, manifestiert sich in der Argumentation von:","B","","Text/Beitrag B","Die Textstelle „Text/Beitrag B“ belegt die richtige Antwort (B).","Tình huống này khớp với mục B. Bằng chứng trong bài: „Text/Beitrag B“. Yêu cầu trong tình huống được đáp ứng đúng ở mục này.","rewritten","de_len_anomaly|vi_len_anomaly","flagged","","",""
"content/c2/reading/C2-T4-002.json","Q3","c2","matching","4","Die epistemologische Überzeugung, dass Die subversive Kraft der Literatur liegt in ihrer Mehrdeutigkeit, manifestiert sich in der Argumentation von:","C","","Text/Beitrag C","Die Textstelle „Text/Beitrag C“ belegt die richtige Antwort (C).","Tình huống này khớp với mục C. Bằng chứng trong bài: „Text/Beitrag C“. Yêu cầu trong tình huống được đáp ứng đúng ở mục này.","rewritten","de_len_anomaly|vi_len_anomaly","flagged","","",""
"content/c2/reading/C2-T4-002.json","Q4","c2","matching","4","Die methodologische Annahme, dass leser erwarten Stellungnahme zu drängenden Zeitfragen, prägt die Analyse von:","D","","Text/Beitrag D","Die Textstelle „Text/Beitrag D“ belegt die richtige Antwort (D).","Tình huống này khớp với mục D. Bằng chứng trong bài: „Text/Beitrag D“. Yêu cầu trong tình huống được đáp ứng đúng ở mục này.","rewritten","de_len_anomaly|vi_len_anomaly","flagged","","",""
"content/c2/reading/C2-T4-002.json","Q5","c2","matching","4","Große Literatur entzieht sich eindeutigen politischen Zuordnungen.","B","","Text/Beitrag B","Die Textstelle „Text/Beitrag B“ belegt die richtige Antwort (B).","Tình huống này khớp với mục B. Bằng chứng trong bài: „Text/Beitrag B“. Yêu cầu trong tình huống được đáp ứng đúng ở mục này.","rewritten","de_len_anomaly|vi_len_anomaly","flagged","","",""
"content/c2/reading/C2-T4-002.json","Q6","c2","matching","4","Die epistemologische Überzeugung, dass nicht nur explizit politische Literatur ist wertvoll, manifestiert sich in der Argumentation von:","C","","Text/Beitrag C","Die Textstelle „Text/Beitrag C“ belegt die richtige Antwort (C).","Tình huống này khớp với mục C. Bằng chứng trong bài: „Text/Beitrag C“. Yêu cầu trong tình huống được đáp ứng đúng ở mục này.","rewritten","de_len_anomaly|vi_len_anomaly","flagged","","",""
"content/c2/reading/C2-T4-003.json","Q1","c2","matching","4","KI entdeckt Muster, die für menschliche Forscher unsichtbar wären.","A","","Text/Beitrag A","Die Textstelle „Text/Beitrag A“ belegt die richtige Antwort (A).","Tình huống này khớp với mục A. Bằng chứng trong bài: „Text/Beitrag A“. Yêu cầu trong tình huống được đáp ứng đúng ở mục này.","rewritten","de_len_anomaly|vi_len_anomaly","flagged","","",""
"content/c2/reading/C2-T4-003.json","Q2","c2","matching","4","Die epistemologische Überzeugung, dass undurchsichtige Algorithmen untergraben die epistemologischen Grundlagen, manifestiert sich in der Argumentation von:","B","","Text/Beitrag B","Die Textstelle „Text/Beitrag B“ belegt die richtige Antwort (B).","Tình huống này khớp với mục B. Bằng chứng trong bài: „Text/Beitrag B“. Yêu cầu trong tình huống được đáp ứng đúng ở mục này.","rewritten","de_len_anomaly|vi_len_anomaly","flagged","","",""
"content/c2/reading/C2-T4-003.json","Q3","c2","matching","4","Die methodologische Annahme, dass kI ist ein Werkzeug, kein Forscher, prägt die Analyse von:","C","","Text/Beitrag C","Die Textstelle „Text/Beitrag C“ belegt die richtige Antwort (C).","Tình huống này khớp với mục C. Bằng chứng trong bài: „Text/Beitrag C“. Yêu cầu trong tình huống được đáp ứng đúng ở mục này.","rewritten","de_len_anomaly|vi_len_anomaly","flagged","","",""
"content/c2/reading/C2-T4-003.json","Q4","c2","matching","4","Die epistemologische Überzeugung, dass fehlende methodische Ausbildung gefährdet die wissenschaftliche Qualität, manifestiert sich in der Argumentation von:","D","","Text/Beitrag D","Die Textstelle „Text/Beitrag D“ belegt die richtige Antwort (D).","Tình huống này khớp với mục D. Bằng chứng trong bài: „Text/Beitrag D“. Yêu cầu trong tình huống được đáp ứng đúng ở mục này.","rewritten","de_len_anomaly|vi_len_anomaly","flagged","","",""
"content/c2/reading/C2-T4-003.json","Q5","c2","matching","4","Die epistemologische Überzeugung, dass kann es Wissen ohne menschliches Verständnis geben?, manifestiert sich in der Argumentation von:","B","","Text/Beitrag B","Die Textstelle „Text/Beitrag B“ belegt die richtige Antwort (B).","Tình huống này khớp với mục B. Bằng chứng trong bài: „Text/Beitrag B“. Yêu cầu trong tình huống được đáp ứng đúng ở mục này.","rewritten","de_len_anomaly|vi_len_anomaly","flagged","","",""
"content/c2/reading/C2-T4-003.json","Q6","c2","matching","4","Die methodologische Annahme, dass interpretation und Theoriebildung bleiben menschliche Aufgaben, prägt die Analyse von:","C","","Text/Beitrag C","Die Textstelle „Text/Beitrag C“ belegt die richtige Antwort (C).","Tình huống này khớp với mục C. Bằng chứng trong bài: „Text/Beitrag C“. Yêu cầu trong tình huống được đáp ứng đúng ở mục này.","rewritten","de_len_anomaly|vi_len_anomaly","flagged","","",""
"content/c2/reading/C2-T4-004.json","Q1","c2","matching","4","Die epistemologische Überzeugung, dass grammatische Unterscheidungen beeinflussen die Wahrnehmung der Welt, manifestiert sich in der Argumentation von:","A","","Text/Beitrag A","Die Textstelle „Text/Beitrag A“ belegt die richtige Antwort (A).","Tình huống này khớp với mục A. Bằng chứng trong bài: „Text/Beitrag A“. Yêu cầu trong tình huống được đáp ứng đúng ở mục này.","rewritten","de_len_anomaly|vi_len_anomaly","flagged","","",""
"content/c2/reading/C2-T4-004.json","Q2","c2","matching","4","Die epistemologische Überzeugung, dass grundlegende kognitive Operationen funktionieren sprachübergreifend, manifestiert sich in der Argumentation von:","B","","Text/Beitrag B","Die Textstelle „Text/Beitrag B“ belegt die richtige Antwort (B).","Tình huống này khớp với mục B. Bằng chứng trong bài: „Text/Beitrag B“. Yêu cầu trong tình huống được đáp ứng đúng ở mục này.","rewritten","de_len_anomaly|vi_len_anomaly","flagged","","",""
"content/c2/reading/C2-T4-004.json","Q3","c2","matching","4","Die methodologische Annahme, dass sprache und Denken sind ko-konstitutiv, nicht kausal getrennt, prägt die Analyse von:","C","","Text/Beitrag C","Die Textstelle „Text/Beitrag C“ belegt die richtige Antwort (C).","Tình huống này khớp với mục C. Bằng chứng trong bài: „Text/Beitrag C“. Yêu cầu trong tình huống được đáp ứng đúng ở mục này.","rewritten","de_len_anomaly|vi_len_anomaly","flagged","","",""
"content/c2/reading/C2-T4-004.json","Q4","c2","matching","4","Die methodologische Annahme, dass Die Übersetzbarkeit hat Grenzen, die auf kognitive Unterschiede hindeuten, prägt die Analyse von:","D","","Text/Beitrag D","Die Textstelle „Text/Beitrag D“ belegt die richtige Antwort (D).","Tình huống này khớp với mục D. Bằng chứng trong bài: „Text/Beitrag D“. Yêu cầu trong tình huống được đáp ứng đúng ở mục này.","rewritten","de_len_anomaly|vi_len_anomaly","flagged","","",""
"content/c2/reading/C2-T4-004.json","Q5","c2","matching","4","Universale Denkstrukturen überwiegen die sprachlichen Unterschiede.","B","","Text/Beitrag B","Die Textstelle „Text/Beitrag B“ belegt die richtige Antwort (B).","Tình huống này khớp với mục B. Bằng chứng trong bài: „Text/Beitrag B“. Yêu cầu trong tình huống được đáp ứng đúng ở mục này.","rewritten","de_len_anomaly|vi_len_anomaly","flagged","","",""
"content/c2/reading/C2-T4-004.json","Q6","c2","matching","4","Die epistemologische Überzeugung, dass bestimmte Gedanken sind in manchen Sprachen nur über Umwege formulierbar, manifestiert sich in der Argumentation von:","D","","Text/Beitrag D","Die Textstelle „Text/Beitrag D“ belegt die richtige Antwort (D).","Tình huống này khớp với mục D. Bằng chứng trong bài: „Text/Beitrag D“. Yêu cầu trong tình huống được đáp ứng đúng ở mục này.","rewritten","de_len_anomaly|vi_len_anomaly","flagged","","",""
"content/c2/reading/C2-T4-005.json","Q1","c2","matching","4","Die Weltordnung von 1945 entspricht nicht mehr den heutigen Realitäten.","A","","Text/Beitrag A","Die Textstelle „Text/Beitrag A“ belegt die richtige Antwort (A).","Tình huống này khớp với mục A. Bằng chứng trong bài: „Text/Beitrag A“. Yêu cầu trong tình huống được đáp ứng đúng ở mục này.","rewritten","de_len_anomaly|vi_len_anomaly","flagged","","",""
"content/c2/reading/C2-T4-005.json","Q2","c2","matching","4","Die methodologische Annahme, dass multilaterale Institutionen haben historisch zur Friedenssicherung beigetragen, prägt die Analyse von:","B","","Text/Beitrag B","Die Textstelle „Text/Beitrag B“ belegt die richtige Antwort (B).","Tình huống này khớp với mục B. Bằng chứng trong bài: „Text/Beitrag B“. Yêu cầu trong tình huống được đáp ứng đúng ở mục này.","rewritten","de_len_anomaly|vi_len_anomaly","flagged","","",""
"content/c2/reading/C2-T4-005.json","Q3","c2","matching","4","Die epistemologische Überzeugung, dass Die wirkungsvollsten Kooperationen entstehen außerhalb traditioneller Institutionen, manifestiert sich in der Argumentation von:","C","","Text/Beitrag C","Die Textstelle „Text/Beitrag C“ belegt die richtige Antwort (C).","Tình huống này khớp với mục C. Bằng chứng trong bài: „Text/Beitrag C“. Yêu cầu trong tình huống được đáp ứng đúng ở mục này.","rewritten","de_len_anomaly|vi_len_anomaly","flagged","","",""
"content/c2/reading/C2-T4-005.json","Q4","c2","matching","4","Die epistemologische Überzeugung, dass internationale Finanzinstitutionen haben in Entwicklungsländern Schaden angerichtet, manifestiert sich in der Argumentation von:","D","","Text/Beitrag D","Die Textstelle „Text/Beitrag D“ belegt die richtige Antwort (D).","Tình huống này khớp với mục D. Bằng chứng trong bài: „Text/Beitrag D“. Yêu cầu trong tình huống được đáp ứng đúng ở mục này.","rewritten","de_len_anomaly|vi_len_anomaly","flagged","","",""
"content/c2/reading/C2-T4-005.json","Q5","c2","matching","4","Die epistemologische Überzeugung, dass Das Vetorecht blockiert die Reform des Sicherheitsrats, manifestiert sich in der Argumentation von:","A","","Text/Beitrag A","Die Textstelle „Text/Beitrag A“ belegt die richtige Antwort (A).","Tình huống này khớp với mục A. Bằng chứng trong bài: „Text/Beitrag A“. Yêu cầu trong tình huống được đáp ứng đúng ở mục này.","rewritten","de_len_anomaly|vi_len_anomaly","flagged","","",""
"content/c2/reading/C2-T4-005.json","Q6","c2","matching","4","Die methodologische Annahme, dass städtenetzwerke und zivilgesellschaftliche Organisationen sind effektiver, prägt die Analyse von:","C","","Text/Beitrag C","Die Textstelle „Text/Beitrag C“ belegt die richtige Antwort (C).","Tình huống này khớp với mục C. Bằng chứng trong bài: „Text/Beitrag C“. Yêu cầu trong tình huống được đáp ứng đúng ở mục này.","rewritten","de_len_anomaly|vi_len_anomaly","flagged","","",""
"content/c2/reading/C2-T4-006.json","Q1","c2","matching","4","Die methodologische Annahme, dass Ein paradigmatischer Wandel ist unausweichlich, prägt die Analyse von:","A","","Text/Beitrag A","Die Textstelle „Text/Beitrag A“ belegt die richtige Antwort (A).","Tình huống này khớp với mục A. Bằng chứng trong bài: „Text/Beitrag A“. Yêu cầu trong tình huống được đáp ứng đúng ở mục này.","rewritten","de_len_anomaly|vi_len_anomaly","flagged","","",""
"content/c2/reading/C2-T4-006.json","Q2","c2","matching","4","Die methodologische Annahme, dass bewährte Ansätze bieten nach wie vor tragfähige Grundlagen, prägt die Analyse von:","B","","Text/Beitrag B","Die Textstelle „Text/Beitrag B“ belegt die richtige Antwort (B).","Tình huống này khớp với mục B. Bằng chứng trong bài: „Text/Beitrag B“. Yêu cầu trong tình huống được đáp ứng đúng ở mục này.","rewritten","de_len_anomaly|vi_len_anomaly","flagged","","",""
"content/c2/reading/C2-T4-006.json","Q3","c2","matching","4","Weder radikale Erneuerung noch bloße Bewahrung genügen.","C","","Text/Beitrag C","Die Textstelle „Text/Beitrag C“ belegt die richtige Antwort (C).","Tình huống này khớp với mục C. Bằng chứng trong bài: „Text/Beitrag C“. Yêu cầu trong tình huống được đáp ứng đúng ở mục này.","rewritten","de_len_anomaly|vi_len_anomaly","flagged","","",""
"content/c2/reading/C2-T4-006.json","Q4","c2","matching","4","Die epistemologische Überzeugung, dass Die akademische Debatte vernachlässigt die praktischen Implikationen, manifestiert sich in der Argumentation von:","D","","Text/Beitrag D","Die Textstelle „Text/Beitrag D“ belegt die richtige Antwort (D).","Tình huống này khớp với mục D. Bằng chứng trong bài: „Text/Beitrag D“. Yêu cầu trong tình huống được đáp ứng đúng ở mục này.","rewritten","de_len_anomaly|vi_len_anomaly","flagged","","",""
"content/c2/reading/C2-T4-006.json","Q5","c2","matching","4","Die epistemologische Überzeugung, dass bestehende Strukturen reichen nicht mehr aus, manifestiert sich in der Argumentation von:","A","","Text/Beitrag A","Die Textstelle „Text/Beitrag A“ belegt die richtige Antwort (A).","Tình huống này khớp với mục A. Bằng chứng trong bài: „Text/Beitrag A“. Yêu cầu trong tình huống được đáp ứng đúng ở mục này.","rewritten","de_len_anomaly|vi_len_anomaly","flagged","","",""
"content/c2/reading/C2-T4-006.json","Q6","c2","matching","4","Die methodologische Annahme, dass Die produktivsten Entwicklungen verbinden Tradition und neue Erkenntnisse, prägt die Analyse von:","C","","Text/Beitrag C","Die Textstelle „Text/Beitrag C“ belegt die richtige Antwort (C).","Tình huống này khớp với mục C. Bằng chứng trong bài: „Text/Beitrag C“. Yêu cầu trong tình huống được đáp ứng đúng ở mục này.","rewritten","de_len_anomaly|vi_len_anomaly","flagged","","",""
"content/c2/reading/C2-T4-007.json","Q1","c2","matching","4","Die epistemologische Überzeugung, dass Ein paradigmatischer Wandel ist unausweichlich, manifestiert sich in der Argumentation von:","A","","Text/Beitrag A","Die Textstelle „Text/Beitrag A“ belegt die richtige Antwort (A).","Tình huống này khớp với mục A. Bằng chứng trong bài: „Text/Beitrag A“. Yêu cầu trong tình huống được đáp ứng đúng ở mục này.","rewritten","de_len_anomaly|vi_len_anomaly","flagged","","",""
"content/c2/reading/C2-T4-007.json","Q2","c2","matching","4","Die epistemologische Überzeugung, dass bewährte Ansätze bieten nach wie vor tragfähige Grundlagen, manifestiert sich in der Argumentation von:","B","","Text/Beitrag B","Die Textstelle „Text/Beitrag B“ belegt die richtige Antwort (B).","Tình huống này khớp với mục B. Bằng chứng trong bài: „Text/Beitrag B“. Yêu cầu trong tình huống được đáp ứng đúng ở mục này.","rewritten","de_len_anomaly|vi_len_anomaly","flagged","","",""
"content/c2/reading/C2-T4-007.json","Q3","c2","matching","4","Die methodologische Annahme, dass weder radikale Erneuerung noch bloße Bewahrung genügen, prägt die Analyse von:","C","","Text/Beitrag C","Die Textstelle „Text/Beitrag C“ belegt die richtige Antwort (C).","Tình huống này khớp với mục C. Bằng chứng trong bài: „Text/Beitrag C“. Yêu cầu trong tình huống được đáp ứng đúng ở mục này.","rewritten","de_len_anomaly|vi_len_anomaly","flagged","","",""
"content/c2/reading/C2-T4-007.json","Q4","c2","matching","4","Die epistemologische Überzeugung, dass Die akademische Debatte vernachlässigt die praktischen Implikationen, manifestiert sich in der Argumentation von:","D","","Text/Beitrag D","Die Textstelle „Text/Beitrag D“ belegt die richtige Antwort (D).","Tình huống này khớp với mục D. Bằng chứng trong bài: „Text/Beitrag D“. Yêu cầu trong tình huống được đáp ứng đúng ở mục này.","rewritten","de_len_anomaly|vi_len_anomaly","flagged","","",""
"content/c2/reading/C2-T4-007.json","Q5","c2","matching","4","Die epistemologische Überzeugung, dass bestehende Strukturen reichen nicht mehr aus, manifestiert sich in der Argumentation von:","A","","Text/Beitrag A","Die Textstelle „Text/Beitrag A“ belegt die richtige Antwort (A).","Tình huống này khớp với mục A. Bằng chứng trong bài: „Text/Beitrag A“. Yêu cầu trong tình huống được đáp ứng đúng ở mục này.","rewritten","de_len_anomaly|vi_len_anomaly","flagged","","",""
"content/c2/reading/C2-T4-007.json","Q6","c2","matching","4","Die produktivsten Entwicklungen verbinden Tradition und neue Erkenntnisse.","C","","Text/Beitrag C","Die Textstelle „Text/Beitrag C“ belegt die richtige Antwort (C).","Tình huống này khớp với mục C. Bằng chứng trong bài: „Text/Beitrag C“. Yêu cầu trong tình huống được đáp ứng đúng ở mục này.","rewritten","de_len_anomaly|vi_len_anomaly","flagged","","",""
"content/c2/reading/C2-T4-008.json","Q1","c2","matching","4","Die epistemologische Überzeugung, dass Ein paradigmatischer Wandel ist unausweichlich, manifestiert sich in der Argumentation von:","A","","Text/Beitrag A","Die Textstelle „Text/Beitrag A“ belegt die richtige Antwort (A).","Tình huống này khớp với mục A. Bằng chứng trong bài: „Text/Beitrag A“. Yêu cầu trong tình huống được đáp ứng đúng ở mục này.","rewritten","de_len_anomaly|vi_len_anomaly","flagged","","",""
"content/c2/reading/C2-T4-008.json","Q2","c2","matching","4","Die epistemologische Überzeugung, dass bewährte Ansätze bieten nach wie vor tragfähige Grundlagen, manifestiert sich in der Argumentation von:","B","","Text/Beitrag B","Die Textstelle „Text/Beitrag B“ belegt die richtige Antwort (B).","Tình huống này khớp với mục B. Bằng chứng trong bài: „Text/Beitrag B“. Yêu cầu trong tình huống được đáp ứng đúng ở mục này.","rewritten","de_len_anomaly|vi_len_anomaly","flagged","","",""
"content/c2/reading/C2-T4-008.json","Q3","c2","matching","4","Die epistemologische Überzeugung, dass weder radikale Erneuerung noch bloße Bewahrung genügen, manifestiert sich in der Argumentation von:","C","","Text/Beitrag C","Die Textstelle „Text/Beitrag C“ belegt die richtige Antwort (C).","Tình huống này khớp với mục C. Bằng chứng trong bài: „Text/Beitrag C“. Yêu cầu trong tình huống được đáp ứng đúng ở mục này.","rewritten","de_len_anomaly|vi_len_anomaly","flagged","","",""
"content/c2/reading/C2-T4-008.json","Q4","c2","matching","4","Die methodologische Annahme, dass Die akademische Debatte vernachlässigt die praktischen Implikationen, prägt die Analyse von:","D","","Text/Beitrag D","Die Textstelle „Text/Beitrag D“ belegt die richtige Antwort (D).","Tình huống này khớp với mục D. Bằng chứng trong bài: „Text/Beitrag D“. Yêu cầu trong tình huống được đáp ứng đúng ở mục này.","rewritten","de_len_anomaly|vi_len_anomaly","flagged","","",""
"content/c2/reading/C2-T4-008.json","Q5","c2","matching","4","Bestehende Strukturen reichen nicht mehr aus.","A","","Text/Beitrag A","Die Textstelle „Text/Beitrag A“ belegt die richtige Antwort (A).","Tình huống này khớp với mục A. Bằng chứng trong bài: „Text/Beitrag A“. Yêu cầu trong tình huống được đáp ứng đúng ở mục này.","rewritten","de_len_anomaly|vi_len_anomaly","flagged","","",""
"content/c2/reading/C2-T4-008.json","Q6","c2","matching","4","Die epistemologische Überzeugung, dass Die produktivsten Entwicklungen verbinden Tradition und neue Erkenntnisse, manifestiert sich in der Argumentation von:","C","","Text/Beitrag C","Die Textstelle „Text/Beitrag C“ belegt die richtige Antwort (C).","Tình huống này khớp với mục C. Bằng chứng trong bài: „Text/Beitrag C“. Yêu cầu trong tình huống được đáp ứng đúng ở mục này.","rewritten","de_len_anomaly|vi_len_anomaly","flagged","","",""
"content/c2/reading/C2-T4-009.json","Q1","c2","matching","4","Ein paradigmatischer Wandel ist unausweichlich.","A","","Text/Beitrag A","Die Textstelle „Text/Beitrag A“ belegt die richtige Antwort (A).","Tình huống này khớp với mục A. Bằng chứng trong bài: „Text/Beitrag A“. Yêu cầu trong tình huống được đáp ứng đúng ở mục này.","rewritten","de_len_anomaly|vi_len_anomaly","flagged","","",""
"content/c2/reading/C2-T4-009.json","Q2","c2","matching","4","Die methodologische Annahme, dass bewährte Ansätze bieten nach wie vor tragfähige Grundlagen, prägt die Analyse von:","B","","Text/Beitrag B","Die Textstelle „Text/Beitrag B“ belegt die richtige Antwort (B).","Tình huống này khớp với mục B. Bằng chứng trong bài: „Text/Beitrag B“. Yêu cầu trong tình huống được đáp ứng đúng ở mục này.","rewritten","de_len_anomaly|vi_len_anomaly","flagged","","",""
"content/c2/reading/C2-T4-009.json","Q3","c2","matching","4","Die methodologische Annahme, dass weder radikale Erneuerung noch bloße Bewahrung genügen, prägt die Analyse von:","C","","Text/Beitrag C","Die Textstelle „Text/Beitrag C“ belegt die richtige Antwort (C).","Tình huống này khớp với mục C. Bằng chứng trong bài: „Text/Beitrag C“. Yêu cầu trong tình huống được đáp ứng đúng ở mục này.","rewritten","de_len_anomaly|vi_len_anomaly","flagged","","",""
"content/c2/reading/C2-T4-009.json","Q4","c2","matching","4","Die methodologische Annahme, dass Die akademische Debatte vernachlässigt die praktischen Implikationen, prägt die Analyse von:","D","","Text/Beitrag D","Die Textstelle „Text/Beitrag D“ belegt die richtige Antwort (D).","Tình huống này khớp với mục D. Bằng chứng trong bài: „Text/Beitrag D“. Yêu cầu trong tình huống được đáp ứng đúng ở mục này.","rewritten","de_len_anomaly|vi_len_anomaly","flagged","","",""
"content/c2/reading/C2-T4-009.json","Q5","c2","matching","4","Die methodologische Annahme, dass bestehende Strukturen reichen nicht mehr aus, prägt die Analyse von:","A","","Text/Beitrag A","Die Textstelle „Text/Beitrag A“ belegt die richtige Antwort (A).","Tình huống này khớp với mục A. Bằng chứng trong bài: „Text/Beitrag A“. Yêu cầu trong tình huống được đáp ứng đúng ở mục này.","rewritten","de_len_anomaly|vi_len_anomaly","flagged","","",""
"content/c2/reading/C2-T4-009.json","Q6","c2","matching","4","Die methodologische Annahme, dass Die produktivsten Entwicklungen verbinden Tradition und neue Erkenntnisse, prägt die Analyse von:","C","","Text/Beitrag C","Die Textstelle „Text/Beitrag C“ belegt die richtige Antwort (C).","Tình huống này khớp với mục C. Bằng chứng trong bài: „Text/Beitrag C“. Yêu cầu trong tình huống được đáp ứng đúng ở mục này.","rewritten","de_len_anomaly|vi_len_anomaly","flagged","","",""
"content/c2/reading/C2-T4-010.json","Q1","c2","matching","4","Ein paradigmatischer Wandel ist unausweichlich.","A","","Text/Beitrag A","Die Textstelle „Text/Beitrag A“ belegt die richtige Antwort (A).","Tình huống này khớp với mục A. Bằng chứng trong bài: „Text/Beitrag A“. Yêu cầu trong tình huống được đáp ứng đúng ở mục này.","rewritten","de_len_anomaly|vi_len_anomaly","flagged","","",""
"content/c2/reading/C2-T4-010.json","Q2","c2","matching","4","Die methodologische Annahme, dass bewährte Ansätze bieten nach wie vor tragfähige Grundlagen, prägt die Analyse von:","B","","Text/Beitrag B","Die Textstelle „Text/Beitrag B“ belegt die richtige Antwort (B).","Tình huống này khớp với mục B. Bằng chứng trong bài: „Text/Beitrag B“. Yêu cầu trong tình huống được đáp ứng đúng ở mục này.","rewritten","de_len_anomaly|vi_len_anomaly","flagged","","",""
"content/c2/reading/C2-T4-010.json","Q3","c2","matching","4","Die methodologische Annahme, dass weder radikale Erneuerung noch bloße Bewahrung genügen, prägt die Analyse von:","C","","Text/Beitrag C","Die Textstelle „Text/Beitrag C“ belegt die richtige Antwort (C).","Tình huống này khớp với mục C. Bằng chứng trong bài: „Text/Beitrag C“. Yêu cầu trong tình huống được đáp ứng đúng ở mục này.","rewritten","de_len_anomaly|vi_len_anomaly","flagged","","",""
"content/c2/reading/C2-T4-010.json","Q4","c2","matching","4","Die epistemologische Überzeugung, dass Die akademische Debatte vernachlässigt die praktischen Implikationen, manifestiert sich in der Argumentation von:","D","","Text/Beitrag D","Die Textstelle „Text/Beitrag D“ belegt die richtige Antwort (D).","Tình huống này khớp với mục D. Bằng chứng trong bài: „Text/Beitrag D“. Yêu cầu trong tình huống được đáp ứng đúng ở mục này.","rewritten","de_len_anomaly|vi_len_anomaly","flagged","","",""
"content/c2/reading/C2-T4-010.json","Q5","c2","matching","4","Die methodologische Annahme, dass bestehende Strukturen reichen nicht mehr aus, prägt die Analyse von:","A","","Text/Beitrag A","Die Textstelle „Text/Beitrag A“ belegt die richtige Antwort (A).","Tình huống này khớp với mục A. Bằng chứng trong bài: „Text/Beitrag A“. Yêu cầu trong tình huống được đáp ứng đúng ở mục này.","rewritten","de_len_anomaly|vi_len_anomaly","flagged","","",""
"content/c2/reading/C2-T4-010.json","Q6","c2","matching","4","Die methodologische Annahme, dass Die produktivsten Entwicklungen verbinden Tradition und neue Erkenntnisse, prägt die Analyse von:","C","","Text/Beitrag C","Die Textstelle „Text/Beitrag C“ belegt die richtige Antwort (C).","Tình huống này khớp với mục C. Bằng chứng trong bài: „Text/Beitrag C“. Yêu cầu trong tình huống được đáp ứng đúng ở mục này.","rewritten","de_len_anomaly|vi_len_anomaly","flagged","","",""
"content/c2/reading/C2-T4-011.json","Q1","c2","matching","4","Die epistemologische Überzeugung, dass Ein paradigmatischer Wandel ist unausweichlich, manifestiert sich in der Argumentation von:","A","","Text/Beitrag A","Die Textstelle „Text/Beitrag A“ belegt die richtige Antwort (A).","Tình huống này khớp với mục A. Bằng chứng trong bài: „Text/Beitrag A“. Yêu cầu trong tình huống được đáp ứng đúng ở mục này.","rewritten","de_len_anomaly|vi_len_anomaly","flagged","","",""
"content/c2/reading/C2-T4-011.json","Q2","c2","matching","4","Die epistemologische Überzeugung, dass bewährte Ansätze bieten nach wie vor tragfähige Grundlagen, manifestiert sich in der Argumentation von:","B","","Text/Beitrag B","Die Textstelle „Text/Beitrag B“ belegt die richtige Antwort (B).","Tình huống này khớp với mục B. Bằng chứng trong bài: „Text/Beitrag B“. Yêu cầu trong tình huống được đáp ứng đúng ở mục này.","rewritten","de_len_anomaly|vi_len_anomaly","flagged","","",""
"content/c2/reading/C2-T4-011.json","Q3","c2","matching","4","Weder radikale Erneuerung noch bloße Bewahrung genügen.","C","","Text/Beitrag C","Die Textstelle „Text/Beitrag C“ belegt die richtige Antwort (C).","Tình huống này khớp với mục C. Bằng chứng trong bài: „Text/Beitrag C“. Yêu cầu trong tình huống được đáp ứng đúng ở mục này.","rewritten","de_len_anomaly|vi_len_anomaly","flagged","","",""
"content/c2/reading/C2-T4-011.json","Q4","c2","matching","4","Die methodologische Annahme, dass Die akademische Debatte vernachlässigt die praktischen Implikationen, prägt die Analyse von:","D","","Text/Beitrag D","Die Textstelle „Text/Beitrag D“ belegt die richtige Antwort (D).","Tình huống này khớp với mục D. Bằng chứng trong bài: „Text/Beitrag D“. Yêu cầu trong tình huống được đáp ứng đúng ở mục này.","rewritten","de_len_anomaly|vi_len_anomaly","flagged","","",""
"content/c2/reading/C2-T4-011.json","Q5","c2","matching","4","Die epistemologische Überzeugung, dass bestehende Strukturen reichen nicht mehr aus, manifestiert sich in der Argumentation von:","A","","Text/Beitrag A","Die Textstelle „Text/Beitrag A“ belegt die richtige Antwort (A).","Tình huống này khớp với mục A. Bằng chứng trong bài: „Text/Beitrag A“. Yêu cầu trong tình huống được đáp ứng đúng ở mục này.","rewritten","de_len_anomaly|vi_len_anomaly","flagged","","",""
"content/c2/reading/C2-T4-011.json","Q6","c2","matching","4","Die epistemologische Überzeugung, dass Die produktivsten Entwicklungen verbinden Tradition und neue Erkenntnisse, manifestiert sich in der Argumentation von:","C","","Text/Beitrag C","Die Textstelle „Text/Beitrag C“ belegt die richtige Antwort (C).","Tình huống này khớp với mục C. Bằng chứng trong bài: „Text/Beitrag C“. Yêu cầu trong tình huống được đáp ứng đúng ở mục này.","rewritten","de_len_anomaly|vi_len_anomaly","flagged","","",""
"content/c2/reading/C2-T4-012.json","Q1","c2","matching","4","Die epistemologische Überzeugung, dass Ein paradigmatischer Wandel ist unausweichlich, manifestiert sich in der Argumentation von:","A","","Text/Beitrag A","Die Textstelle „Text/Beitrag A“ belegt die richtige Antwort (A).","Tình huống này khớp với mục A. Bằng chứng trong bài: „Text/Beitrag A“. Yêu cầu trong tình huống được đáp ứng đúng ở mục này.","rewritten","de_len_anomaly|vi_len_anomaly","flagged","","",""
"content/c2/reading/C2-T4-012.json","Q2","c2","matching","4","Bewährte Ansätze bieten nach wie vor tragfähige Grundlagen.","B","","Text/Beitrag B","Die Textstelle „Text/Beitrag B“ belegt die richtige Antwort (B).","Tình huống này khớp với mục B. Bằng chứng trong bài: „Text/Beitrag B“. Yêu cầu trong tình huống được đáp ứng đúng ở mục này.","rewritten","de_len_anomaly|vi_len_anomaly","flagged","","",""
"content/c2/reading/C2-T4-012.json","Q3","c2","matching","4","Die epistemologische Überzeugung, dass weder radikale Erneuerung noch bloße Bewahrung genügen, manifestiert sich in der Argumentation von:","C","","Text/Beitrag C","Die Textstelle „Text/Beitrag C“ belegt die richtige Antwort (C).","Tình huống này khớp với mục C. Bằng chứng trong bài: „Text/Beitrag C“. Yêu cầu trong tình huống được đáp ứng đúng ở mục này.","rewritten","de_len_anomaly|vi_len_anomaly","flagged","","",""
"content/c2/reading/C2-T4-012.json","Q4","c2","matching","4","Die epistemologische Überzeugung, dass Die akademische Debatte vernachlässigt die praktischen Implikationen, manifestiert sich in der Argumentation von:","D","","Text/Beitrag D","Die Textstelle „Text/Beitrag D“ belegt die richtige Antwort (D).","Tình huống này khớp với mục D. Bằng chứng trong bài: „Text/Beitrag D“. Yêu cầu trong tình huống được đáp ứng đúng ở mục này.","rewritten","de_len_anomaly|vi_len_anomaly","flagged","","",""
"content/c2/reading/C2-T4-012.json","Q5","c2","matching","4","Die methodologische Annahme, dass bestehende Strukturen reichen nicht mehr aus, prägt die Analyse von:","A","","Text/Beitrag A","Die Textstelle „Text/Beitrag A“ belegt die richtige Antwort (A).","Tình huống này khớp với mục A. Bằng chứng trong bài: „Text/Beitrag A“. Yêu cầu trong tình huống được đáp ứng đúng ở mục này.","rewritten","de_len_anomaly|vi_len_anomaly","flagged","","",""
"content/c2/reading/C2-T4-012.json","Q6","c2","matching","4","Die methodologische Annahme, dass Die produktivsten Entwicklungen verbinden Tradition und neue Erkenntnisse, prägt die Analyse von:","C","","Text/Beitrag C","Die Textstelle „Text/Beitrag C“ belegt die richtige Antwort (C).","Tình huống này khớp với mục C. Bằng chứng trong bài: „Text/Beitrag C“. Yêu cầu trong tình huống được đáp ứng đúng ở mục này.","rewritten","de_len_anomaly|vi_len_anomaly","flagged","","",""
